tree
version=v4
num_class=1
num_tree_per_iteration=1
label_index=0
max_feature_idx=14
objective=binary sigmoid:1
feature_names=name_sort_ratio name_set_ratio name_ratio name_partial tok_jaccard len_diff addr_missing addr_sort_ratio addr_set_ratio addr_ratio addr_partial num_jaccard max_sim prod_sim is_s2
feature_infos=[0:1] [0:1] [0:1] [0:1] [0:1] [0:0.97368421052631582] [0:1] [0:1] [0:1] [0:1] [0:1] [0:1] [0.28947368421052633:1] [0:1] [0:1]
tree_sizes=3408 3428 3449 3456 3452 3474 3470 3468 3474 3484 3498 3503 3494 3488 3479 3489 3485 3483 3475 3517 3514 3523 3483 3510 3489 3483 3503 3506 3512 3506 3527 3507 3509 3513 3511 3518 3508 3509 3501 3520 3513 3521 3517 3498 3515 3519 3524 3514 3552 3531 3556 3559 3522 3535 3537 3526 3536 3552 3531 3520 3520 3534 3550 3535 3538 3524 3519 3562 3545 3524 3548 3548 3520 3510 3558 3510 3556 3507 3547 3534 3531 3558 3528 3522 3506 3570 3534 3576 3499 3540 3532 3566 3566 3511 3570 3533 3621 3539 3565 3532 3537 3562 3576 3522 3510 3537 3534 3536 3506 3531 3550 3503 3553 3525 3568 3513 3539 3658 3526 3537 3547 3541 3536 3529 3557 3543 3548 3499 3547 3561 3514 3541 3500 3494 3580 3504 3495 3573 3570 3534 3578 3546 3553 3547 3521 3545 3578 3538 3548 3575

Tree=0
num_leaves=31
num_cat=0
split_feature=13 11 8 8 3 8 7 8 6 13 11 0 5 14 10 8 10 4 3 0 3 1 8 0 3 8 3 1 4 11
split_gain=3.47082e+06 460523 141629 57227 151439 13227.3 12435.7 12609.9 11189.7 7205.11 51754.9 6677.72 6224.57 4853.56 4611.5 3403.15 3277.81 1944.56 1857.1 1686.83 1600.15 1400.77 1319.64 1178.06 1047.2 1004.57 36269 962.63 739.653 701.532
threshold=0.59383018303113244 0.45000000000000007 0.97590011614401873 0.97590011614401873 0.69309262166405039 0.99629629629629635 0.92549648451955113 0.73375527426160347 1.0000000180025095e-35 0.50588561141116206 0.45000000000000007 0.87298335467349564 0.12660256410256412 1.0000000180025095e-35 0.99593495934959353 0.74115688722430317 0.97259759759759767 0.19090909090909094 0.65345368916797508 0.90219990435198483 0.81530214424951286 0.23132664437012271 0.61311827956989262 0.56465997770345611 0.93440860215053778 0.8257418909592823 0.82972848596410509 0.87841832963784194 0.11805555555555557 0.87500000000000011
decision_type=2 2 2 2 2 2 2 2 2 2 2 2 2 2 2 2 2 2 2 2 2 2 2 2 2 2 2 2 2 2
left_child=3 2 6 8 18 14 7 -2 9 25 15 24 -9 -13 16 -11 -4 -8 21 -19 28 29 -12 -23 -10 -1 -27 -3 -6 -5
right_child=1 27 5 4 20 -7 17 12 11 10 22 13 -14 -15 -16 -17 -18 19 -20 -21 -22 23 -24 -25 -26 26 -28 -29 -30 -31
leaf_value=-4.2443390419571099 -3.9374296867520342 0.69093455807682425 -0.34896622735706151 -4.0279013528660803 0.32079744547415956 1.0434419663703212 0.8193277557814751 -1.9738633147367102 -4.2138354871952171 -4.2216160851492539 -2.8924838751796962 -3.1805268731175524 -3.0757580482608819 -3.85722063911901 1.0319542367167465 -3.0944747375410673 -1.7623373779710936 -3.8959278661150809 -1.9672892138742957 -3.318795288266025 0.99565044192033536 -4.0886992796330484 0.49558395607665329 -0.30374012731880429 -3.9224880188909181 -4.2181614356117274 -0.019785368434831696 1.0244292438846392 -1.592167698728328 -3.4133041368006101
leaf_weight=73639.827212881297 34.094271848909557 59.533031959086657 22.136395875364542 17.703084984794259 3.1364920586347571 65.745698921382427 0.66348870471119781 129.00331520009786 361.55610620137304 213.82431438192725 0.76904372591525572 89.224151494912803 44.00136455334723 282.97793255932629 8.414243118837474 18.638000886887312 19.980057585053146 49.987842184491456 2.9856991712003937 92.179692088626325 45.660086315125227 187.04349757358432 16.994358413852751 0.52777510602027078 101.01615529228002 1089.6294046007097 13.33009124919772 796.71422075945884 2.2015761565417051 36.175213695503771
leaf_count=4883508 2261 3948 1468 1174 208 4360 44 8555 23977 14180 51 5917 2918 18766 558 1236 1325 3315 198 6113 3028 12404 1127 35 6699 72260 884 52835 146 2399
internal_value=-4.16361 -0.100335 -2.12352 -4.2342 -3.12294 0.295404 -2.92729 -2.53124 -4.23853 -4.24177 -3.8132 -3.94725 -2.25412 -3.695 -0.677872 -4.13125 -1.01947 -3.50156 -3.95026 -3.52172 0.84243 -3.97478 0.348902 -4.07805 -4.15021 -4.2432 -4.16742 1.00124 -0.468166 -3.61525
internal_weight=77445.7 1322.45 466.206 76123.2 295.433 116.276 349.93 207.099 75827.8 74993 250.226 834.774 173.005 372.202 50.5307 232.462 42.1165 142.831 244.435 142.168 50.9982 241.45 17.7634 187.571 462.572 74742.8 1102.96 856.247 5.33807 53.8783
internal_count=5135897 87700 30917 5048197 19592 7711 23206 13734 5028605 4973246 16594 55359 11473 24683 3351 15416 2793 9472 16210 9428 3382 16012 1178 12439 30676 4956652 73144 56783 354 3573
is_linear=0
shrinkage=1


Tree=1
num_leaves=31
num_cat=0
split_feature=13 6 8 12 8 11 8 11 14 1 1 8 8 3 8 13 11 3 13 2 4 1 5 5 13 8 8 12 3 11
split_gain=70971.2 8594.36 3516 2812.72 2376.18 2125.68 1966.86 564.732 496.74 483.022 479.553 468.516 343.435 938.1 403.469 251.22 240.102 186.875 183.623 160.508 156.018 142.094 129.089 129.024 123.573 895.873 1943.65 93.1365 125.875 86.1249
threshold=0.47377020983832147 1.0000000180025095e-35 0.96178188899707895 0.8166139695314748 0.63438086303939978 0.45000000000000007 0.97590011614401873 0.22500000000000003 1.0000000180025095e-35 0.9294019933554819 0.24068965517241384 0.73375527426160347 0.81375640520299575 0.62593283582089565 0.8257418909592823 0.93166251556662527 0.87500000000000011 0.49018097805159805 0.98809355067328142 0.9439203354297695 0.64583333333333337 0.89059829059829065 0.46470099667774095 0.44862772695285019 0.50588561141116206 0.8402898550724639 0.8257418909592823 0.90366769774635447 0.96609195402298853 0.18333333333333338
decision_type=2 2 2 2 2 2 2 2 2 2 2 2 2 2 2 2 2 2 2 2 2 2 2 2 2 2 2 2 2 2
left_child=1 2 12 9 29 6 7 15 20 -3 16 -9 -1 -14 -15 -6 -4 22 -8 -11 21 -5 -12 -18 25 26 -7 -10 -29 -2
right_child=4 3 10 8 5 24 18 11 27 19 17 -13 13 14 -16 -17 23 -19 -20 -21 -22 -23 -24 -25 -26 -27 -28 28 -30 -31
leaf_value=-0.080826193142209596 -0.077473399311522778 -0.073593410378060928 0.062446385794030647 0.25538883618660024 0.21314713829993273 3.5890541344616258 0.11141638969593476 1.5762657197906709 0.11118408592908167 0.10888127824122563 -0.015335598298182674 0.35445589179162085 -0.065839019381210867 1.0664365944544809 0.11917700617929336 0.32102565019592327 0.19980235014489683 0.12051917010371518 0.24048525350260466 1.5663358786498729 0.32162785939580191 0.70120752475421921 0.15118370654418736 0.39882286962125807 0.10505606218922468 0.14217075876008009 0.15637147885336919 0.39604967183806788 0.20168406572817379 0.13676209594800376
leaf_weight=67699.335371721536 410.81973140873015 284.42049356736243 29.730858219787478 6.8779907710850265 1055.1915575740859 1.5475988527759899 1423.2571682482958 2.0269563021138302 66.851601235568523 125.65775090642273 150.32718453928828 221.99942007381469 1116.3533951193094 2.9278897214680901 168.02830182760954 158.96749302744865 33.161403924226761 284.82014403119683 74.223683252930641 0.48546765744686027 224.07386606186628 13.66802493855357 37.159993298351765 56.142293620854616 11696.796569284052 129.99605783820152 3.3211889043450356 22.773903004825115 335.10461013950408 12.371166015975176
leaf_count=4855668 28924 19748 1610 373 17822 111 7450 123 3833 7173 9393 3285 78283 210 1565 4689 1217 2977 416 26 6168 405 2323 1816 59397 746 18 1124 16539 199
internal_value=-0.0411804 -0.0749069 -0.0783828 0.149047 0.115697 0.121053 0.181986 0.248805 0.250163 -0.0158058 0.115859 0.365511 -0.0800478 -0.0391142 0.1354 0.227271 0.259363 0.0796916 0.117814 0.11449 0.340974 0.551965 0.0176686 0.32492 0.105934 0.182074 1.24749 0.197861 0.214053 -0.0712106
internal_weight=85848.4 70657.9 69578 1079.91 15190.5 14767.3 2935.67 1438.19 669.35 410.564 591.342 224.026 68986.6 1287.31 170.956 1214.16 119.035 472.307 1497.48 126.143 244.62 20.546 187.487 89.3037 11831.7 134.865 4.86879 424.73 357.879 423.191
internal_count=5133631 5010451 4955062 55389 123180 94057 33785 25919 28442 26947 19336 3408 4935726 80058 1775 22511 4643 14693 7866 7199 6946 778 11716 3033 60272 875 129 21496 17663 29123
is_linear=0
shrinkage=0.08


Tree=2
num_leaves=31
num_cat=0
split_feature=8 6 3 1 8 7 3 11 8 0 1 2 2 14 2 7 0 8 3 5 5 12 9 0 5 0 3 12 3 3
split_gain=60780.6 7300.58 4154.19 1756.92 1182.14 794.526 1618.64 745.486 651.669 609.526 458.946 1152.56 368.73 309.125 255.47 227.248 215.927 145.009 790.012 141.605 138.806 115.02 114.931 85.4239 76.5446 72.2147 70.9992 70.6941 70.0714 67.8714
threshold=0.80576285240464351 1.0000000180025095e-35 0.56465997770345611 0.88303693570451447 0.96178188899707895 0.69852141769949994 0.68496240601503777 0.36666666666666675 0.97590011614401873 0.64461454346637515 0.61938296445338714 0.92084377610693402 0.25158227848101272 1.0000000180025095e-35 0.8402898550724639 0.74736374736374744 0.89039039039039047 0.76689497716894994 0.7593103448275863 0.73746867167919816 0.49528301886792458 0.90990259740259749 0.97182539682539681 0.83457711442786087 0.45889639639639646 0.91024165707710025 0.49018097805159805 0.70051546391752584 0.93440860215053778 0.81120250685468098
decision_type=2 2 2 2 2 2 2 2 2 2 2 2 2 2 2 2 2 2 2 2 2 2 2 2 2 2 2 2 2 2
left_child=1 5 4 23 -2 17 -7 8 9 14 11 -8 21 29 -4 -11 28 -1 -19 26 -12 -6 -10 -3 -23 -24 -14 -20 -15 -5
right_child=2 3 7 13 12 6 10 -9 22 15 20 -13 19 16 -16 -17 -18 18 27 -21 -22 24 25 -25 -26 -27 -28 -29 -30 -31
leaf_value=-0.080309247855200883 -0.067512853248925114 -0.074616388930625416 -0.05268546075432895 0.057800535388747271 0.05569883488940465 -0.078073474118803818 0.61801097552760309 0.10350008221080424 0.09687469475032312 0.31227521119600121 0.11770058096433195 6.1262398146958956 0.0062722060358399766 -0.014893978225354588 0.318731880370826 0.18979229264731498 0.15931157618246952 -0.07891811607581313 0.61852227595909892 0.66344811140976634 0.56319595399352862 0.15006050468077678 0.091560806462150299 0.15487715215140369 0.28338612989328382 0.16674553850750781 0.13304604952086485 0.17792154452815814 0.092139593088346267 0.22976412564539728
leaf_weight=61839.801303337328 1132.3540305010974 258.78594986908138 88.854321043007076 15.32153578661382 29.640576323494315 733.65856950730085 2.390165768563747 11381.445651121438 1073.6177604515105 104.69730009883642 339.61709632538259 0.27064914163202036 183.50843992270529 61.380260713398457 13.676362173631786 1309.4188847616315 450.3553001973778 471.11357358656824 2.401429262943565 2.2521011698991051 4.5358914807438842 44.732572503387928 111.98760167695582 10.814291911199687 71.785398656502366 302.92007851600647 33.422538725659251 79.048193803057075 108.06253900378942 355.82766025699675
leaf_count=4785940 84846 19238 2165 591 1474 56723 169 62358 5530 1001 3017 21 10678 3810 93 18501 18136 36397 186 93 142 1851 694 563 2234 1777 1346 634 5066 8224
internal_value=-0.0405713 -0.0749807 0.0996575 0.115661 -0.0271417 -0.0787668 -0.0107512 0.112858 0.148298 0.185204 0.131664 1.17829 0.0979861 0.164924 -0.00314285 0.198861 0.130348 -0.0799447 -0.0391443 0.032356 0.123572 0.196407 0.110694 -0.0654109 0.232201 0.146452 0.0258042 0.190912 0.0533669 0.222665
internal_weight=80617.7 64733.4 15884.3 1260.55 1497.7 63472.8 1080.47 14386.6 3005.17 1516.65 346.814 2.66081 365.342 990.947 102.531 1414.12 619.798 62392.4 552.563 219.183 344.153 146.159 1488.53 269.6 116.518 414.908 216.931 81.4496 169.443 371.149
internal_count=5133498 4938857 194641 55628 102522 4883229 60072 92119 29761 21760 3349 190 17676 35827 2258 19502 27012 4823157 37217 12117 3159 5559 8001 19801 4085 2471 12024 820 8876 8815
is_linear=0
shrinkage=0.08


Tree=3
num_leaves=31
num_cat=0
split_feature=13 6 8 1 8 11 11 8 3 8 4 1 11 13 14 13 5 1 11 0 8 3 10 5 5 5 4 14 10 1
split_gain=57386.4 6314.55 3430.5 1168.54 779.551 479.99 442.323 339.312 869.668 325.64 299.857 275.332 258.449 175.916 174.148 143.266 135.199 123.765 108.114 95.388 85.8429 79.677 79.0041 141.12 78.3019 74.5271 58.9962 57.842 53.5295 52.6006
threshold=0.50588561141116206 1.0000000180025095e-35 0.92990501146413374 0.88303693570451447 0.65895721925133699 0.36666666666666675 0.70833333333333337 0.80576285240464351 0.65345368916797508 0.97590011614401873 0.11805555555555557 0.85934065934065951 0.36666666666666675 0.59383018303113244 1.0000000180025095e-35 0.98809355067328142 0.11834733893557424 0.21483516483516485 0.29166666666666669 0.82842724978973936 0.99629629629629635 0.49018097805159805 0.87206764866339348 0.57735042735042741 0.7154761904761906 0.03509852216748769 0.78888888888888908 1.0000000180025095e-35 0.75123762376237635 0.97590011614401873
decision_type=2 2 2 2 2 2 2 2 2 2 2 2 2 2 2 2 2 2 2 2 2 2 2 2 2 2 2 2 2 2
left_child=1 2 7 19 18 9 20 22 -9 10 13 -12 -10 -6 -5 -11 25 24 28 -3 -4 -19 -1 -24 -8 -16 -18 -20 -2 -7
right_child=4 3 6 14 5 29 17 8 12 15 11 -13 -14 -15 16 -17 26 21 27 -21 -22 -23 23 -25 -26 -27 -28 -29 -30 -31
leaf_value=-0.080584982849219985 -0.070331750081479433 -0.073649893324714166 -0.044144547956185186 0.16690342816777634 0.83472769050462603 0.087832573469355787 0.244307946887072 -0.067697154110451546 -0.026552032466831587 0.099094209521230575 -0.0038322893228967532 0.15710378620566537 0.17786376267515361 0.31878029472320313 0.11927548104587075 0.21425620170944049 0.03501369091163143 0.056929081000824375 0.20643152280388577 0.13680898900890787 0.042411855538814533 0.12479416391261468 0.10714382750449143 1.7825517834420606 0.10365298816393781 0.28713151941844578 0.21308161879521303 -0.092412408871279203 0.79931607072601463 0.1018481101971337
leaf_weight=57996.029004011303 185.9954815255478 238.61350525077432 149.72089537512511 453.50295937433839 5.1282724328339127 2150.621846517548 71.58920396771282 971.49230324290693 55.764604134485126 1374.1042101606727 70.648995462805033 1838.541758146137 136.42840985022485 24.128163933753967 487.36454942636192 72.798595905303955 182.11733843758702 171.21040994953364 15.058716895058753 14.627792115323244 143.72450690530241 313.36719445046037 1.9258194621652358 0.38629674538969982 39.200839593075216 17.537735652178526 12.740894971415399 5.7194328289479008 0.45409317780285974 8436.7360135726631
leaf_count=4863677 14447 19113 9348 8826 88 11491 1674 77638 885 7521 1272 22477 1022 175 16943 403 8711 9246 111 709 5190 2886 139 27 656 707 556 53 25 48103
internal_value=-0.0399684 -0.07344 -0.0773645 0.0941172 0.105101 0.107386 0.0786359 -0.0797082 -0.0369363 0.133607 0.155043 0.151148 0.118553 0.409219 0.128287 0.104888 0.103261 0.118257 -0.0489238 -0.0614933 -0.00175071 0.100816 -0.0805663 0.387063 0.19454 0.125106 0.0466567 0.124171 -0.0682137 0.0990011
internal_weight=75637.3 61457.3 60050.8 1406.5 14179.9 13972.7 888.813 59162 1163.69 3385.35 1938.45 1909.19 192.193 29.2564 1153.26 1446.9 699.761 595.368 207.228 253.241 293.445 484.578 57998.3 2.31212 110.79 504.902 194.858 20.7781 186.45 10587.4
internal_count=5134119 5027953 4972388 55565 106166 91530 29000 4943388 79545 31936 24012 23749 1907 263 35743 7924 26917 14462 14636 19822 14538 12132 4863843 166 2330 17650 9267 164 14472 59594
is_linear=0
shrinkage=0.08


Tree=4
num_leaves=31
num_cat=0
split_feature=8 6 3 8 1 7 3 5 0 8 3 5 4 5 5 7 11 0 11 2 11 14 3 1 4 0 2 2 4 14
split_gain=49477.9 5650.9 3523.65 923.25 855.639 584.492 919.718 202.393 126.92 121.586 1085.52 110.699 96.894 89.3724 87.3783 86.4375 118.445 225.296 82.5504 81.0654 80.0137 66.3309 64.642 62.2205 206.792 318.014 64.6165 61.7049 59.1587 56.7994
threshold=0.7955767350928642 1.0000000180025095e-35 0.58957219251336912 0.96178188899707895 0.88303693570451447 0.70438540332906541 0.68496240601503777 0.45889639639639646 0.15504807692307696 0.72148047997295939 0.75716625716625729 0.10435571687840291 0.78888888888888908 0.51564027370478993 0.03509852216748769 0.78601953601953622 0.36666666666666675 0.70678733031674212 0.29166666666666669 0.8447574334898279 0.63333333333333341 1.0000000180025095e-35 0.99253731343283602 0.90070422535211281 0.10555555555555557 0.77581480353335375 0.20761494252873566 0.8402898550724639 0.13392857142857145 1.0000000180025095e-35
decision_type=2 2 2 2 2 2 2 2 2 2 2 2 2 2 2 2 2 2 2 2 2 2 2 2 2 2 2 2 2 2
left_child=1 5 3 -2 19 9 -7 8 -5 -1 -11 14 22 28 21 16 17 27 -19 -3 -9 -6 -13 24 26 -26 -17 -4 -8 -15
right_child=2 4 15 7 11 6 13 20 -10 10 -12 12 -14 29 -16 23 -18 18 -20 -21 -22 -23 -24 -25 25 -27 -28 -29 -30 -31
leaf_value=-0.080394518859558187 -0.06486482971897102 -0.072511908418859655 -0.065345452735542792 0.2820635051861991 0.13736585489237768 -0.077073437866753511 0.29481343002438293 0.033011639490949034 0.0134988575630508 -0.079811193867344893 0.13394743255483374 -0.0041650234861737977 0.22550410453692732 0.66576174537423127 0.23953188587503563 -0.06617456657663337 0.10484762599409847 0.16807349963231885 0.28416495180081958 0.13800785133848256 0.16178457118478157 0.094006222328906527 0.075802728410132386 0.10154348674461749 -0.016324043300506307 0.091073708562326064 0.1184876612404126 0.24065818405887748 0.089524945110622534 0.13871561068779073
leaf_weight=51699.340438454412 1109.7284407373518 226.83641137927771 31.54052632022649 11.797540942206977 384.92740967869759 490.14294815063477 9.283926638774572 39.042042456567287 248.06646648049355 1539.717614707537 168.70425442699343 94.383613685145974 21.752601863816381 2.9024653136730194 35.661342658102512 12.336980002932249 688.90790074598044 245.45289251022041 46.651886433362961 12.343600151129065 147.73953662440181 546.21071905922145 205.66457203775644 11123.818640686572 260.08756151236594 548.7619118578732 713.85776196420193 4.868390434421598 278.08853156585246 2.3831853438168755
leaf_count=4684967 94564 19275 862 297 5304 44149 86 1923 11884 139278 2177 4742 669 72 817 172 4659 1794 309 562 3774 16974 7142 74191 2253 3230 4453 32 2458 81
internal_value=-0.0394865 -0.074417 0.0882831 -0.0257748 0.0773164 -0.0786948 -0.0100679 0.0713476 0.0256914 -0.0797006 -0.0587028 0.10311 0.0624676 0.102153 0.116638 0.101263 0.123697 0.163225 0.186614 -0.0616474 0.134868 0.111931 0.050648 0.09946 0.0843618 0.0565397 0.115351 -0.0244284 0.096157 0.428128
internal_weight=70951 55718.3 15232.7 1556.37 1527.78 54190.6 782.801 446.646 259.864 53407.8 1708.42 1288.6 321.801 292.658 966.799 13676.3 1017.42 328.514 292.105 239.18 186.782 931.138 300.048 12658.9 1535.04 808.849 726.195 36.4089 287.372 5.28565
internal_count=5133150 4928753 204397 112442 55485 4873268 46846 17878 12181 4826422 141455 35648 12553 2697 23095 91955 7656 2997 2103 19837 5697 22278 11884 84299 10108 5483 4625 894 2544 153
is_linear=0
shrinkage=0.08


Tree=5
num_leaves=31
num_cat=0
split_feature=13 7 8 8 1 11 8 3 8 1 2 4 0 5 3 4 2 11 3 0 14 11 2 10 3 12 11 4 8 3
split_gain=46653.2 5271.11 2384.13 1315.18 659.186 263.354 245.041 621.227 179.532 89.4597 198.528 216.391 149.814 84.5985 87.4681 83.3531 72.3466 67.9008 66.5138 58.8766 55.9995 50.8439 51.5904 50.7648 49.0886 48.2752 90.6766 157.187 38.1937 37.0493
threshold=0.47377020983832147 1.0000000180025095e-35 0.92990501146413374 0.63202878992352685 0.88303693570451447 0.63333333333333341 0.80576285240464351 0.65345368916797508 0.8257418909592823 0.9294019933554819 0.83047895500725699 0.10555555555555557 0.76253132832080206 0.407785336356765 0.49018097805159805 0.41428571428571431 0.45773809523809533 0.18333333333333338 0.80277777777777792 0.82842724978973936 1.0000000180025095e-35 0.45000000000000007 0.92907444668008055 0.87206764866339348 0.7653316645807261 0.90990259740259749 0.45000000000000007 0.94444444444444453 0.99629629629629635 0.28831168831168835
decision_type=2 2 2 2 2 2 2 2 2 2 2 2 2 2 2 2 2 2 2 2 2 2 2 2 2 2 2 2 2 2
left_child=1 4 6 17 19 16 23 -8 -9 10 11 -5 -13 14 -7 -6 28 -2 -17 -1 -20 22 -12 -3 -25 26 27 -11 -4 -15
right_child=3 2 5 9 15 13 7 8 -10 25 21 12 -14 29 -16 18 -18 -19 20 -21 -22 -23 -24 24 -26 -27 -28 -29 -30 -31
leaf_value=-0.071573655423283186 -0.076614720454370691 -0.080515835494021318 -0.058971122177413071 0.10756913394602741 -0.059339754615582802 0.014709471275615062 -0.066505665451493584 0.41473271601485684 0.086175366697874373 0.14487090909224298 0.11608328760983572 -0.029517414381227697 0.061570210848913585 0.18678115693905584 0.12450737384712164 0.0029496756582520229 0.08977367511828814 0.13327247945539347 0.11363638862098878 0.080618011439399478 0.080462390442129966 0.093555607959520726 0.21624437110880212 0.0068603943368280833 0.6016567201140488 0.097696964154979193 0.098225402837288533 0.46695021385709401 0.0082078849207179849 0.1033980146339647
leaf_weight=206.11718794796616 301.62104078289121 49381.352983368561 115.97024360857904 245.55498769972473 24.101338957436383 149.1307350024581 855.7016182038933 11.562385023571549 133.98438149504364 241.77571465726942 138.08422960247844 238.30353179294616 224.36277424450964 38.316067832522094 67.43024402949959 53.160265630111098 39.751970584504306 10.198214559815822 555.54110722802579 17.662279354408383 787.02195930667222 908.57567463256419 43.210804938338697 2.6744833141565314 1.3294443553313611 10877.13114426937 466.54211664758623 10.102991400286554 101.62818232551217 310.22383454907686
leaf_count=19003 28830 4848120 8922 1487 1034 7135 77754 378 1254 3412 1216 2167 1606 627 861 2292 460 184 8093 718 24377 5281 283 143 16 76218 2777 133 4757 5554
internal_value=-0.0388598 -0.0729668 -0.077493 0.0926677 0.0680537 0.057616 -0.0796984 -0.040517 0.112276 0.0964489 0.0798456 0.0468697 0.0146541 0.0881656 0.0488971 0.0881672 -0.00946594 -0.0697502 0.0907144 -0.0595616 0.0941895 0.101274 0.139956 -0.0804927 0.204354 0.0990236 0.119109 0.15779 -0.0275955 0.112565
internal_weight=66558.1 52852.7 51209.1 13705.5 1643.6 822.451 50386.6 1001.25 145.547 13393.6 1798.09 708.221 462.666 565.101 216.561 1419.82 257.35 311.819 1395.72 223.779 1342.56 1089.87 181.295 49385.4 4.00393 11595.6 718.421 251.879 217.598 348.54
internal_count=5135092 5011498 4955981 123594 55517 28316 4927665 79386 1632 94580 12040 5260 3773 14177 7996 35796 14139 29014 34762 19721 32470 6780 1499 4848279 159 82540 6322 3545 13679 6181
is_linear=0
shrinkage=0.08


Tree=6
num_leaves=31
num_cat=0
split_feature=13 6 8 8 1 8 3 5 3 2 10 1 4 0 5 2 4 3 14 7 10 3 2 2 8 7 8 2 14 7
split_gain=41949.2 4878 2223.38 1138.95 514.339 237.116 603.246 121.47 129.082 105.134 84.3849 81.5879 208.826 290.336 78.8883 74.6298 68.7495 55.0676 49.4348 46.2175 44.55 45.5234 42.4246 50.4356 35.8584 35.4552 42.4103 33.3378 27.8343 25.7711
threshold=0.47377020983832147 1.0000000180025095e-35 0.92990501146413374 0.65895721925133699 0.86425061425061434 0.7955767350928642 0.65345368916797508 0.45368782161234994 0.56465997770345611 0.35767590618336892 0.67669683257918567 0.89059829059829065 0.11805555555555557 0.77581480353335375 0.10435571687840291 0.14415584415584423 0.68333333333333346 0.92031746031746042 1.0000000180025095e-35 0.92549648451955113 0.8426212590299279 0.56465997770345611 0.99295774647887336 0.93908472479901062 0.99629629629629635 0.60331143951833621 0.70750469043151987 0.83047895500725699 1.0000000180025095e-35 0.84356174698795205
decision_type=2 2 2 2 2 2 2 2 2 2 2 2 2 2 2 2 2 2 2 2 2 2 2 2 2 2 2 2 2 2
left_child=1 2 5 10 27 20 -7 8 15 -8 -2 12 -5 24 22 -4 -16 -18 -12 -9 -1 -22 23 -6 -14 26 28 -3 -13 -27
right_child=3 4 7 11 14 6 9 19 -10 -11 18 25 13 -15 16 -17 17 -19 -20 -21 21 -23 -24 -25 -26 29 -28 -29 -30 -31
leaf_value=-0.080447170561754114 -0.069790130477631107 -0.07210595275848701 0.19527371737136068 0.11157470622507246 0.099380736651642737 -0.067201265898888571 -0.060579235623145912 0.035176157559061297 0.10911347533681459 0.1303187554460051 0.21962932812492547 0.1788804236839717 -0.048985585468858388 0.081791908091704141 0.025629489836715608 -0.010655114967719157 0.026315654960141013 0.1674078678092672 -0.044842025834926046 0.096747757089215528 -0.020070336940358723 0.34558987429210869 0.078884829509865931 0.21584776125802521 0.0098288489530270924 0.10146530857082876 0.22519770858154936 0.071593358622139294 -0.037858485348355633 0.091814129843276179
leaf_weight=45521.072849759832 306.82402071915567 183.3803629418835 11.702895344235001 528.32399201579392 99.656063888221979 891.50957815069705 21.430815956555307 102.24271088279784 83.46530990768224 133.3630169313401 10.55385663919151 6.8824297087267015 141.04726760368794 508.38947142940015 306.32852128334343 299.70752257388085 29.309551207348704 44.710705125704408 7.9160719010978928 329.38218841515481 7.8307972913607937 3.0191117962822318 1046.0856128819287 31.261094016954303 125.26486918888986 2182.5427427245304 27.805827208794653 10.949511451646684 8.4456342570483685 9384.5248653441668
leaf_count=4836490 29588 18116 313 3242 2219 87030 455 4041 736 1352 217 138 1686 3290 11137 17318 1170 1033 563 5988 719 69 20962 449 679 15527 298 578 368 67892
internal_value=-0.0383496 -0.072391 -0.0772354 0.0880505 0.0587094 -0.0795433 -0.0418895 0.0528282 0.0207636 0.103889 -0.0597931 0.0917748 0.0727934 0.0463457 0.0740225 -0.00291625 0.0423487 0.11154 0.106279 0.0821628 -0.0804085 0.0816788 0.0842579 0.127191 -0.0213211 0.0939051 0.166301 -0.0640092 0.0594591 0.0936352
internal_weight=62394.9 49156.4 47404.7 13238.5 1751.68 46578.2 1046.3 826.501 394.876 154.794 325.294 12913.2 1303.03 774.702 1557.35 311.41 380.349 74.0203 18.4699 431.625 45531.9 10.8499 1177 130.917 266.312 11610.2 43.1339 194.33 15.3281 11567.1
internal_count=5133663 5010175 4954511 123488 55664 4926115 88837 28396 18367 1807 30368 93120 8897 5655 36970 17631 13340 2203 780 10029 4837278 788 23630 2668 2365 84223 804 18694 506 83419
is_linear=0
shrinkage=0.08


Tree=7
num_leaves=31
num_cat=0
split_feature=13 6 7 8 1 11 8 2 11 11 3 0 11 13 8 2 3 1 2 10 8 5 7 14 8 2 10 3 14 1
split_gain=37821.6 4486.17 2037.17 997.72 398.506 333.86 206.329 450.289 176.597 103.811 86.3953 139.949 81.491 107.017 81.207 69.5729 69.1544 63.8853 68.6209 62.028 135.834 58.1332 53.9854 46.2975 70.84 40.1373 35.083 41.2957 32.7225 28.9376
threshold=0.47377020983832147 1.0000000180025095e-35 0.84356174698795205 0.65895721925133699 0.8447574334898279 0.45000000000000007 0.7955767350928642 0.48934240362811798 0.36666666666666675 0.18333333333333338 0.49018097805159805 0.27639257294429714 0.22500000000000003 0.98809355067328142 0.99629629629629635 0.69804355850867483 0.79205974842767291 0.93440860215053767 0.80901722391084108 0.96039215686274526 0.92990501146413374 0.29679679679679688 0.59299959299959315 1.0000000180025095e-35 0.59906542056074774 0.17467581998474449 0.8426212590299279 0.88416815742397148 1.0000000180025095e-35 0.99295774647887336
decision_type=2 2 2 2 2 2 2 2 2 2 2 2 2 2 2 2 2 2 2 2 2 2 2 2 2 2 2 2 2 2
left_child=1 2 6 9 -3 14 26 29 -9 -2 11 -7 13 19 -4 -6 -17 18 21 22 -21 -14 -5 24 -11 -12 -1 -28 -18 -8
right_child=3 4 5 12 15 10 7 8 -10 23 25 -13 17 -15 -16 16 28 -19 -20 20 -22 -23 -24 -25 -26 -27 27 -29 -30 -31
leaf_value=-0.080339741934454353 -0.071800848288740518 -0.067301970501024488 -0.068154236452411684 0.20756346244989501 -0.011502979506544339 0.080240086282532541 -0.064743277227282611 -0.041969321152315608 0.17429630387119116 0.59972793690167869 -0.042193350114774583 -0.011719582376117553 0.030813420191615912 0.17555359837592235 0.15383240902509196 -0.0412435353188359 0.082671950975504921 0.094061773416453512 0.087990432002797395 0.24196106787878929 0.085547700555814468 0.088092162956527678 0.066232959128380828 -0.051969646422348331 0.11561607921419192 0.10679838707143091 -0.00642710544748525 0.41347277862160703 0.059079055268653508 0.070343227436845734
leaf_weight=42070.559793503024 284.4781700996682 165.98593722004443 173.23921217303723 17.429725173860788 77.128894370980561 267.50408206321299 788.1459783827886 34.96630381513387 78.228857885114849 2.305148906074467 12.088546259328721 175.33620524965227 314.03766473103315 68.322418302297592 11.230491377413271 37.363730029202998 644.457370554097 7688.0692866202444 1002.0336119271815 36.992730216123164 900.96010486595333 177.49611355178058 2281.1670085079968 7.4887505276128641 12.030839653685687 270.74101314041764 8.7522208970040065 1.8087538015097369 904.00074884667993 10.281273400411008
leaf_count=4837159 30257 17385 14310 567 2844 7888 78452 767 824 57 166 10628 2038 378 289 2065 8232 55429 6493 240 7849 1114 18805 135 77 3613 785 19 24732 52
internal_value=-0.0378514 -0.071866 -0.0769801 0.0837439 0.0508966 0.0414606 -0.0794874 -0.0418336 0.107491 -0.058901 0.0658899 0.04383 0.0872431 0.0764708 -0.0546397 0.0626945 0.0663032 0.0911205 0.0759805 0.0743792 0.0917166 0.0514972 0.0673046 0.109245 0.193459 0.10043 -0.0803031 0.0654882 0.0688983 -0.0630038
internal_weight=58524.6 45731.8 43902.9 12792.8 1828.94 910.14 42992.7 911.622 113.195 306.303 725.67 442.84 12486.5 3304.87 184.47 1662.95 1585.82 9181.64 1493.57 3236.55 937.953 491.534 2298.6 21.8247 14.336 282.83 42081.1 10.561 1548.46 798.427
internal_count=5133649 5010210 4954952 123439 55258 36894 4918058 80095 1591 30526 22295 18516 92913 27839 14599 37873 35029 65074 9645 27461 8089 3152 19372 269 134 3779 4837963 804 32964 78504
is_linear=0
shrinkage=0.08


Tree=8
num_leaves=31
num_cat=0
split_feature=13 6 7 8 1 11 8 2 8 11 4 1 10 5 3 1 2 4 8 4 2 0 11 3 2 2 8 2 10 3
split_gain=34329.6 4125.1 1985.73 875.871 340.005 307.949 198.84 435.588 165.932 164.37 101.973 166.217 86.4044 82.8462 102.629 78.5097 84.2954 135.776 60.1005 49.9151 47.9478 44.099 42.4005 33.6072 31.346 30.5589 27.7277 27.0416 26.9676 29.7678
threshold=0.47377020983832147 1.0000000180025095e-35 0.84356174698795205 0.63202878992352685 0.88303693570451447 0.45000000000000007 0.7955767350928642 0.48934240362811798 0.8257418909592823 0.22500000000000003 0.19090909090909094 0.86425061425061434 0.97259759759759767 0.45889639639639646 0.5300120048019209 0.93440860215053767 0.80901722391084108 0.10555555555555557 0.99629629629629635 0.47222222222222227 0.69804355850867483 0.81892697466467967 0.18333333333333338 0.79205974842767291 0.82807881773399028 0.12632978723404256 0.99629629629629635 0.68237250554323736 0.8426212590299279 0.91476997578692509
decision_type=2 2 2 2 2 2 2 2 2 2 2 2 2 2 2 2 2 2 2 2 2 2 2 2 2 2 2 2 2 2
left_child=1 2 6 22 21 18 28 19 -9 10 26 24 -13 14 -7 16 17 -11 27 -8 -6 -3 -2 -22 -12 -15 -5 -4 -1 -30
right_child=3 4 5 9 20 13 7 8 -10 15 11 12 -14 25 -16 -17 -18 -19 -20 -21 23 -23 -24 -25 -26 -27 -28 -29 29 -31
leaf_value=-0.080310859839746271 -0.073795041798639383 -0.07168864409294283 -0.074298655766208657 0.21494764002333383 -0.0081222309137141784 0.0081963245644043701 -0.064899360493764699 0.34523418788835453 0.067434587303131191 0.096959324402009453 -0.067249943070147186 0.0626829298954968 0.094812654830011653 0.014641513629668087 0.11037636233342589 0.092276733790922577 0.085611567852225998 0.0105567121159638 0.11770741541320391 0.15094100118193488 -0.02840842365895627 0.044600526918909554 0.090001480079198753 0.059409992226700459 0.049573192086951393 0.092988295773981697 0.088179533952620626 0.097076844415595678 -0.012689912773446973 0.34680408337493634
leaf_weight=38868.353282399476 243.57501311693341 168.05524290259928 159.82633267343044 37.761680915951729 73.584841780364513 261.42177901230752 742.94353921990842 16.206175212748349 91.20139018446207 192.64766021072865 68.916044710204005 2587.1594080710784 675.54890070483088 34.878035864792764 82.845851392485201 7276.6208156011999 961.74781784042716 294.09169860742986 11.959565220400689 6.9210725612938395 28.381045261397958 23.829727494157851 10.552628956735132 1610.3284786222503 18.684983090497553 368.4870456783101 15.606463149189947 6.1182756815105668 8.8456160696223343 1.7689608596265323
leaf_count=4836275 28794 18794 14412 237 2548 13683 78514 505 1040 1342 1233 22013 5314 586 893 55555 6553 1845 295 35 1467 925 184 31491 212 7216 128 29 788 15
internal_value=-0.0372427 -0.0713482 -0.0767376 0.0799944 0.0437358 0.0391009 -0.0794357 -0.0413251 0.10935 0.0830742 0.0681633 0.0664157 0.0693354 0.0616112 0.0327853 0.088891 0.0718821 0.0447542 -0.0554973 -0.0629072 0.0550523 -0.057247 -0.0669934 0.0578891 -0.042332 0.0862138 0.177877 -0.0679801 -0.080276 0.0472212
internal_weight=54948.9 42566 40661.8 12382.9 1904.18 925.537 39736.2 857.272 107.408 12128.8 3403.68 3350.31 3262.71 747.633 344.268 8725.11 1448.49 486.739 177.904 749.865 1712.29 191.885 254.128 1638.71 87.601 403.365 53.3681 165.945 38879 10.6146
internal_count=5132921 5009511 4954286 123410 55225 37114 4917172 80094 1545 94432 29137 28772 27327 22378 14576 65295 9740 3187 14736 78549 35506 19719 28978 32958 1445 7802 365 14441 4837078 803
is_linear=0
shrinkage=0.08


Tree=9
num_leaves=31
num_cat=0
split_feature=13 6 7 7 11 1 11 3 1 4 1 10 2 1 2 4 7 3 11 11 0 4 10 0 4 4 1 4 2 13
split_gain=31063.6 3967.46 1889.31 642.34 393.463 275.564 239.686 159.406 129.612 106.653 135.109 101.761 99.9216 74.3164 78.6478 84.5739 58.2185 258.906 88.6059 50.8546 42.4151 42.8262 39.121 37.7267 37.2803 36.4456 35.983 31.9802 30.68 29.5629
threshold=0.47377020983832147 1.0000000180025095e-35 0.77125645438898471 0.55291153415453531 0.70833333333333337 0.8447574334898279 0.22500000000000003 0.49018097805159805 0.28759398496240607 0.19090909090909094 0.85934065934065951 0.97259759759759767 0.53694939934473984 0.93440860215053767 0.8402898550724639 0.10555555555555557 0.70991117344553545 0.73765182186234834 0.45000000000000007 0.45000000000000007 0.81120250685468098 0.64583333333333337 0.69282051282051305 0.47140522875816998 0.68333333333333346 0.58571428571428574 0.95040983606557383 0.13392857142857145 0.82807881773399028 0.43087283087283096
decision_type=2 2 2 2 2 2 2 2 2 2 2 2 2 2 2 2 2 2 2 2 2 2 2 2 2 2 2 2 2 2
left_child=1 2 16 22 12 -3 9 8 -6 -5 28 -12 19 14 15 -8 -1 29 -19 -4 25 26 -2 -9 -23 -7 -22 -14 -11 -18
right_child=3 5 4 6 7 20 13 23 -10 10 11 -13 27 -15 -16 -17 17 18 -20 -21 21 24 -24 -25 -26 -27 -28 -29 -30 -31
leaf_value=-0.08011676684514514 -0.067130101275608298 -0.065960445750591443 -0.06769422580548938 0.1680824703761383 0.058734518397218882 -0.025615621927508596 0.088190889870145006 0.092428082039286347 -0.030109524330291931 -0.065871948278123788 0.055140075045534122 0.0899011956911661 0.13622925816653944 0.089777400467203977 0.086312077465712386 0.025630273641848413 -0.071457662417901024 -0.011797772218638366 0.22173584388812004 -0.012909535015176528 0.067906432291667249 0.0045846242925341755 0.17647412005773394 0.17178094929816878 0.052521488695890801 0.039594849186110503 0.15756719594825611 -0.01827757514884398 0.05351875948936434 0.24710681932022902
leaf_weight=35901.293016374577 205.99465368362144 146.48662791866809 269.20992338098586 58.988820363767445 315.26266668643802 84.368892994709313 214.20463466644287 228.82704391423613 157.64128380920738 66.031960827764124 2696.8198857977986 673.60419628769159 26.936132341623306 6866.0879100458696 773.78731375932693 390.26569561194628 484.49302169587463 16.842088548466563 27.174976681359112 181.58458686619997 90.167732037603855 112.4658421613276 4.3073225552216163 46.063418633304536 1352.0621357876807 156.78311980329454 41.985554005019367 12.576784017495809 17.406270704697818 1.8715706411749113
leaf_count=4827784 24950 17505 27112 438 11218 4197 1549 3949 11800 1273 25681 5304 218 55521 5633 2484 60393 313 249 11903 1738 2931 154 409 23063 5365 646 201 228 97
internal_value=-0.0365251 -0.0706175 -0.0764253 0.0764395 0.0207613 0.0396361 0.0789183 0.0572793 0.0291186 0.0614195 0.0595978 0.0620873 -0.0349342 0.0863744 0.0694215 0.0477997 -0.0797281 -0.0534168 0.13238 -0.0456264 0.0480528 0.052776 -0.0621407 0.105725 0.0488403 0.0167805 0.096392 0.0870504 -0.0409655 -0.0702318
internal_weight=51621.6 39654.1 37669.8 11967.5 1238.1 1984.32 11757.2 747.794 472.904 3512.85 3453.86 3370.42 490.307 8244.35 1378.26 604.47 36431.7 530.382 44.0171 450.795 1837.83 1596.68 210.302 274.89 1464.53 241.152 132.153 39.5129 83.4382 486.365
internal_count=5134306 5011091 4955646 123215 66810 55445 98111 27376 23018 32924 32486 30985 39434 65187 9666 4033 4888836 61052 562 39015 37940 28378 25104 4358 25994 9562 2384 419 1501 60490
is_linear=0
shrinkage=0.08


Tree=10
num_leaves=31
num_cat=0
split_feature=13 7 7 8 11 11 1 3 2 2 8 4 1 1 2 4 8 2 11 8 8 11 4 0 4 1 14 3 1 10
split_gain=27984.9 3680.62 1779.29 689.172 319.859 314.571 240.152 134.117 105.615 95.4478 94.581 102.758 118.796 82.1712 79.2294 93.1795 77.6807 239.806 121.866 54.7863 53.8678 44.2987 40.4378 39.104 33.0885 28.4808 26.7264 29.2975 27.9685 25.7557
threshold=0.47377020983832147 1.0000000180025095e-35 0.77125645438898471 0.63202878992352685 0.22500000000000003 0.63333333333333341 0.88303693570451447 0.56465997770345611 0.28759398496240607 0.45773809523809533 0.99629629629629635 0.19090909090909094 0.85934065934065951 0.95040983606557383 0.7435215946843855 0.10555555555555557 0.78979857050032498 0.48934240362811798 0.36666666666666675 0.97590011614401873 0.99629629629629635 0.18333333333333338 0.41428571428571431 0.81892697466467967 0.095454545454545472 0.75716625716625729 1.0000000180025095e-35 0.86729559748427687 0.99295774647887336 0.8426212590299279
decision_type=2 2 2 2 2 2 2 2 2 2 2 2 2 2 2 2 2 2 2 2 2 2 2 2 2 2 2 2 2 2
left_child=1 6 16 21 10 9 23 8 -7 20 11 -5 -13 14 15 -6 29 -18 -19 -9 -4 -2 -8 -1 -11 -16 28 -28 -24 -3
right_child=3 2 5 4 13 7 22 19 -10 24 -12 12 -14 -15 25 -17 17 18 -20 -21 -22 -23 26 -25 -26 -27 27 -29 -30 -31
leaf_value=-0.071488383998926111 -0.073567992628073425 -0.080185055727057558 -0.064763070865036215 0.17606431521726318 0.083540231791062042 0.054532076963988541 -0.062330654858509575 0.16652995252618363 -0.018638040804294237 0.11307419720010362 0.091842239220658511 -0.052967772241873698 0.051365680945535105 0.0883353488654786 0.10307439865759324 -0.0074052417492512946 -0.069494482981823313 -0.048837541009646816 0.17495019746100096 0.077417341177745388 0.0022980261888104034 0.089270869531420022 0.11252697235308383 0.03756881741806789 -0.0061578209317885955 0.070837963195412718 -0.011146556180971309 0.039365936662602401 0.05111050218964043 0.080154304299679305
leaf_weight=148.53754844143987 215.63748823152855 33115.612155815121 301.76925405068323 41.242933192290366 123.48275950178504 362.48365253629163 23.277609690092504 62.832864763215184 193.72757007973269 33.547907896805555 402.16038055717945 71.503540246747434 3010.7958675986156 6320.1273085735738 214.07349049113691 173.27302788291126 482.41673688171431 24.710240892134607 42.119413436856121 148.53133800067008 102.76598665304482 11.249680645763872 50.805994722992182 24.515142815187573 26.792625337839127 971.00941563956439 79.299827595241368 1002.5798839842901 719.41232613474131 6.4129338981583706
leaf_count=18914 28714 4825620 33336 254 967 12450 984 738 13225 787 3531 1326 23930 54122 1549 1133 61077 624 587 1328 4567 197 475 897 404 7350 3156 22759 8114 517
internal_value=-0.0361082 -0.070087 -0.0762035 0.0725579 0.075323 0.0182075 0.0341342 0.0496612 0.029047 -0.0337271 0.0553254 0.0506238 0.0489453 0.0843599 0.0674044 0.030438 -0.0796592 -0.0498197 0.0922048 0.103908 -0.0477272 -0.065494 0.0424551 -0.056039 0.0601324 0.0766612 0.0437721 0.0356635 0.0551617 -0.080154
internal_weight=48506.7 36952.2 34903.7 11554.6 11327.7 1232.45 2048.43 767.575 556.211 464.876 3525.7 3123.54 3082.3 7801.97 1481.84 296.756 33671.3 549.246 66.8297 211.364 404.535 226.887 1875.38 173.053 60.3405 1185.08 1852.1 1081.88 770.218 33122
internal_count=5133632 5010559 4955260 123073 94162 66835 55299 27741 25675 39094 29041 25510 25256 65121 10999 2100 4888425 62288 1211 2066 37903 28911 35488 19811 1191 8899 34504 25915 8589 4826137
is_linear=0
shrinkage=0.08


Tree=11
num_leaves=31
num_cat=0
split_feature=13 6 7 8 11 11 1 8 8 3 8 4 1 1 3 1 2 11 8 4 0 14 2 2 10 10 14 8 3 3
split_gain=25353.2 3637.43 1703.32 608.343 336.831 266.685 204.88 173.903 127.741 294.344 209.189 110.934 143.986 79.4816 75.2338 100.285 65.8987 65.7357 46.528 41.8227 102.117 36.2541 38.7247 33.4239 30.9744 27.1623 46.9606 32.9538 26.7832 26.779
threshold=0.47377020983832147 1.0000000180025095e-35 0.80186915887850485 0.65895721925133699 0.87500000000000011 0.70833333333333337 0.83935483870967753 0.99629629629629635 0.78979857050032498 0.74322344322344336 0.8257418909592823 0.10555555555555557 0.86425061425061434 0.97590011614401873 0.49018097805159805 0.30860805860805868 0.68237250554323736 0.18333333333333338 0.99629629629629635 0.11805555555555557 0.79118217054263573 1.0000000180025095e-35 0.72481884057971024 0.17467581998474449 0.8426212590299279 0.68783602150537648 1.0000000180025095e-35 0.64888572783309639 0.70479302832244017 0.82807881773399028
decision_type=2 2 2 2 2 2 2 2 2 2 2 2 2 2 2 2 2 2 2 2 2 2 2 2 2 2 2 2 2 2
left_child=1 2 8 17 7 16 -3 11 24 -10 -11 28 -13 19 15 -7 18 25 -4 -6 -21 -8 -23 -16 -1 -2 27 -27 -5 -24
right_child=3 6 5 4 13 14 21 -9 9 10 -12 12 -14 -15 23 -17 -18 -19 -20 20 -22 22 29 -25 -26 26 -28 -29 -30 -31
leaf_value=-0.080079410642978174 -0.073262153198316679 -0.06761650704367049 -0.059175695454616116 -0.031325676749775926 0.089980377161736569 0.054436654866706159 0.051629235330889166 0.086723265303299171 -0.064998016429977865 0.35000437954864611 0.032852164455586287 -0.035321968902764199 0.050796775327865355 0.090404398165841324 -0.042753993778863422 -0.036597444984000353 0.11175988322377294 0.072870351736014652 0.0028976568065553366 0.0099514318772410508 0.073260605486597047 -0.026329161709118851 -0.027603683538630724 0.095997774182416701 0.072819834033350087 0.59473174082553515 -0.064498448890005167 -0.00065103342394171536 0.15294127518561504 0.036026063850731947
leaf_weight=30608.468759522773 216.68675621040165 123.15532199386507 234.99373760866001 5.3957698475569478 389.24775786325336 343.7280043149367 818.43459543725476 1026.7088752016425 574.22280326625332 16.527515103574842 68.373657956719398 128.2899640314281 3947.7396968640387 4466.8818038552999 11.672565423883496 99.973518060985953 19.660091361030936 23.352030263282359 115.15388663113117 211.75319092720747 709.08526370674372 74.020851994864643 44.10917279869318 231.02745043393224 8.4818912604823691 1.5364656718447807 4.7032186454161993 0.97094861045479763 78.398775264620781 1049.784811203368
leaf_count=4827152 29542 16915 25099 63 3165 10177 9599 9497 75340 349 498 1798 28956 41928 151 6951 158 275 4646 1273 5939 3104 2329 3378 590 88 335 35 473 23490
internal_value=-0.0352585 -0.0692718 -0.0759126 0.0692375 0.0720361 0.0240072 0.0325105 0.0572371 -0.0792869 -0.0444414 0.0945915 0.0499594 0.0480863 0.0853226 0.0535134 0.0339251 -0.0307593 -0.0548574 -0.0387615 0.0679955 0.0587022 0.0387184 0.0296709 0.0893246 -0.0800371 -0.0681792 0.0845699 0.364181 0.141076 0.0334603
internal_weight=45652.5 34441.8 32332.3 11210.8 10963.5 1056.21 2109.5 5186.53 31276.1 659.124 84.9012 4159.82 4076.03 5776.97 686.402 443.702 369.808 247.249 350.148 1310.09 920.838 1986.35 1167.91 242.7 30617 223.897 7.21063 2.50741 83.7945 1093.89
internal_count=5133293 5009926 4954489 123367 93092 50560 55437 40787 4903929 76187 847 31290 30754 52305 20657 17128 29903 30275 29745 10377 7212 38522 28923 3529 4827742 30000 458 123 536 25819
is_linear=0
shrinkage=0.08


Tree=12
num_leaves=31
num_cat=0
split_feature=13 6 7 8 11 11 1 3 7 8 13 4 1 4 0 8 11 7 11 8 2 11 8 14 0 2 4 10 14 7
split_gain=22945.9 3365.04 1528.38 835.108 428.176 248.36 178.184 150.374 120.157 112.923 98.9453 95.4082 78.6187 77.9814 161.562 56.0199 55.0542 122.465 52.5188 50.0545 136.514 99.7478 36.058 30.7008 34.8058 28.4733 22.474 22.3874 21.359 19.0048
threshold=0.4546431595631501 1.0000000180025095e-35 0.77125645438898471 0.63202878992352685 0.22500000000000003 0.45000000000000007 0.83935483870967753 0.60943257184966848 0.90645833333333348 0.99629629629629635 0.98809355067328142 0.16025641025641027 0.95040983606557383 0.095454545454545472 0.77581480353335375 0.97590011614401873 0.63333333333333341 0.90645833333333348 0.18333333333333338 0.78979857050032498 0.4673758865248227 0.36666666666666675 0.99629629629629635 1.0000000180025095e-35 0.69804355850867483 0.65733855185909984 0.47222222222222227 0.90125367590156336 1.0000000180025095e-35 0.59491634491634493
decision_type=2 2 2 2 2 2 2 2 2 2 2 2 2 2 2 2 2 2 2 2 2 2 2 2 2 2 2 2 2 2
left_child=1 2 19 18 9 22 -3 8 -7 10 11 -5 13 -6 -15 -9 17 -14 -2 27 26 -22 25 -8 -25 -4 -21 -1 29 -20
right_child=3 6 5 4 12 7 23 15 -10 -11 -12 -13 16 14 -16 -17 -18 -19 28 20 21 -23 -24 24 -26 -27 -28 -29 -30 -31
leaf_value=-0.080106219116704569 -0.073816992390132952 -0.069462617167015225 -0.071410682226269076 0.15601483241222794 0.092494531065005339 -0.025634830964062313 0.04437182800365614 0.15916446606546653 0.04110012553568286 0.089725043923803247 0.14518293754842851 0.038327047850090543 0.088715385824091761 -0.0071693822817994477 0.069077772172184859 0.065882395310281019 0.088679581103902658 0.037306958299964485 0.24666698668265014 -0.071026353395869879 -0.066405444596794289 0.1451168625659798 0.073153949584843739 -0.044859350480585744 0.02718204137030034 0.10464764469119744 0.28403210211806362 0.8179394163771061 -0.035278462265391115 -0.065777057692617574
leaf_weight=28173.974282545038 286.5538588562049 115.2757907602936 217.9537790575996 44.705581702757627 409.97025688877329 273.78329306421801 851.41155715472996 61.866764691658318 467.54732319433242 348.35039535909891 58.223749190568924 3182.1568106072955 805.5522609623149 233.32807116163895 748.12003828166053 123.35813040658832 4378.1229264037684 469.36600784212351 5.8567951340228319 419.33946711709723 23.943662421312183 35.309550817590207 12.461887234821914 44.581402091309428 1152.2209184491076 6.0419921912252894 1.1440456490963686 0.17766011040657659 4.8723247814923507 1.582621971145272
leaf_count=4808710 45655 16948 26856 277 3545 24437 9599 618 12951 3499 299 25486 6264 1623 6255 1073 43969 4125 87 60748 708 771 380 2238 26550 47 8 10 169 17
internal_value=-0.0347703 -0.069025 -0.0760152 0.0650295 0.0687212 0.0138878 0.0273129 0.0325636 0.016454 0.0464151 0.0418225 0.0399575 0.0802263 0.0631914 0.0509509 0.0970394 0.0844193 0.0697892 -0.0668657 -0.0796642 -0.0540404 0.0596427 -0.0592931 0.0327595 0.0244985 -0.0666617 -0.0700603 -0.0801006 0.0949248 0.180199
internal_weight=42957.2 31980.4 29816.9 10976.8 10677.9 1163.01 2163.49 926.556 741.331 3633.44 3285.09 3226.86 7044.46 1391.42 981.448 185.225 5653.04 1274.92 298.866 28653.9 479.737 59.2532 236.458 2048.21 1196.8 223.996 420.484 28174.2 12.3117 7.43942
internal_count=5133922 4992652 4937317 141270 95342 66362 55335 39079 37388 29561 26062 25763 65781 11423 7878 1691 54358 10389 45928 4870955 62235 1479 27283 38387 28788 26903 60756 4808720 273 104
is_linear=0
shrinkage=0.08


Tree=13
num_leaves=31
num_cat=0
split_feature=13 6 8 11 8 8 3 1 8 13 4 1 11 11 2 4 0 3 1 1 11 12 3 11 9 8 3 10 1 13
split_gain=20674.2 3308.04 1399.17 759.032 530.524 169.344 214.815 148.866 138.802 93.1612 87.3416 87.092 84.6637 72.3683 65.1499 74.2735 75.0187 30.8046 31.7702 31.0422 30.0952 25.1045 23.4091 23.2698 47.8174 219.446 20.7785 19.8722 26.2191 19.7003
threshold=0.4546431595631501 1.0000000180025095e-35 0.92990501146413374 0.45000000000000007 0.6064010895471571 0.80576285240464351 0.65345368916797508 0.8447574334898279 0.99629629629629635 0.98809355067328142 0.095454545454545472 0.99295774647887336 0.87500000000000011 0.70833333333333337 0.8402898550724639 0.11805555555555557 0.73499399759903972 0.74133811230585434 0.29217479674796759 0.30860805860805868 0.55000000000000016 0.73499399759903972 0.79205974842767291 0.87500000000000011 0.94609125254286564 0.97590011614401873 0.7748518762343648 0.8426212590299279 0.52240802675585296 0.50588561141116206
decision_type=2 2 2 2 2 2 2 2 2 2 2 2 2 2 2 2 2 2 2 2 2 2 2 2 2 2 2 2 2 2
left_child=1 2 5 4 -2 27 20 -3 9 10 -6 14 -8 26 15 29 -17 19 -19 -15 -7 -16 -9 24 -13 -26 -4 -1 -29 -5
right_child=3 7 13 11 8 6 12 22 -10 -11 -12 23 -14 17 21 16 -18 18 -20 -21 -22 -23 -24 -25 25 -27 -28 28 -30 -31
leaf_value=-0.079949460930974769 -0.075102795089480381 -0.063560963590218497 -0.022187412811129525 0.14102466594317378 0.12801375739282767 -0.072662830747517615 -0.0010829664055623876 -0.020321671805033463 0.087538329282919686 0.13322385146850027 0.036274556924429477 0.077494325528523908 0.14150093660458346 0.044998828208607525 0.27653226305304729 -0.025571822673163706 0.049264421169516383 -0.22269082940410809 0.094402268312816381 -0.00073947855333713838 -0.032939159661797043 0.07589398310535099 0.032121998407875399 0.088481409384367285 -0.4492531522117128 0.069684653148742559 0.052479800817104148 -0.03265349544268243 0.26830243912912899 0.071633145867105577
leaf_weight=26149.228714661207 252.77734485873953 112.9384264042601 188.02940653916448 31.888627648819238 67.580304114613682 355.03502516960725 57.543577746488154 55.964357684832066 424.79711328446865 66.660447724163532 3864.5831176424399 584.89507628977299 49.647595973685384 397.84013053402305 4.009008409921079 137.61960672819987 227.36005804035813 2.0739215388894072 81.107002906501293 124.74417896941304 186.01302257785574 898.38830226007849 2043.6876499485224 3880.2178379353136 6.2298264279961577 32.02385289222002 27.317906582728028 10.910998980980365 2.2315541990101329 146.37627002969384
leaf_count=4828613 43587 17467 14127 389 489 53567 933 2689 4540 353 31041 6101 491 7562 29 823 1610 18 813 5322 24140 8595 35297 41828 63 333 204 1111 37 1254
internal_value=-0.0340941 -0.0682119 -0.0757488 0.0617351 0.0376186 -0.0788992 -0.0385075 0.0259115 0.0440598 0.0394411 0.0378512 0.0806926 0.0649574 0.0271177 0.0636084 0.0417198 0.0210466 0.0412783 0.0864963 0.0340808 -0.0590058 0.0767853 0.0307242 0.0861769 0.0718269 -0.0148273 -0.0127155 -0.0799 0.0184476 0.0840461
internal_weight=40469.7 29844.3 27631.7 10625.4 4676.4 26810.6 648.239 2212.59 4423.62 3998.82 3932.16 5949.01 107.191 821.113 1445.64 543.245 364.98 605.765 83.1809 522.584 541.048 902.397 2099.65 4503.37 623.149 38.2537 215.347 26162.4 13.1426 178.265
internal_count=5133426 4992391 4936938 141035 80010 4908892 79131 55453 36423 31883 31530 61025 1424 28046 12700 4076 2433 13715 831 12884 77707 8624 37986 48325 6497 396 14331 4829761 1148 1643
is_linear=0
shrinkage=0.08


Tree=14
num_leaves=31
num_cat=0
split_feature=8 6 3 11 7 3 12 8 1 0 3 0 7 2 1 4 2 0 8 3 5 11 8 2 10 2 8 8 12 8
split_gain=18450.6 3173.1 1179.07 574.312 370.583 391.836 308.479 144.085 131.137 126.352 90.3092 84.8463 95.0527 90.8776 80.6404 75.0375 105.643 105.548 70.681 403.192 75.1929 61.7932 47.7299 43.4719 43.1603 95.6917 33.4369 27.1565 25.8095 33.175
threshold=0.78979857050032498 1.0000000180025095e-35 0.56465997770345611 0.45000000000000007 0.68365249377907611 0.68496240601503777 0.8898225957049487 0.99629629629629635 0.84797123780174632 0.65419580419580436 0.87226107226107241 0.61633428300094983 0.7590571802706243 0.8402898550724639 0.99295774647887336 0.10555555555555557 0.36032786885245899 0.80901722391084108 0.71132478632478646 0.69028213166144214 0.38832199546485263 0.45000000000000007 0.99629629629629635 0.30068493150684938 0.75123762376237635 0.61257406188281782 0.96178188899707895 0.73375527426160347 0.71486643437862962 0.8257418909592823
decision_type=2 2 2 2 2 2 2 2 2 2 2 2 2 2 2 2 2 2 2 2 2 2 2 2 2 2 2 2 2 2
left_child=1 4 6 7 18 -6 -2 11 -3 10 -7 13 -13 -4 15 16 -5 -17 24 -20 -21 22 -8 26 -1 -26 -23 -11 29 -16
right_child=2 8 3 14 5 9 21 -9 -10 27 -12 12 -14 -15 28 17 -18 -19 19 20 -22 23 -24 -25 25 -27 -28 -29 -30 -31
leaf_value=-0.079814266700855188 -0.055826866995615794 -0.064214599640962572 -0.069268548177516889 -0.023902003536452394 -0.075792091625942165 0.064447214997056759 -0.07167641312211831 0.086367415437476294 0.026232152367993852 0.097795280337970553 0.48036481978661066 0.08076365720622411 0.033667243642701301 0.13296884699402686 0.43014496799867402 0.0098816002764389836 0.10003189125147122 0.067863090089059552 -0.079802874686230874 0.059688209225304982 0.3545367248772151 0.1599116187441294 0.1548122286054501 -0.0046464475010837983 -0.073461324153464999 0.21765982194731645 0.041491112217109161 0.026019770365271505 0.085320645437611198 0.080464196614465813
leaf_weight=23301.282392660156 671.20103919599205 107.74323072936386 86.273022656794637 48.579266095068306 364.29466985538602 6.2753362357616407 60.333908475469798 395.37175135593861 2146.4907318004407 38.619373543187976 7.1457571438513696 299.31660696025938 3276.762424511835 17.027059357613325 3.1764210909605017 286.01408192655072 468.90939495386556 675.47843341529369 715.45292360009626 125.55008994415402 5.7908466267399481 15.918153797741978 6.6070534978061906 147.8505193782039 25.814127401914448 10.035343057010321 369.03444789163768 266.83034329116344 4160.5746971378103 3.8301274534314871
leaf_count=4639269 97502 17568 2321 1176 70870 524 8132 4531 37787 623 180 1625 22113 121 26 2046 5076 6759 142621 1830 678 1142 238 6689 5122 290 7181 1862 47821 24
internal_value=-0.0335394 -0.0689753 0.053892 0.0633656 -0.0772141 -0.0191081 -0.0185709 0.0404758 0.0219092 0.0456506 0.285893 0.0355445 0.0376092 -0.0359335 0.0798837 0.0638352 0.0883976 0.0506154 -0.0788555 -0.0561509 0.0726881 0.023124 -0.049322 0.0322261 -0.0796793 0.00803222 0.0463879 0.0350947 0.085579 0.238992
internal_weight=38113.6 27121.3 10992.3 9721.31 24867.1 683.165 1270.95 4074.75 2254.23 318.871 13.4211 3679.38 3576.08 103.3 5646.56 1478.98 517.489 961.493 24183.9 846.794 131.341 599.744 66.941 532.803 23337.1 35.8495 384.953 305.45 4167.58 7.00655
internal_count=5133747 4919224 214523 93639 4863869 74059 120884 30711 55355 3189 704 26180 23738 2442 62928 15057 6252 8805 4789810 145129 2508 23382 8370 15012 4644681 5412 8323 2485 47871 50
is_linear=0
shrinkage=0.08


Tree=15
num_leaves=31
num_cat=0
split_feature=13 6 8 11 8 11 8 1 1 3 13 4 4 0 2 2 8 2 11 8 9 10 11 2 8 5 4 2 3 12
split_gain=16945.4 2991.94 1328.69 800.165 414.672 263.442 144.097 118.472 108.192 103.314 87.4859 78.7093 72.2671 121.155 62.3108 57.0047 59.6149 40.9817 31.1808 43.3229 183.688 28.6373 35.6884 29.7169 25.6822 20.7095 33.5975 23.552 20.4086 19.3493
threshold=0.4546431595631501 1.0000000180025095e-35 0.81375640520299575 0.36666666666666675 0.6064010895471571 0.63333333333333341 0.99629629629629635 0.84797123780174632 0.99295774647887336 0.63245614035087727 0.98809355067328142 0.095454545454545472 0.11805555555555557 0.79337712096332802 0.28759398496240607 0.73205084163517709 0.99629629629629635 0.87026647966339421 0.87500000000000011 0.99629629629629635 0.92549648451955113 0.8426212590299279 0.87500000000000011 0.121830550401979 0.97590011614401873 0.10435571687840291 0.81666666666666676 0.99295774647887336 0.97726098191214472 0.93643953676272573
decision_type=2 2 2 2 2 2 2 2 2 2 2 2 2 2 2 2 2 2 2 2 2 2 2 2 2 2 2 2 2 2
left_child=1 2 21 4 -2 15 10 -3 12 14 11 -6 -5 17 -7 16 -4 -14 19 20 -10 -1 -23 -24 -11 27 28 29 -27 -9
right_child=3 7 5 8 6 9 -8 25 18 24 -12 -13 13 -15 -16 -17 -18 -19 -20 -21 -22 22 23 -25 -26 26 -28 -29 -30 -31
leaf_value=-0.079744484791045095 -0.075985133193272131 -0.063981530437376866 -0.060269202077659054 0.087828736368012819 0.11645989616153107 0.034222442896118241 0.085559872036895052 0.032322841622896996 0.061179047974766025 0.12900075544637887 0.12641238225049622 0.030124479988988654 -0.013838973966313851 0.063223773248528126 -0.017528762934537017 0.10003706945157503 0.0050818942121816204 0.081924203014676455 0.087005875306236033 0.085376968327972438 -0.2009844245285817 -0.058188865350621372 1.1984290301845877 0.16884995159545818 0.062559124242873299 -0.019755188470950331 0.10232176154192586 0.025194741710865266 0.016282662301155715 0.083058436887667286
leaf_weight=22395.733405485749 216.75949943158776 101.62461871514097 413.56861729174852 365.52635468775406 68.747218924574554 437.63544156402349 363.95903522148728 108.88467249553651 214.89557681279257 62.047247342765331 63.241719614714384 3985.6377097875811 220.38838659273461 694.80461596045643 225.69322574650869 17.641880699433386 113.95168508589268 32.865495525300503 3389.0926264659502 328.78503179550171 18.583905518054962 9.3594296341761929 0.1864737831056108 4.7410501400008798 93.102237895131111 143.68512662313879 24.075139477849007 1504.5542024150491 335.17411541566253 86.189242549240589
leaf_count=4838708 43561 17674 59018 3842 497 15718 4476 2113 2445 579 344 31086 1343 7196 17241 143 4937 296 41971 3986 182 1164 4 296 898 6133 374 20857 7327 994
internal_value=-0.0326643 -0.0665708 -0.0750069 0.0560823 0.0320828 0.00166308 0.0373096 0.0204694 0.0774991 0.0303605 0.0330448 0.0315884 0.0576091 0.0459578 0.0166144 -0.0414217 -0.0461525 -0.00141151 0.0841113 0.0666638 0.040312 -0.0796723 0.0335542 0.207813 0.0891304 0.0243659 0.0101055 0.0285857 0.00546925 0.0547393
internal_weight=36041.1 26077.8 23773.7 9963.29 4698.35 1363.64 4481.59 2304.19 5264.94 818.478 4117.63 4054.38 1313.58 948.058 663.329 545.162 527.52 253.254 3951.36 562.265 233.479 22410 14.287 4.92752 155.149 2202.56 502.934 1699.63 478.859 195.074
internal_count=5135403 4994178 4938706 141225 79964 98534 36403 55472 61261 34436 31927 31583 12677 8835 32959 64098 63955 1639 48584 6613 2627 4840172 1464 300 1477 37798 13834 23964 13460 3107
is_linear=0
shrinkage=0.08


Tree=16
num_leaves=31
num_cat=0
split_feature=13 6 7 11 8 11 8 3 1 1 13 1 2 4 4 8 8 0 8 2 11 4 14 11 7 8 2 8 2 1
split_gain=15256.9 2796.96 1344.85 879.132 350.624 162.585 154.044 123.307 97.4963 94.0221 74.552 70.3676 66.7943 60.6059 58.2752 52.7221 50.0541 45.7464 43.8972 166.271 119.393 52.47 31.0436 29.7044 57.673 89.902 26.3409 23.076 20.1162 18.9166
threshold=0.4546431595631501 1.0000000180025095e-35 0.7590571802706243 0.36666666666666675 0.59032006245121005 0.45000000000000007 0.99629629629629635 0.60943257184966848 0.99295774647887336 0.83935483870967753 0.98809355067328142 0.27361853832442068 0.83047895500725699 0.11805555555555557 0.095454545454545472 0.97590011614401873 0.99629629629629635 0.73499399759903972 0.76689497716894994 0.57338551859099818 0.29166666666666669 0.47222222222222227 1.0000000180025095e-35 0.70833333333333337 0.95861872146118743 0.97590011614401873 0.84292763157894746 0.99629629629629635 0.48934240362811798 0.82972848596410509
decision_type=2 2 2 2 2 2 2 2 2 2 2 2 2 2 2 2 2 2 2 2 2 2 2 2 2 2 2 2 2 2
left_child=1 2 18 4 -2 16 10 11 12 -3 14 -7 13 28 -6 -9 26 -15 -1 21 -21 -20 -11 24 27 -26 -4 -10 -5 -14
right_child=3 9 5 8 6 7 -8 15 23 22 -12 -13 29 17 -16 -17 -18 -19 19 20 -22 -23 -24 -25 25 -27 -28 -29 -30 -31
leaf_value=-0.079913396382672378 -0.077080402063151005 -0.063359810347948894 -0.069652362287528538 -0.015057661502319599 0.10125732864924177 0.029927723401929215 0.084470314282680661 0.14799471148982182 0.051081547198101936 0.031605217982583179 0.11498152247220725 -0.018643352589535891 0.098573932859328153 -0.023557168034460504 0.02602408315822936 0.05321935013101995 0.091869599691879827 0.038603728395740965 -0.071383744429775964 -0.048014936216308639 0.24668665167786752 0.17868329498693158 0.012551590563641682 0.086078478628049931 -0.35347112947443182 0.027766792514147876 0.12628220527952669 0.085655392037165323 0.086327263574448726 0.065704318139431811
leaf_weight=20362.553154632915 193.87651504762471 89.010633829981089 191.32417689776048 13.89073261618614 66.983064461033791 460.15934022562578 341.21714601293206 56.832229794003069 213.05485389009118 936.40121397515759 62.93465318903327 326.23342548264191 134.56111257523298 127.92580506158993 4051.7443239828572 110.80350258946419 13.915467694401739 185.85108493966982 481.93475772207603 16.311901106964797 19.100409027654678 5.4305621255189171 1316.912872097455 3151.1578760175034 5.1501430496573475 17.112708926200867 4.4944044463336459 294.09888785332441 127.39778741355985 669.98999000387266
leaf_count=4768814 42254 16941 30007 209 507 16231 4499 686 2495 9620 351 26048 1433 762 32612 1108 394 1410 94150 461 261 47 28864 41917 38 200 30 3824 1331 7575
internal_value=-0.0321364 -0.0658323 -0.0746619 0.0529724 0.0282695 0.00903706 0.0327854 0.0230572 0.076558 0.017284 0.028568 0.00977811 0.057347 0.0328518 0.0272476 0.0853503 -0.054737 0.0132609 -0.0793257 -0.0564358 0.110939 -0.0685973 0.0204696 0.0831327 0.0655987 -0.0604263 -0.0651553 0.0711309 0.0763596 0.0712018
internal_weight=34048.4 24391.4 22049.1 9656.95 4716.76 1163.76 4522.88 954.028 4940.19 2342.32 4181.66 786.393 1259.62 455.065 4118.73 167.636 209.734 313.777 20885.3 522.778 35.4123 487.365 2253.31 3680.57 529.417 22.2629 195.819 507.154 141.289 804.551
internal_count=5135079 4993662 4938237 141417 80223 74504 37969 44073 61194 55425 33470 42279 12720 3712 33119 1794 30431 2172 4863733 94919 722 94197 38484 48474 6557 238 30037 6319 1540 9008
is_linear=0
shrinkage=0.08


Tree=17
num_leaves=31
num_cat=0
split_feature=13 6 7 11 8 11 8 1 2 1 5 13 7 4 2 8 3 8 2 8 8 11 8 7 4 2 4 12 4 11
split_gain=13806.6 2765.97 1303.08 843.162 314.643 161.063 148.728 115.435 108.092 83.2391 76.8021 69.3922 64.7313 62.7101 79.0335 39.5777 160.818 157.09 52.9437 34.8366 32.8392 30.2715 42.8063 138.209 26.2125 24.7969 21.9194 21.2435 20.0471 18.7803
threshold=0.4546431595631501 1.0000000180025095e-35 0.74736374736374744 0.45000000000000007 0.63438086303939978 0.45000000000000007 0.99629629629629635 0.99295774647887336 0.53694939934473984 0.83935483870967753 0.41421362489486968 0.98809355067328142 0.88669519548725939 0.11805555555555557 0.83047895500725699 0.76689497716894994 0.88416815742397148 0.81375640520299575 0.83047895500725699 0.99629629629629635 0.81375640520299575 0.87500000000000011 0.99629629629629635 0.92549648451955113 0.22649572649572652 0.65733855185909984 0.41428571428571431 0.73499399759903972 0.41428571428571431 0.29166666666666669
decision_type=2 2 2 2 2 2 2 2 2 2 2 2 2 2 2 2 2 2 2 2 2 2 2 2 2 2 2 2 2 2
left_child=1 2 15 4 29 19 11 13 10 -3 -7 12 -6 27 24 -1 18 -18 -17 25 -10 22 23 -9 -15 -4 -11 -5 -16 -2
right_child=3 9 5 7 6 8 -8 21 20 26 -12 -13 -14 14 28 16 17 -19 -20 -21 -22 -23 -24 -25 -26 -27 -28 -29 -30 -31
leaf_value=-0.079915603743364982 -0.072073148522782959 -0.061299266902703396 -0.069688703381636616 0.29898673652398033 0.036747730090665731 -0.01422691055222417 0.084155620300432346 0.059707594374321674 0.4569789748215527 -0.045741133994049797 0.032479905191263973 0.11093905987667477 0.016656030765797088 -0.082918527353858573 0.041125763177974985 -0.069445684684907014 0.54912453873172196 0.042779363687638232 0.35104652926376395 0.069097347772074519 0.11564002135941542 0.085608723486438304 0.084693522284688974 -0.1467512544036271 0.015946165307189262 0.074396187221313262 0.020854073316603775 0.081870824158877031 0.072155002010412639 0.31494758290339403
leaf_weight=18795.812971612904 202.18499478045851 83.722517650108784 196.93637645477429 2.9104854529723516 1921.6394968987443 380.2567362356931 316.56435195729136 191.48913992103189 1.8646761286072422 32.08241913607344 552.97396713867784 62.515706639736891 2202.5685118869878 18.233061052858829 214.94517007376999 423.32735244138166 4.8612199672497836 20.281846839934587 1.9250804767943908 13.388812667690216 55.301505079492927 2920.5012091016397 283.22439268231392 23.273585841059685 292.60048690531403 7.95306586427614 2251.5602807300165 319.1702363146469 350.63523965189233 0.80564126977696915
leaf_count=4765131 45623 16961 33542 29 13384 29599 4483 2369 38 1631 19150 351 16258 133 2417 87925 113 125 19 383 627 41759 3946 212 2031 81 36777 3821 4226 46
internal_value=-0.0313089 -0.0648192 -0.0742939 0.0507205 0.0268917 0.00627995 0.0312834 0.0750101 0.0199898 0.0170462 0.0134486 0.0272856 0.0260176 0.0536463 0.0425528 -0.079354 -0.0559184 0.140677 -0.0675422 -0.055926 0.126774 0.0825001 0.0642691 0.0373339 0.0101469 -0.0640958 0.0199185 0.0838328 0.0603625 -0.0705371
internal_weight=32145.5 22822.2 20454.9 9323.26 4706.28 1208.68 4503.29 4616.98 990.397 2367.37 933.231 4186.72 4124.21 1198.49 876.414 19246.2 450.395 25.1431 425.252 218.278 57.1662 3418.49 497.987 214.763 310.834 204.889 2283.64 322.081 565.58 202.991
internal_count=5133190 4992102 4936733 141088 80145 83420 34476 60943 49414 55369 48749 29993 29642 12657 8807 4853313 88182 238 87944 34006 665 48286 6527 2581 2164 33623 38408 3850 6643 45669
is_linear=0
shrinkage=0.08


Tree=18
num_leaves=31
num_cat=0
split_feature=13 6 7 11 8 8 11 1 3 1 4 0 4 1 12 8 4 2 8 3 11 7 8 1 8 8 4 3 12 2
split_gain=12447.5 2552.66 1282.34 851.759 271.766 149.16 126.69 118.538 103.769 74.0267 63.5713 96.2462 59.4201 79.0746 52.5915 40.4157 132.469 104.648 58.9191 37.4849 34.9386 51.6421 67.6013 28.8574 28.6864 27.2133 24.8036 24.4655 19.5874 19.209
threshold=0.4546431595631501 1.0000000180025095e-35 0.7590571802706243 0.36666666666666675 0.61311827956989262 0.99629629629629635 0.45000000000000007 0.99295774647887336 0.74133811230585434 0.81892697466467967 0.11805555555555557 0.78319623971797891 0.095454545454545472 0.84292763157894746 0.8898225957049487 0.76689497716894994 0.47222222222222227 0.69028213166144214 0.80576285240464351 0.92031746031746042 0.87500000000000011 0.95861872146118743 0.97590011614401873 0.27072835547411828 0.99629629629629635 0.99629629629629635 0.35416666666666669 0.710394265232975 0.71819765994523299 0.71516754850088204
decision_type=2 2 2 2 2 2 2 2 2 2 2 2 2 2 2 2 2 2 2 2 2 2 2 2 2 2 2 2 2 2
left_child=1 2 15 4 -2 12 25 10 14 -3 28 19 27 -14 -8 -1 17 -17 -18 -12 21 24 -23 -10 -9 -4 -13 -6 -5 -11
right_child=3 9 6 7 5 -7 8 20 23 29 11 26 13 -15 -16 16 18 -19 -20 -21 -22 22 -24 -25 -26 -27 -28 -29 -30 -31
leaf_value=-0.079806039588774025 -0.072725267060285745 -0.068572197940683435 -0.060594857785115135 0.34094277653390542 -0.05662520149982677 0.08330029214064448 -0.02019754276899683 0.044418340626013873 -0.15684463774338522 -0.016109214011073899 -0.018925923921366543 0.036484221525542627 -0.05216636360011162 0.024541931267565507 0.023253283829159987 -0.070016784833702661 0.50120517779231033 0.16399832084223981 0.10088098257340995 0.06743691859146074 0.084577685489591867 -0.2628504573354945 0.029498504947596378 0.10108905080933595 0.084966361198374432 0.051579757132405632 0.069105432863191818 0.11556425420913766 0.080914030362669323 0.017860707555365778
leaf_weight=17373.982112868223 178.48425080953166 67.813548404257745 175.43433549674228 1.8653603680431832 5.8005621870979658 291.2146370112896 253.12455322174355 196.74308856856078 2.8524770718067876 111.92932445509359 190.3240848002024 245.73668685322627 87.862013271544129 4073.0279354648665 602.92854813626036 434.05366725800559 2.9843736439943305 12.584475637879221 11.121033980511127 38.706306794658303 2732.0054091457278 6.9187575504183796 18.863952182233334 103.55231782188639 258.22538810968399 15.026720496825872 379.62811323394999 58.966401116456836 304.85731778107584 2210.7826713141985
leaf_count=4767821 44189 14857 30203 17 108 4429 27722 2503 25 4282 1175 2696 1679 29169 15206 94408 78 132 97 325 41992 39 222 1223 3869 387 4684 381 3851 36156
internal_value=-0.0307749 -0.0640912 -0.0738999 0.0477588 0.0240962 0.0279221 0.00786945 0.0731606 0.0196665 0.0138183 0.0512534 0.0400377 0.0241057 0.0229221 0.0104054 -0.0791859 -0.0558001 -0.0634232 0.18558 -0.00433054 0.081078 0.0611903 -0.048953 0.0941744 0.0674321 -0.0517447 0.0562869 0.100143 0.0824954 0.0162237
internal_weight=30447.4 21378.2 18987.6 9069.23 4695.36 4516.87 1152.92 4373.87 962.458 2390.53 1161.12 854.395 4225.66 4160.89 856.053 17834.7 460.744 446.638 14.1054 229.03 3212.76 480.751 25.7827 106.405 454.968 190.461 625.365 64.767 306.723 2322.71
internal_count=5133925 4992597 4937302 141328 79955 35766 74766 61373 44176 55295 12748 8880 31337 30848 42928 4862536 94715 94540 175 1500 48625 6633 261 1248 6372 30590 7380 489 3868 40438
is_linear=0
shrinkage=0.08


Tree=19
num_leaves=31
num_cat=0
split_feature=8 7 3 11 13 8 8 1 14 4 2 0 8 1 13 7 8 2 10 2 10 10 13 11 11 8 3 5 13 11
split_gain=11389.8 2639.75 769.062 726.785 602.459 210.283 149.126 111.656 85.4684 77.5393 80.0639 78.052 69.477 65.5052 63.2091 89.2169 48.7931 48.7543 37.7607 36.7961 35.5385 35.2938 32.234 149.518 25.6903 32.9029 25.3124 28.0338 25.5152 25.0299
threshold=0.77836257309941526 1.0000000180025095e-35 0.56465997770345611 0.45000000000000007 0.50588561141116206 0.92990501146413374 0.99629629629629635 0.99295774647887336 1.0000000180025095e-35 0.080128205128205135 0.36032786885245899 0.81120250685468098 0.73375527426160347 0.81892697466467967 0.50588561141116206 0.74736374736374744 0.70438540332906541 0.82426470588235301 0.67669683257918567 0.28759398496240607 0.83157192123706769 0.60736889692585916 0.44162118075161555 0.29166666666666669 0.87500000000000011 0.99629629629629635 0.36214605067064082 0.69631093544137035 0.17240218274701039 0.55000000000000016
decision_type=2 2 2 2 2 2 2 2 2 2 2 2 2 2 2 2 2 2 2 2 2 2 2 2 2 2 2 2 2 2
left_child=1 13 5 6 20 29 14 9 12 10 -5 -11 21 -1 17 -16 -10 -4 -18 26 22 -6 -3 -24 25 -9 28 -28 -7 -2
right_child=2 4 3 7 8 19 -8 24 16 11 -12 -13 -14 -15 15 -17 18 -19 -20 -21 -22 -23 23 -25 -26 -27 27 -29 -30 -31
leaf_value=-0.067753439200284676 -0.070005225153375955 -0.07984657666292122 -0.069346202003926938 -0.012845758553939584 0.016615433561433489 0.039401099938301626 0.08240147830146885 0.039344001459003866 -0.064361550559339509 0.0052143097340926351 0.094769038666548608 0.057013729808896851 0.012700765699357281 0.014558671392093299 0.066407152357757918 0.020320031887163796 0.067067072695794941 0.12246662330533439 -0.022571223127946124 -0.015476109671060514 0.097847806269665411 0.13162690279699021 -0.070252454985085463 0.16005887778975894 0.084869749622779975 0.083196893591739304 0.070538370841581446 0.0050952148255877195 -0.0094691925306478863 -0.034897781215667958
leaf_weight=63.535931655205786 315.76169867115095 16082.352735349908 72.836974597303197 50.485804405994713 23.197531383018941 110.14046443765983 283.20608881674707 194.62393900100142 103.27602749876678 287.38439738494344 357.98146968148649 528.61902099102736 159.47960586566478 2369.5838653026149 290.66018930822611 3578.2932978868484 46.505417857319117 9.5984118403866869 85.140477387234569 226.72445503016934 7.23943321336992 64.714920053258538 187.88657361082733 19.956453856779262 2515.9166094101965 250.36138398200274 116.96359541034326 65.269332913681865 180.30415657488629 220.88862086343579
leaf_count=14900 72525 4775607 2559 1331 2403 2068 4594 2454 12505 2195 5317 6760 1110 40596 1375 22891 423 93 706 13618 770 1467 49610 371 41617 3994 3789 1122 5814 40623
internal_value=-0.0298402 -0.0654637 0.041041 0.0496914 -0.0767555 -0.0178852 0.0263246 0.073333 0.0113607 0.053014 0.081468 0.0387707 0.0441775 0.0124093 0.0223054 0.0237824 -0.0231981 -0.0470124 0.00909453 0.0110187 -0.0793633 0.101279 -0.079442 -0.0481387 0.0817358 0.0640169 0.0237272 0.047099 0.00906307 -0.0555548
internal_weight=28868.9 19212.9 9656.02 8419.97 16779.7 1236.05 4234.59 4185.37 482.314 1224.47 408.467 816.003 247.392 2433.12 3951.39 3868.95 234.922 82.4354 131.646 699.402 16297.4 87.9125 16290.2 207.843 2960.9 444.985 472.678 182.233 290.445 536.65
internal_count=5135207 4900468 234739 95180 4844972 139559 31512 63668 18614 15603 6648 8955 4980 55496 26918 24266 13634 2652 1129 26411 4826358 3870 4825588 49981 48065 6448 12793 4911 7882 113148
is_linear=0
shrinkage=0.08


Tree=20
num_leaves=31
num_cat=0
split_feature=8 6 3 11 13 8 8 1 4 0 2 14 13 3 1 8 8 2 10 13 8 13 1 11 7 8 11 10 9 14
split_gain=10227.3 2656.27 682.758 697.137 582.485 206.743 134.347 130.782 70.3666 79.6797 72.8019 63.2405 61.6141 73.4634 60.565 59.3666 47.016 37.2062 33.8066 33.5841 124.466 158.42 31.6513 27.9075 48.2826 24.3218 22.7798 53.6017 52.046 22.7582
threshold=0.77836257309941526 1.0000000180025095e-35 0.56465997770345611 0.45000000000000007 0.50588561141116206 0.92990501146413374 0.99629629629629635 0.99295774647887336 0.095454545454545472 0.79337712096332802 0.42947558770343586 1.0000000180025095e-35 0.50588561141116206 0.97915762049500665 0.81892697466467967 0.73375527426160347 0.70750469043151987 0.80982519590114543 0.62554347826086965 0.44162118075161555 0.70750469043151987 0.47377020983832147 0.33549783549783552 0.70833333333333337 0.95861872146118743 0.59169301523426288 0.55000000000000016 0.90125367590156336 0.8508192712154562 1.0000000180025095e-35
decision_type=2 2 2 2 2 2 2 2 2 2 2 2 2 2 2 2 2 2 2 2 2 2 2 2 2 2 2 2 2 2
left_child=1 4 5 6 19 26 12 8 10 -10 -5 15 17 -14 -3 18 -13 -4 -6 -1 25 -22 -7 24 -9 -21 -2 29 -29 -28
right_child=2 14 3 7 11 22 -8 23 9 -11 -12 16 13 -15 -16 -17 -18 -19 -20 20 21 -23 -24 -25 -26 -27 27 28 -30 -31
leaf_value=-0.079697793250147919 -0.070590548006305265 -0.066817806777913158 -0.066453530119030851 0.00095085322245852077 0.015014348633959625 0.018485392861398921 0.080184112070255137 0.068487205804782861 -0.00087565424090507217 0.053112879100724188 0.093006667149994421 -0.060908578416948446 0.047204540211691556 0.017474795364786997 0.015066998438749282 0.0090904033851051669 0.012151550988727545 0.10501074844311729 0.12256459179629364 -0.077222907486980324 0.71081966531214447 0.052435527504260733 -0.026063837143060119 0.084243043519800373 -0.04901766698520197 0.013257910941823934 -0.010068208053864302 0.45540771737816554 0.027900472735882278 -0.065237761953812243
leaf_weight=14859.089432493551 294.80826616589911 59.240141878835857 73.396293937694281 66.491382042411715 26.615019383840263 584.73692630929872 260.52198480069637 397.36902223341167 260.7321100034751 531.79495912417769 317.63699811510742 100.08266139193438 635.8372658174485 3255.6811518743634 2392.8734825314023 158.2301790593192 129.07368972245604 9.103934948332606 62.937780549749732 156.3351247261744 2.7883311812765905 14.515026547014713 123.65223745582625 2337.1277281679213 23.71559914201498 21.646093697287142 76.803306591464207 2.6403845534659904 5.8841428072191775 126.95878722518682
leaf_count=4775329 72594 14858 2546 1790 2623 18718 4534 6206 1973 7008 4813 12496 4575 19694 40557 1101 1074 94 1245 47260 245 203 7738 41626 247 2163 13946 293 606 25501
internal_value=-0.0289618 -0.0642903 0.0387349 0.0470581 -0.076507 -0.017206 0.0245304 0.0713014 0.0489714 0.0353513 0.0770721 0.0105348 0.020882 0.0223324 0.0130888 0.0385496 -0.019757 -0.0475324 0.0906007 -0.0792646 -0.0463046 0.15853 0.0107091 0.0808273 0.0618693 -0.0662186 -0.0562022 -0.0362206 0.160316 -0.0444429
internal_weight=27368.3 17983.4 9384.89 8169.41 15531.3 1215.48 4234.54 3934.87 1176.66 792.527 384.128 476.939 3974.02 3891.52 2452.11 247.783 229.156 82.5002 89.5528 15054.4 195.285 17.3034 708.389 2758.21 421.085 177.981 507.095 212.287 8.52453 203.762
internal_count=5133656 4899154 234502 95106 4843739 139396 31443 63663 15584 8981 6603 18539 26909 24269 55415 4969 13570 2640 3868 4825200 49871 448 26456 48079 6453 49423 112940 40346 899 39447
is_linear=0
shrinkage=0.08


Tree=21
num_leaves=31
num_cat=0
split_feature=8 6 2 11 13 12 8 1 4 4 13 2 14 12 8 8 13 8 14 3 11 7 11 8 10 10 1 13 4 11
split_gain=9234.78 2498.51 613.458 713.842 575.195 195.334 135.659 110.069 97.4085 63.2436 86.2726 56.5914 56.4058 51.6476 44.1771 41.3666 36.1025 117.445 86.3718 35.4472 31.4063 45.6124 31.1342 34.6037 26.9576 25.539 24.7883 23.8129 23.1011 23.0098
threshold=0.77836257309941526 1.0000000180025095e-35 0.44033898305084751 0.45000000000000007 0.50588561141116206 0.87138130686517801 0.99629629629629635 0.99295774647887336 0.080128205128205135 0.095454545454545472 0.50588561141116206 0.72481884057971024 1.0000000180025095e-35 0.69710870169585781 0.70051546391752584 0.73375527426160347 0.44162118075161555 0.58681159420289875 1.0000000180025095e-35 0.59516963772282927 0.87500000000000011 0.95861872146118743 0.45000000000000007 0.99629629629629635 0.83157192123706769 0.67669683257918567 0.53427230046948371 0.50588561141116206 0.47222222222222227 0.18333333333333338
decision_type=2 2 2 2 2 2 2 2 2 2 2 2 2 2 2 2 2 2 2 2 2 2 2 2 2 2 2 2 2 2
left_child=1 4 5 6 16 28 9 8 27 19 -11 -10 15 -3 -14 -6 24 -18 -19 -4 21 -9 23 -7 -1 -16 -26 -5 -2 -17
right_child=2 13 3 7 12 22 -8 20 11 10 -12 -13 14 -15 25 29 17 18 -20 -21 -22 -23 -24 -25 26 -27 -28 -29 -30 -31
leaf_value=-0.079603515220524571 -0.053776671282657791 -0.040778709389574612 -0.084532078383011883 0.11549888299271099 0.078951265433570061 -0.063064820391305385 0.081299485392745188 0.066560744255820592 -0.011586847505906142 -0.086367403571892043 0.019170898986237118 0.04458185908705467 -0.062249762799026165 0.013328144054720327 0.057286550389706987 -0.0069719805994844621 -0.078055249883842812 0.22728926660922519 -0.012928593284020708 0.11330497918082957 0.083975165164367968 -0.044071437684180204 0.016650420653709908 0.096151226097396333 0.022811098839980903 -0.016235883882380724 0.48413492770102412 0.070035483107724728 0.092140003176480398 0.059923401017098754
leaf_weight=13720.691181130474 523.72872026963159 118.56134805222973 6.3864292083308092 118.34672153857537 91.990460971836001 59.188095990568399 238.23559429496527 368.51552121713758 140.67529981397092 50.213987213326618 3874.5913501251489 624.12910000514239 90.157046159962192 2367.9804967907257 47.582705829292536 117.02795880939811 144.23339427425526 15.10746385110542 26.179747677175328 62.720958025194705 2143.2954550087452 25.501101620495319 686.03195310663432 10.249109342694281 5.2920754430815569 82.948788698762655 0.86766290338709939 195.59926046803594 7.0372006595134726 45.781457096338272
leaf_count=4774095 111075 15952 1135 3433 3866 10724 4473 6150 1232 1229 23978 7785 12478 39692 451 629 47072 756 2063 511 41184 255 17731 242 741 735 21 3105 44 490
internal_value=-0.0282275 -0.0633003 0.0365636 0.0449566 -0.0760975 -0.0146478 0.0226546 0.0710582 0.0496525 0.0191565 0.0178206 0.0342504 0.0104252 0.0107483 -0.0191816 0.0360684 -0.0790546 -0.0439998 0.0749699 0.0950222 0.080159 0.0594005 0.0114836 -0.0395641 -0.0795284 0.0105653 0.0877933 0.0871736 -0.051842 0.0118388
internal_weight=26008.8 16874.4 9134.45 7848.21 14387.9 1286.24 4232.15 3616.06 1078.75 3993.91 3924.81 764.804 475.488 2486.54 220.689 254.8 13912.4 185.521 41.2872 69.1074 2537.31 394.017 755.469 69.4372 13726.9 130.531 6.15974 313.946 530.766 162.809
internal_count=5133327 4899041 234286 94470 4843397 139816 31326 63144 15555 26853 25207 9017 18649 55644 13664 4985 4824748 49891 2819 1646 47589 6405 28697 10966 4774857 1186 762 6538 111119 1119
is_linear=0
shrinkage=0.08


Tree=22
num_leaves=31
num_cat=0
split_feature=8 6 13 11 3 2 8 8 4 0 3 3 14 13 2 8 8 8 13 8 4 3 13 10 10 7 5 11 0 4
split_gain=8481.62 2397.39 558.994 538.819 456.276 313.205 226.574 87.6279 81.4838 69.4322 60.442 58.927 50.2589 49.7249 47.6444 46.3016 42.6792 39.71 38.3285 96.0039 52.2713 35.1103 32.4076 29.7367 25.6748 25.0686 24.3875 23.0372 22.4441 21.3588
threshold=0.77836257309941526 1.0000000180025095e-35 0.50588561141116206 0.87500000000000011 0.7206557377049182 0.4673758865248227 0.99629629629629635 0.8402898550724639 0.10555555555555557 0.87298335467349564 0.97220077220077228 0.7886762360446572 1.0000000180025095e-35 0.50588561141116206 0.32811353070712018 0.92990501146413374 0.71132478632478646 0.73046398046398064 0.44162118075161555 0.70750469043151987 0.78888888888888908 0.68496240601503777 0.16956329753874907 0.60736889692585916 0.85839598997493749 0.59720876138786594 0.5913729128014843 0.29166666666666669 0.18321678321678322 0.41428571428571431
decision_type=2 2 2 2 2 2 2 2 2 2 2 2 2 2 2 2 2 2 2 2 2 2 2 2 2 2 2 2 2 2
left_child=1 2 18 5 7 15 8 24 21 -10 13 -3 17 14 -6 -2 -14 23 -1 27 -21 -7 26 -4 -5 -18 -17 -20 -26 -9
right_child=3 11 12 4 10 6 -8 29 9 -11 -12 -13 16 -15 -16 22 25 -19 19 20 -22 -23 -24 -25 28 -27 -28 -29 -30 -31
leaf_value=-0.079521821970655673 -0.06419687340668849 -0.050387841294322 -0.0012671245759017465 -0.061428810155086597 -0.1629100679591057 -0.041825089713283303 0.074341425973742103 0.015632814969563619 -0.0028224519123646727 0.022424254936904219 0.082548527654243933 0.012070184291913751 -0.059715437266489792 0.051645271731177389 0.12761699789542905 0.15856966575575038 0.13983367222824117 0.010180008487989426 -0.071145833751925555 0.086836939686971995 0.60403778667594088 0.11574332496113909 -0.026277545122275481 0.10302914138955738 0.95842627565511662 0.001901678030914514 0.0022517791128352934 0.056679746534441869 0.12545439283506779 0.08869810680096249
leaf_weight=12682.851513880305 283.78605499467812 100.74042413244024 23.611627128906548 114.84814212634228 3.7757979757152489 10.311622970039023 524.81632547825575 735.75779137108475 886.31798480125144 3266.571886735037 1881.3162881787866 2396.0680107341614 92.837868961738423 841.61753041297197 83.576567666837946 11.303659663069995 9.1030413620173913 164.35557996109128 148.04624263127334 19.202677485533062 1.3377413619309653 74.007521722698584 155.37469538953155 67.547554055694491 0.23021147260442321 114.5584418438375 14.68660330865532 9.609158188570289 2.0554549633525312 26.52883068844676
leaf_count=4774795 74194 14280 2438 27366 63 886 9778 26730 8587 19491 38818 41262 12605 12126 1101 827 98 1180 49009 422 22 614 12492 1428 17 925 817 261 197 395
internal_value=-0.0272425 -0.0623935 -0.075866 0.0351601 0.0585669 0.0186379 0.0247582 0.00827652 0.0186168 0.0170361 0.0743042 0.00955015 0.00963848 0.0576082 0.115059 -0.0440192 -0.018721 0.0336677 -0.0790042 -0.0421597 0.120521 0.0964738 -0.0124466 0.0760148 -0.056145 0.0120552 0.0702374 -0.0633548 0.209351 0.0181756
internal_weight=24746.8 15829.9 13333.1 8916.88 3689.71 5227.18 4762.03 879.42 4237.21 4152.89 2810.29 2496.81 472.014 928.97 87.3524 465.151 216.499 255.515 12861 178.196 20.5404 84.3191 181.365 91.1592 117.134 123.661 25.9903 157.655 2.28567 762.287
internal_count=5133224 4898725 4843183 234499 106813 127686 39356 54705 29578 28078 52108 55542 18674 13290 1164 88330 13628 5046 4824509 49714 444 1500 14136 3866 27580 1023 1644 49270 214 27125
is_linear=0
shrinkage=0.08


Tree=23
num_leaves=31
num_cat=0
split_feature=8 6 13 11 3 2 8 8 4 1 1 12 14 13 1 2 1 8 2 8 10 8 4 4 0 11 9 14 10 14
split_gain=7614.38 2295.11 539.759 532.048 449.361 303.047 219.106 111.387 95.9802 88.7375 84.0476 68.3125 55.2477 99.682 51.7142 47.9757 44.2869 44.2212 37.8773 33.7941 32.0669 43.8497 20.8388 20.6495 29.4432 18.2869 18.6575 17.9091 16.9442 16.7521
threshold=0.77836257309941526 1.0000000180025095e-35 0.4546431595631501 0.87500000000000011 0.72850122850122856 0.53694939934473984 0.99629629629629635 0.58240137642865941 0.10555555555555557 0.97590011614401873 0.84292763157894746 0.8166139695314748 1.0000000180025095e-35 0.47377020983832147 0.66274509803921566 0.32811353070712018 0.81892697466467967 0.92990501146413374 0.8402898550724639 0.71132478632478646 0.92031746031746042 0.89442724458204348 0.47222222222222227 0.41428571428571431 0.6066017316017317 0.18333333333333338 0.35149985149985152 1.0000000180025095e-35 0.8426212590299279 1.0000000180025095e-35
decision_type=2 2 2 2 2 2 2 2 2 2 2 2 2 2 2 2 2 2 2 2 2 2 2 2 2 2 2 2 2 2
left_child=1 2 28 5 11 17 8 25 -7 14 -10 20 13 -9 15 -6 -3 22 -16 -14 27 -22 -2 -13 -25 -4 -27 -5 -1 -18
right_child=3 16 7 4 9 6 -8 12 10 -11 -12 23 19 -15 18 -17 29 -19 -20 -21 21 -23 -24 24 -26 26 -28 -29 -30 -31
leaf_value=-0.079397926561340273 -0.06848903515616421 -0.064915464421886823 -0.076794483116390352 -0.0072302023060275581 -0.14717805276781831 0.10915187165430368 0.073823342439171866 0.4820631638162084 -0.056247508370844787 0.082815675387184415 0.017119751382284876 0.015898700797152353 -0.056360877432627847 0.034953153717412783 0.016529886729059654 0.10992151863569341 0.017476253806879047 -0.014492208491188451 0.0566345785609133 0.0094771708944201595 0.75957647360147373 -0.080894942832459973 0.033086982942648772 0.45734026456241406 0.068043766091297447 0.43908177380440783 0.013069293429852259 -0.060897103853543202 0.077315865800536121 0.0041138107951861312
leaf_weight=11758.228006538004 274.2800351800397 52.055496660294011 116.31051262025721 63.469690149882808 4.8459132907446465 70.943590515758842 481.94378143362701 3.2311246432363978 102.46122723864391 1871.4331514481455 4046.8584470618516 694.81463414011523 77.74330991320312 258.93829452269711 242.86306896200404 112.11773003591225 1024.6686870665289 196.75974543904886 397.25059242174029 139.29933414328843 0.75921666948124655 0.83337249187752604 13.565519630210472 1.3050686866045023 26.304640579968691 0.75352724804542859 5.1869421899318695 106.69451831676997 4.4172376603819421 1450.337308421731
leaf_count=4791370 75052 14842 41101 12544 69 689 9607 223 1762 41525 25835 18158 5881 3315 2145 1861 10301 14388 6337 1222 51 87 76 11 432 25 159 23901 377 30491
internal_value=-0.0266087 -0.0613605 -0.0755593 0.0328086 0.0568014 0.0165135 0.0227213 -0.00164026 0.0168856 0.0734665 0.0153081 0.00781314 0.0157483 0.0404636 0.0503562 0.0992696 0.00811004 -0.0437218 0.0414186 -0.0141056 -0.0375357 0.319773 -0.063702 0.0185949 0.0864452 -0.0698019 0.0671074 -0.0408798 -0.0793391 0.00964595
internal_weight=23600.7 14891.2 12364.1 8709.5 3522.69 5186.81 4702.21 601.463 4220.26 2628.51 4149.32 894.181 479.212 262.169 757.077 116.964 2527.06 484.605 640.114 217.043 171.757 1.59259 287.846 722.424 27.6097 122.251 5.94047 170.164 11762.6 2475.01
internal_count=5133837 4899307 4843673 234530 107121 127409 37893 51926 28286 51937 27597 55184 10641 3538 10412 1930 55634 89516 8482 7103 36583 138 75128 18601 443 41285 184 36445 4791747 40792
is_linear=0
shrinkage=0.08


Tree=24
num_leaves=31
num_cat=0
split_feature=12 10 13 11 13 1 6 11 7 2 4 10 2 13 0 4 3 4 7 1 2 7 2 5 13 4 4 4 12 4
split_gain=6835.31 1531.18 1172.93 504.453 435.049 323.487 199.326 178.7 164.626 194.128 159.585 81.1132 77.4852 67.5174 59.3429 124.539 93.8888 58.2834 57.1828 44.8654 35.472 34.2309 41.9651 33.996 30.0417 23.1147 21.5864 22.763 33.5366 18.0947
threshold=0.790953232813698 0.54870335230866552 0.14376235007755972 0.87500000000000011 0.3506671410781001 0.97590011614401873 1.0000000180025095e-35 0.29166666666666669 0.62889245585874809 0.92084377610693402 0.58571428571428574 0.99593495934959353 0.83047895500725699 0.47377020983832147 0.89039039039039047 0.94444444444444453 0.94957627118644072 0.5634920634920636 0.58160676532769562 0.94641148325358859 0.91734972677595628 0.71623364658190547 0.69028213166144214 0.24068965517241384 0.44162118075161555 0.94444444444444453 0.61250000000000016 0.68333333333333346 0.85028735632183905 0.58571428571428574
decision_type=2 2 2 2 2 2 2 2 2 2 2 2 2 2 2 2 2 2 2 2 2 2 2 2 2 2 2 2 2 2
left_child=4 2 26 11 6 12 21 20 9 10 -9 14 23 19 15 -3 -16 -8 -4 -10 25 -1 -23 -5 -13 -6 29 -28 -29 -2
right_child=1 3 18 5 7 -7 17 8 13 -11 -12 24 -14 -15 16 -17 -18 -19 -20 -21 -22 22 -24 -25 -26 -27 27 28 -30 -31
leaf_value=-0.079593209199539952 0.022171426893783503 -0.00189590822321408 -0.079510431140456458 -0.0025864645052355462 -0.050330678552600004 0.081609274595467268 -0.051622752591055407 0.28135573991198126 0.092303165393832584 3.4311870053203029 1.594702634783318 -0.036829614861034192 0.058442824744108494 0.027879006858765269 0.059945843711815112 0.15031975762992236 0.017521300873772939 0.018308382213657274 -0.010924894383689755 0.25305938372064685 0.16316129260097259 -0.050864527481292561 0.31804786405861368 0.028674238374310546 0.084136622851237491 0.22450755068848791 -0.0177822628076258 0.097487756581392415 0.010576395834456173 0.076448425205499951
leaf_weight=9360.706134860171 144.79821261996403 1304.6498694638722 1640.5088178787846 334.86049711401574 123.16492513008416 1766.381110531278 139.72930520400405 4.7984903699252746 31.135058852145448 0.14281030930578698 0.67547627468593407 14.39659268548712 441.45622329134494 73.143883425742388 370.86809859727509 35.332137551624328 3345.3245505790692 167.96230858564377 81.673367512412369 17.276479214895517 5.4158276801463208 215.45577979995869 1.9916745498776425 664.37702121003531 150.46399821527302 1.9901020003017027 181.14350907504559 28.868635599967092 1807.6772799668834 53.958040906814858
leaf_count=4108739 3036 46653 715036 9090 18562 42205 19743 1063 2074 7 79 606 7484 691 4016 426 38662 4914 2406 196 170 61656 20 15272 3095 137 3789 660 22599 709
internal_value=-0.0254777 0.0144475 -0.0267308 0.0336909 -0.0741531 0.0586632 -0.0768283 0.0284538 0.095951 0.519386 0.44342 0.0183514 0.03053 0.0763851 0.0165509 0.00211766 0.0217552 -0.0134488 -0.0762578 0.149672 -0.0372865 -0.0788643 -0.0474855 0.0181983 0.0735731 -0.0459604 0.0117518 0.00927393 0.0119426 0.0369065
internal_weight=22510.3 12366.7 3938.63 8428.11 10143.6 3207.07 9885.85 257.743 127.172 5.61678 5.47397 5221.04 1440.69 121.555 5056.17 1339.98 3716.19 307.692 1722.18 48.4115 130.571 9578.15 217.447 999.238 164.861 125.155 2216.45 2017.69 1836.55 198.756
internal_count=5133795 915744 748235 167509 4218051 74051 4195072 22979 4110 1149 1142 93458 31846 2961 89757 47079 42678 24657 717442 2270 18869 4170415 61676 24362 3701 18699 30793 27048 23259 3745
is_linear=0
shrinkage=0.08


Tree=25
num_leaves=31
num_cat=0
split_feature=12 8 6 11 1 13 8 11 6 3 1 2 7 7 14 5 10 2 14 2 1 14 5 12 8 8 2 3 3 1
split_gain=6256.43 1461.54 1176.81 474.972 363.249 269.726 164 129.989 119.969 101.543 89.8442 89.0841 77.1053 72.3339 70.498 71.5622 63.6938 45.8344 40.8195 34.9543 33.4443 29.5859 27.1885 27.0436 41.6474 26.2097 21.5411 21.2474 19.5296 19.4131
threshold=0.75582655826558276 0.65895721925133699 1.0000000180025095e-35 0.87500000000000011 0.97590011614401873 0.34703196347031973 0.99629629629629635 0.29166666666666669 1.0000000180025095e-35 0.58957219251336912 0.88303693570451447 0.83752357008170975 0.88669519548725939 0.64733893557422972 1.0000000180025095e-35 0.4555335968379447 0.63686313686313689 0.94826048171275656 1.0000000180025095e-35 0.89039039039039047 0.9294019933554819 1.0000000180025095e-35 0.26975051975051983 0.69710870169585781 0.80576285240464351 0.80576285240464351 0.76253132832080206 0.86729559748427687 0.99253731343283602 0.91734972677595639
decision_type=2 2 2 2 2 2 2 2 2 2 2 2 2 2 2 2 2 2 2 2 2 2 2 2 2 2 2 2 2 2
left_child=5 2 16 6 11 8 9 19 -1 -3 26 22 -11 14 15 -9 -2 -16 -18 29 -10 25 -5 24 -21 -15 -8 -23 -13 -7
right_child=1 3 -4 4 -6 7 10 13 20 12 -12 28 -14 21 17 -17 18 -19 -20 23 -22 27 -24 -25 -26 -27 -28 -29 -30 -31
leaf_value=-0.079164575389631037 -0.078620703533436573 -0.051084537649578307 0.0097924611240995368 -0.0017836639913830223 0.081010917829668877 -0.092018254245279749 -0.0061013122269147207 0.43769309687075092 -0.060868376359109584 0.024432230725164823 0.078588605201560996 0.059167497063567109 0.0036695714206350038 0.2218963626999802 0.12762292364802869 1.398144122327559 0.12166894560124358 1.5047395220063207 -0.055324989731138585 1.4049733015163528 0.0065258225140440362 -0.048671414745160957 0.024372638957460668 0.064151484461211675 0.23859279660299146 0.070332003573288407 0.063604098010427518 0.08916005458320006 -0.22576263037864633 -0.0011888816439608848
leaf_weight=8608.7440395036247 1749.9949834123254 162.19722281116992 2332.5863597078715 406.79564950149506 1650.5352240614593 38.933087853016332 133.74757012818009 2.7827221844345336 73.021230577258393 2138.7860275134444 383.5348989199847 414.49008992221206 2462.9124994005542 12.77248583128676 6.4778278849553299 0.60431534564122547 16.64135581953451 0.15846219193190325 16.716136590344831 0.2691060730721796 132.88648806512356 14.079668089048937 678.64270993415266 2.5910596379544586 0.72045119106769562 17.049218591768295 36.013653071597219 14.560252939350903 1.5452989898622025 24.560125896241516
leaf_count=4074540 813712 39779 34196 14252 42353 8624 5084 340 17346 14493 8799 7416 17633 501 1023 41 780 4 2720 75 3932 887 20245 84 4 306 632 163 29 3382
internal_value=-0.0248673 0.0114962 -0.0276108 0.0305017 0.0551082 -0.0759989 0.0159151 0.0359895 -0.0777212 0.0111269 0.0571413 0.026634 0.0133197 0.113518 0.312078 0.609057 -0.0765333 0.160506 0.0329736 -0.0431696 -0.0173742 0.0794742 0.0145699 0.200022 0.555785 0.135246 0.0086862 0.0214007 0.0581092 -0.0568841
internal_weight=21535.4 12585.1 4115.94 8469.2 3152.01 8950.21 5317.19 135.559 8814.65 4763.9 553.296 1501.47 4601.7 68.485 10.0233 3.38704 1783.35 6.63629 33.3575 67.0738 205.908 58.4616 1085.44 3.58062 0.989557 29.8217 169.761 28.6399 416.035 63.4932
internal_count=5133375 1022123 851408 170715 84295 4111252 86420 15434 4095818 71905 14515 41942 32126 3265 1408 381 817212 1027 3500 12169 21278 1857 34497 163 79 807 5716 1050 7445 12006
is_linear=0
shrinkage=0.08


Tree=26
num_leaves=31
num_cat=0
split_feature=12 8 6 11 1 13 8 6 11 1 2 4 11 13 4 13 2 8 8 14 13 10 5 4 4 8 2 4 14 2
split_gain=5871.55 1302.42 1106.48 428.833 364.8 237.485 161.28 132.768 113.963 103.437 89.8672 68.3975 65.5303 59.2082 48.5413 38.6834 57.8969 58.5949 23.0148 22.6872 20.4732 177.068 19.8658 18.1139 18.0706 16.3733 34.0938 27.5084 15.2959 14.8948
threshold=0.75582655826558276 0.65895721925133699 1.0000000180025095e-35 0.87500000000000011 0.97590011614401873 0.3506671410781001 0.99629629629629635 1.0000000180025095e-35 0.29166666666666669 0.41897974493623413 0.8402898550724639 0.47222222222222227 0.29166666666666669 0.98809355067328142 0.5634920634920636 0.47377020983832147 0.58578637510513054 0.80576285240464351 0.58681159420289875 1.0000000180025095e-35 0.47377020983832147 0.64174237130211986 0.26365441906653431 0.94444444444444453 0.47222222222222227 0.76689497716894994 0.70222854433380755 0.47222222222222227 1.0000000180025095e-35 0.93440860215053778
decision_type=2 2 2 2 2 2 2 2 2 2 2 2 2 2 2 2 2 2 2 2 2 2 2 2 2 2 2 2 2 2
left_child=5 2 12 6 10 7 9 25 23 -3 22 -8 18 -11 -9 16 24 -18 -2 -20 21 -14 -5 29 -10 -1 27 -27 -22 -7
right_child=1 3 -4 4 -6 8 11 14 15 13 -12 -13 20 -15 -16 -17 17 -19 19 -21 28 -23 -24 -25 -26 26 -28 -29 -30 -31
leaf_value=-0.079786815302338734 -0.079805269456030323 -0.054454775451902339 0.0091313107270020073 -0.00061432469456141183 0.08085338037570565 -0.062218289645219242 0.016298999254646042 -0.049451690200593708 -0.036979138471632589 0.012090867387531503 0.058207163518514252 0.077731881368339834 0.15092040595774733 0.09381950458459698 0.028878081409973493 0.028556699159747723 0.32887728312621678 0.096541697914512878 0.046705553978623693 -0.068805874778897436 0.07824699223704383 4.0114254682811366 0.021702666970273562 0.35163208336335372 0.17885608102158057 -0.064953136139725018 0.1864592141620415 0.23843324630944993 -0.065464756131639004 0.10199614259440205
leaf_weight=7708.7703870115802 1586.7916705195094 149.72815018123947 2345.9533676642459 403.88813411584124 1529.2412568163127 57.939942481229082 172.40615245047957 111.23640078539029 10.295407797209917 4561.37063078559 389.78738130326383 354.45706017874181 2.7635735033545674 57.444545973092318 92.937607395229861 27.806092796847224 14.380706190830098 13.439832813106475 18.334328625584021 26.772439189138822 13.632004968822004 0.078189479419961461 693.79440367454663 0.71915864804759522 3.271474417531862 247.02084696199745 3.5679340213537207 1.9276552046649147 7.26651364006102 3.7647027117200187
leaf_count=3984172 810555 37927 34159 14012 42301 10978 5981 18201 1459 33358 7381 8635 1011 364 3036 235 1012 141 1384 4846 133 13 20438 29 44 91566 34 23 97 131
internal_value=-0.0237605 0.0112894 -0.0262088 0.0293417 0.0534164 -0.0757782 0.0156267 -0.0774966 0.0308272 0.0109859 0.0252089 0.0576291 -0.0762838 0.0131073 -0.0137969 0.101533 0.150563 0.216638 -0.0782035 -0.0218545 0.055673 0.25714 0.0134912 -0.0475469 0.0150667 -0.0791302 -0.0590848 -0.062604 0.0282777 -0.0521993
internal_weight=20610.8 12313.7 4001.59 8312.12 3016.71 8297.08 5295.41 8165.46 131.617 4768.54 1487.47 526.863 1655.64 4618.82 204.174 69.1935 41.3874 27.8205 1631.9 45.1068 23.7403 2.84176 1097.68 62.4238 13.5669 7961.29 252.516 248.949 20.8985 61.7046
internal_count=5133656 1022595 852198 170397 84132 4111061 86265 4097032 14029 71649 41831 14616 818039 33722 21237 2891 2656 1153 816785 6230 1254 1024 34450 11138 1503 4075795 91623 91589 230 11109
is_linear=0
shrinkage=0.08


Tree=27
num_leaves=31
num_cat=0
split_feature=12 8 6 11 1 3 11 8 11 3 2 6 1 8 14 0 7 1 10 5 2 11 8 8 0 1 1 3 14 5
split_gain=5442.21 1110.88 1030.47 384.031 375.688 201.341 193.407 147.007 83.401 81.2495 75.5728 72.2559 72.1079 64.0491 88.9537 113.947 56.2033 40.5414 39.5467 39.422 36.5889 56.3087 31.3335 24.4842 23.3249 22.0722 73.5337 22.0284 21.3616 16.5071
threshold=0.75582655826558276 0.68208556149732635 1.0000000180025095e-35 0.63333333333333341 0.97825059101654854 0.89564428312159727 0.36666666666666675 0.99629629629629635 0.18333333333333338 0.58957219251336912 0.72481884057971024 1.0000000180025095e-35 0.88303693570451447 0.77303030303030318 1.0000000180025095e-35 0.52240802675585296 0.88669519548725939 0.73375527426160347 0.61034790365744873 0.084523809523809543 0.86425061425061434 0.29166666666666669 0.58681159420289875 0.80576285240464351 0.32811353070712018 0.85053191489361712 0.82097069597069605 0.87026647966339421 1.0000000180025095e-35 0.5865817091454274
decision_type=2 2 2 2 2 2 2 2 2 2 2 2 2 2 2 2 2 2 2 2 2 2 2 2 2 2 2 2 2 2
left_child=5 2 8 7 10 20 11 9 22 -3 27 18 -9 14 15 -8 -11 -12 -7 -16 23 -22 -2 -1 -15 26 -13 -5 -10 -25
right_child=1 3 -4 4 -6 6 13 12 28 16 17 25 -14 24 19 -17 -18 -19 -20 -21 21 -23 -24 29 -26 -27 -28 -29 -30 -31
leaf_value=-0.079202529938078636 -0.079818116295874375 -0.048585203955126346 0.0090560319150908303 0.0065757450623086435 0.079980942005737271 -0.079523892325038231 1.6238423000419986 0.013345747919454079 0.094410047554932569 0.021540604162810024 0.099443516291189846 2.0081292545155742 0.078264623211138085 -0.15930065687994391 1.8271304358925395 0.42043929023340509 0.0037788296101869821 0.037344318946903189 0.021241049921810411 0.079873326431887937 -0.047345869726018251 0.28051975137583357 -0.023744491922464986 -0.057164810837976032 0.10556423299076104 0.0098710737379209441 0.049517711753420242 0.072768727955375964 -0.034412685562254269 0.018506375966343708
leaf_weight=7175.4889579977607 1464.4561671948759 145.91362056834623 2369.4456317441072 910.20871718879789 1432.888648217544 182.39313059230335 0.56325009395368208 165.61729225376621 22.321311963489279 2134.9373700933065 78.234280521748587 0.1532287634909143 323.17847022414207 2.3180661685764816 0.083760787732899078 4.7525259198155254 2446.9891424721573 480.67029903852381 28.873029668582603 6.1922051806468517 13.004598749801518 4.5168615682050577 66.682187993079424 112.0048188988585 25.937954002059996 115.80157325649634 0.61531860800459981 33.355731094256043 13.057107645203358 22.088127525290474
leaf_count=3964045 810133 39521 34124 32546 42597 98972 241 5585 656 13648 1617 50 8530 15 7 161 17432 7857 1414 1284 5103 39 6963 32098 262 3340 116 476 1291 6372
internal_value=-0.0228028 0.0106749 -0.0242273 0.0275265 0.0506741 -0.0753939 -0.017626 0.0145015 -0.0745702 0.0101834 0.0227244 -0.0378544 0.0562683 0.148798 0.307151 0.54795 0.0120549 0.0460368 -0.0657527 0.103193 -0.0782928 0.0371747 -0.0773761 -0.0785696 0.0838353 0.012707 0.440015 0.00891572 0.0468655 -0.0447001
internal_weight=19782.7 12088 3935.96 8151.99 2935.36 7694.79 367.684 5216.64 1566.52 4727.84 1502.47 327.836 488.796 39.8478 11.5917 5.31578 4581.93 558.905 211.266 6.27597 7327.1 17.5215 1531.14 7309.58 28.256 116.57 0.768547 943.564 35.3784 134.093
internal_count=5136495 1022976 853167 169809 85093 4113519 105862 84716 819043 70601 42496 103892 14115 1970 1693 402 31080 9474 100386 1291 4007657 5142 817096 4002515 277 3506 166 33022 1947 38470
is_linear=0
shrinkage=0.08


Tree=28
num_leaves=31
num_cat=0
split_feature=12 8 6 8 1 13 6 10 3 4 8 2 4 1 1 14 4 8 13 2 5 8 4 4 2 4 2 0 2 0
split_gain=5006.69 967.73 958.937 311.509 336.941 235.537 121.758 74.0681 74.1668 93.3099 69.6263 60.1655 57.5087 96.5438 48.5558 40.5263 35.8146 33.7249 55.1054 28.8809 24.4259 19.1332 16.7217 25.3531 26.2896 16.2368 28.5745 13.9158 13.5413 12.4468
threshold=0.75582655826558276 0.66961651917404141 1.0000000180025095e-35 0.99629629629629635 0.99295774647887336 0.3437657987866532 1.0000000180025095e-35 0.99593495934959353 0.5300120048019209 1.0000000180025095e-35 0.54358379062895745 0.83047895500725699 0.095454545454545472 0.91734972677595639 0.20144927536231885 1.0000000180025095e-35 0.5634920634920636 0.65142409197805085 0.47377020983832147 0.60791925465838526 0.19292803970223329 0.81375640520299575 0.61250000000000016 0.68333333333333346 0.8588039867109637 0.58571428571428574 0.94826048171275656 0.17712418300653601 0.8588039867109637 0.68801229508196726
decision_type=2 2 2 2 2 2 2 2 2 2 2 2 2 2 2 2 2 2 2 2 2 2 2 2 2 2 2 2 2 2
left_child=5 2 10 7 11 6 21 8 14 -10 -2 20 19 -14 -3 -12 -8 -15 -19 -7 -5 -1 25 -24 -25 -4 -27 -9 -18 -21
right_child=1 3 22 4 -6 12 16 27 9 -11 15 -13 13 17 -16 -17 28 18 -20 29 -22 -23 23 24 -26 26 -28 -29 -30 -31
leaf_value=-0.079463012921661261 -0.079756989337664411 0.038945903860293965 0.015716798535657744 -0.011900716894664598 0.080765285417192509 -0.00095495074930625255 -0.048135785762815145 0.24794421594715943 0.07546892433349657 0.014344592198485377 0.04528673720469488 0.050767415843338687 -0.070125400846000344 -0.080388565345608412 -0.038322664743958477 -0.056057113200141062 0.01643014650239031 0.19953645479314636 0.026464785625083264 0.22402477373430826 0.01783470377424946 -0.043456477198279102 -0.018624824063392803 0.049401557738869027 0.0064751768864199245 0.043013904070800371 0.20922353891089807 0.073262001611432495 0.27761952516499855 0.045752887559026983
leaf_weight=6702.8292064081179 1340.3820603570202 64.937153491890058 169.77781167463399 242.43656071648002 1154.8594780676067 6.7007296504452851 102.57190523366444 2.9937675716355434 165.04971394012682 5061.7176458358299 45.209425772191025 308.14261053130031 54.647289576125331 7.2647504445631048 262.25902419886552 57.210945258033462 94.155208595097065 21.482783559942618 26.052284210920334 14.812125104130248 653.03113998938352 95.800629623699933 246.55029714899138 96.138285033404827 1817.921442752704 51.279056055471301 7.6010791286826125 116.41818582685664 1.2877380046993483 3.017083855578675
leaf_count=4041806 802997 7704 4574 5294 36640 1351 18232 30 4236 44325 3573 6637 10936 3370 50437 13029 3073 533 266 302 12042 30999 5244 1586 21942 791 52 2622 28 125
internal_value=-0.0221639 0.00967813 -0.0234002 0.0254601 0.0498957 -0.0751426 -0.0771546 0.0153021 0.0139617 0.0162748 -0.074899 0.0202765 0.0299292 0.00511572 -0.0229875 -0.0113229 -0.0153165 0.0801474 0.104682 0.140641 0.00978421 -0.0789556 0.00769825 0.00552103 0.00863126 0.0282711 0.0644706 0.0776414 0.0199542 0.193857
internal_weight=18994.5 11863.9 3832.07 8031.85 2358.47 7130.62 6996.64 5673.38 5553.96 5226.77 1442.8 1203.61 133.977 109.447 327.196 102.42 198.015 54.7998 47.5351 24.5299 895.468 6798.63 2389.27 2160.61 1914.06 228.658 58.8801 119.412 95.4429 17.8292
internal_count=5134776 1023755 853788 169967 60613 4111021 4094138 109354 106702 48561 819599 23973 16883 15105 58141 16602 21333 4169 799 1778 17336 4072805 34189 28772 23528 5417 843 2652 3101 427
is_linear=0
shrinkage=0.08


Tree=29
num_leaves=31
num_cat=0
split_feature=12 11 1 13 13 13 6 8 2 11 4 4 2 4 11 7 8 13 3 8 8 5 2 0 2 1 4 8 2 1
split_gain=4584.64 866.31 396.216 372.495 915.535 207.572 128.817 98.3825 87.5878 77.6556 57.0484 154.781 68.0288 46.7798 39.7558 40.8409 129.239 35.4515 45.3265 78.9801 33.2523 30.4533 59.0032 37.8558 29.6188 23.1126 33.2197 22.7032 21.8385 17.881
threshold=0.75582655826558276 0.36666666666666675 0.99295774647887336 0.50588561141116206 0.14376235007755972 0.33771518383200033 1.0000000180025095e-35 0.99629629629629635 0.83752357008170975 0.29166666666666669 0.73214285714285732 0.94444444444444453 0.8402898550724639 0.5634920634920636 0.87500000000000011 0.92549648451955113 0.97590011614401873 0.47377020983832147 0.75204918032786894 0.76239567992145318 0.54358379062895745 0.29679679679679688 0.42947558770343586 0.15504807692307696 0.7974358974358976 0.84292763157894746 0.41428571428571431 0.80576285240464351 0.89039039039039047 0.94641148325358859
decision_type=2 2 2 2 2 2 2 2 2 2 2 2 2 2 2 2 2 2 2 2 2 2 2 2 2 2 2 2 2 2
left_child=5 3 8 4 -2 6 27 10 21 28 12 -12 -5 -8 15 -4 -17 18 29 -20 -6 23 -23 -3 -22 -10 -27 -1 -7 -11
right_child=1 2 14 7 20 9 13 -9 25 17 11 -13 -14 -15 -16 16 -18 -19 19 -21 24 22 -24 -25 -26 26 -28 -29 -30 -31
leaf_value=-0.07950225208113626 0.0061028647046582583 0.12024222427987759 0.061103350146821396 0.004499860124028446 -0.07992651260943659 -0.053800933344187327 -0.051430142032791011 0.076759120973324116 0.089520528681459377 -0.012326020332123131 -0.040291934644374923 0.01004649154567658 0.048682911832883716 0.027313420127157567 0.079012209700093414 -0.20167400387569021 0.061681415058698494 0.0036299439214141321 0.35317252255180331 0.087393805140104391 -0.056933520070101794 0.0074176441148931984 0.067237582263962412 -0.01111467476220019 0.033144098805199626 0.012378920868544528 0.062071485856058803 -0.04263118966609758 0.11939359135526986 0.78467970146226285
leaf_weight=6171.5440056013176 2431.026860497077 14.426003913395105 242.70873082126491 451.60278087877668 1218.1974478072952 61.04556556942407 97.757424970390275 138.30196181684732 73.670515314210206 13.503425027942281 447.46694851480424 3093.973022280843 440.64747391664423 95.409167252946645 1249.9831802519038 16.676470428705215 41.864277182146907 25.574499074369669 10.462511602672746 22.640995807480067 146.30329838895705 651.46018505003303 125.92497018515132 526.48959598178044 27.801631723064929 153.70799773465842 195.73938116477802 108.76317391218618 5.0444772657938293 0.18259214889258224
leaf_count=4032710 36736 343 5674 4213 794719 15741 18210 4414 1689 2909 3668 30466 3335 3035 42477 139 1039 235 844 259 31636 24703 2002 21998 6413 3146 4195 37879 239 4
internal_value=-0.0215733 0.00854375 0.0433216 -0.00509615 -0.0235235 -0.0748116 -0.0768845 0.0103137 0.0171295 0.0221112 0.00824108 0.00368615 0.0263201 -0.012537 0.0727249 0.0466369 -0.0133405 0.0793685 0.120766 0.171394 -0.0752526 0.00696506 0.0171076 -0.00761144 -0.0425496 0.0487987 0.0402137 -0.0788637 -0.0405815 -0.00169276
internal_weight=18299.9 11688 3292.65 8395.32 3823.33 6611.93 6473.47 4571.99 1741.42 138.454 4433.69 3541.44 892.25 193.167 1551.23 301.249 58.5407 72.364 46.7895 33.1035 1392.3 1318.3 777.385 540.916 174.105 423.118 349.447 6280.31 66.09 13.686
internal_count=5135070 1023005 107405 915600 869504 4112065 4091834 46096 58076 20231 41682 34134 7548 21245 49329 6852 1178 4251 4016 1103 832768 49046 26705 22341 38049 9030 7341 4070589 15980 2913
is_linear=0
shrinkage=0.08


Tree=30
num_leaves=31
num_cat=0
split_feature=12 8 7 11 1 3 10 8 7 1 13 3 3 8 8 13 13 4 4 1 11 14 1 11 3 8 4 13 10 4
split_gain=4365.67 723.242 867.559 323.63 375.475 188.519 109.303 103.255 82.7143 78.1716 68.8552 63.4234 59.4059 53.0245 37.4702 53.47 35.0257 35.7273 31.5759 30.9434 29.0612 27.6866 26.8475 27.0527 17.3272 14.4915 16.0043 13.9862 13.4771 12.6068
threshold=0.75093984962406024 0.65895721925133699 1.0000000180025095e-35 0.87500000000000011 0.97590011614401873 0.89417693169092949 0.5727513227513229 0.99629629629629635 1.0000000180025095e-35 0.95040983606557383 0.98809355067328142 0.58957219251336912 0.49018097805159805 0.57517123287671235 0.8257418909592823 0.47377020983832147 0.3437657987866532 0.095454545454545472 0.080128205128205135 0.33549783549783552 0.22500000000000003 1.0000000180025095e-35 0.86526825332795487 0.22500000000000003 0.68496240601503777 0.81375640520299575 0.47222222222222227 0.50588561141116206 0.52976612331679662 0.64583333333333337
decision_type=2 2 2 2 2 2 2 2 2 2 2 2 2 2 2 2 2 2 2 2 2 2 2 2 2 2 2 2 2 2
left_child=5 2 -2 7 12 16 8 10 -7 -9 11 -3 19 -4 15 20 25 24 -14 -5 -8 28 -19 -24 -18 29 -27 -16 -15 -1
right_child=1 3 13 4 -6 6 14 9 -10 -11 -12 -13 18 21 27 -17 17 22 -20 -21 -22 -23 23 -25 -26 26 -28 -29 -30 -31
leaf_value=-0.07965778098110321 0.0072701861348228479 -0.047180402843808381 -0.078954081075075996 0.0064039678726306526 0.079298857422708285 0.013384304181014429 0.057555855613672338 0.0091970004681956492 -0.077392416522935492 0.077090931401355353 0.096124528561929684 0.0081947364640384789 0.052806785031084873 -0.1135229308117152 -0.04675700696358448 -0.0097541930000007247 -0.034613305362832046 -0.077807937842333683 0.020274251978464729 -0.047891396788304494 0.23808228511696233 -0.055012106454972898 -0.042516102527342781 0.24661560785091993 0.15435852235675726 -0.045654073725766596 1.2742017821749458 0.11044013765239492 0.068647569924077528 -0.035984308514083997
leaf_weight=5595.1404396245489 2416.5219459459186 136.26823979383335 1173.5536930041853 554.73456527618691 1164.4255397208035 113.93043525074609 7.9667237803805646 189.93085265019909 147.29458963754587 253.25431935302913 55.640062585473061 4630.9834494243842 306.51373713940848 2.8704445767216411 15.077704446390273 12.922945557627825 4.6033964797388753 41.365352831082419 506.40429432014935 76.433307473314926 20.120877190725878 32.254672760493122 4.961864688433705 3.5549304734449834 9.5427268652711046 78.188623003195971 0.058842521160839989 4.767790660262107 27.494097843300551 42.622997180791572
leaf_count=3934843 34412 41581 817253 20895 42534 3439 2154 6376 99148 8274 375 32013 7284 368 162 150 1192 9236 7511 7644 711 6503 1438 50 265 29475 1 49 1490 18289
internal_value=-0.020158 0.008807 -0.0206152 0.0224547 0.0454982 -0.0748747 -0.0153071 0.0110403 -0.0378011 0.0479944 0.00764456 0.00661188 0.0182434 -0.0751268 0.0812486 0.124917 -0.0781939 -0.0193531 0.0325408 -0.000171104 0.186878 -0.00339921 -0.0511768 0.0781682 0.0928638 -0.078853 -0.0446615 -0.0089911 0.0514265 -0.0793276
internal_weight=17629.4 11527.3 3652.69 7874.59 2608.51 6102.12 322.081 5266.08 261.225 443.185 4822.89 4767.25 1444.09 1236.17 60.856 41.0105 5780.04 64.0283 812.918 631.168 28.0876 62.6192 49.8821 8.5168 14.1461 5716.01 78.2475 19.8455 30.3645 5637.76
internal_count=5135115 1034513 860026 174487 85868 4100602 105813 88619 102587 14650 73969 73594 43334 825614 3226 3015 3994789 12181 14795 28539 2865 8361 10724 1488 1457 3982608 29476 211 1858 3953132
is_linear=0
shrinkage=0.08


Tree=31
num_leaves=31
num_cat=0
split_feature=12 11 1 13 13 1 11 2 10 6 1 13 4 13 4 11 9 8 2 8 5 2 12 8 5 4 0 13 4 5
split_gain=4024.47 688.213 335.467 279.178 834.667 183.895 87.8061 83.7294 80.8824 70.4417 51.1042 49.8173 75.1332 49.6725 52.1882 45.8472 55.2094 109.724 41.4753 35.6665 33.4452 26.8405 24.324 23.674 22.094 21.2042 19.0887 19.0177 18.9385 43.2921
threshold=0.75093984962406024 0.45000000000000007 0.99295774647887336 0.50588561141116206 0.14376235007755972 0.91734972677595639 0.22500000000000003 0.72481884057971024 0.99593495934959353 1.0000000180025095e-35 0.73765182186234834 0.33338760447194188 0.095454545454545472 0.98809355067328142 0.73214285714285732 0.70833333333333337 0.92549648451955113 0.97590011614401873 0.60791925465838526 0.53532216923588793 0.29679679679679688 0.9025932953826693 0.90990259740259749 0.63903207331042389 0.77315608919382517 0.58571428571428574 0.74464204286365721 0.3437657987866532 0.38750000000000007 0.64051282051282066
decision_type=2 2 2 2 2 2 2 2 2 2 2 2 2 2 2 2 2 2 2 2 2 2 2 2 2 2 2 2 2 2
left_child=5 3 7 4 -2 11 9 20 13 23 -9 -1 18 14 -5 16 -4 -18 -13 -6 22 -21 -3 -7 -22 -11 -12 -20 -8 -30
right_child=1 2 15 8 19 6 28 10 -10 25 26 12 -14 -15 -16 -17 17 -19 27 21 24 -23 -24 -25 -26 -27 -28 -29 29 -31
leaf_value=-0.07876509088613802 0.0066640201809437163 -0.042500736816379281 0.05680351393502657 0.024093413736376992 -0.079875960829021569 -0.080106699630797459 -0.04242901640417393 0.10232590083281627 0.084213082778734724 -0.0363992134375241 -0.017914529003786435 -0.056553771654409148 -0.067875423282116584 0.087474878298739456 0.0026243345150698178 0.077866898219648997 -0.20753896984805981 0.055564822528641339 0.58361758417994991 -0.05088374287461022 0.019035605393008213 0.056304937357030661 -2.5811249002417061e-05 0.019206552010012437 -0.024158423781003569 0.033885407371452125 0.037169629641903588 0.1518277431973041 0.09768855772720364 0.45544839261390635
leaf_weight=5271.8267050016439 2458.5456446224125 134.24194058147259 234.72352769016288 911.46881111350376 1045.7543036466232 129.13163632154465 5.0784775271313256 77.005291677080095 90.711783466860652 39.414133090525866 44.088043570518494 7.4915062630316269 53.3701264008414 49.66690468788147 3535.3758484340506 1076.5225049377186 16.045414596796036 27.583422029390931 0.67952184774913149 155.80420618783683 659.60917891655117 16.538076054770499 241.55415241839364 17.435794890625402 85.627548595424742 90.662989801727235 464.047609312227 16.613676457782276 29.529119433718737 2.3359854222508138
leaf_count=3981095 37122 15315 6041 8045 799414 97540 659 1910 2714 1593 464 2082 13727 292 35238 42403 115 748 95 37171 25376 4232 6271 602 1603 2301 8995 420 671 91
internal_value=-0.0192747 0.00826089 0.0406643 -0.00374176 -0.0201661 -0.0743351 -0.0147927 0.017064 0.00942229 -0.0302624 0.0415939 -0.0778251 -0.0144226 0.00791347 0.00702485 0.0703838 0.0414429 -0.0411971 0.10068 -0.0743187 0.00426019 -0.0405978 -0.0151987 -0.0682923 0.0140726 0.0125888 0.0323903 0.168795 0.101049 0.123915
internal_weight=16988.5 11324.9 3061.05 8263.87 3676.64 5663.57 313.588 1706.17 4587.22 276.645 585.141 5349.98 78.1548 4496.51 4446.84 1354.87 278.352 43.6288 24.7847 1218.1 1121.03 172.342 375.796 146.567 745.237 130.077 508.136 17.2932 36.9436 31.8651
internal_count=5134345 1033469 109241 924228 877939 4100876 103457 59934 46289 102036 11369 3997419 16324 43575 43283 49307 6904 863 2597 840817 48565 41403 21586 98142 26979 3894 9459 515 1421 762
is_linear=0
shrinkage=0.08


Tree=32
num_leaves=31
num_cat=0
split_feature=12 8 6 11 1 13 8 1 2 1 2 6 3 10 1 2 9 8 5 14 10 13 4 4 8 5 11 14 12 8
split_gain=3717.53 609.933 791.024 269.627 375.392 124.283 89.7401 82.7817 69.8512 68.2849 96.8879 67.2965 60.6241 47.8733 37.8633 34.1489 28.2475 27.1537 45.0321 26.23 23.5928 16.173 15.1308 15.0495 13.6584 12.4887 12.291 14.9477 11.7606 11.4998
threshold=0.71819765994523299 0.65895721925133699 1.0000000180025095e-35 0.70833333333333337 0.97825059101654854 0.33771518383200033 0.99629629629629635 0.95040983606557383 0.72481884057971024 0.88303693570451447 0.89725545390570038 1.0000000180025095e-35 0.97915762049500665 0.63686313686313689 0.73765182186234834 0.83047895500725699 0.62668584786908843 0.73727351164797261 0.59807692307692317 1.0000000180025095e-35 0.72481884057971024 0.16956329753874907 0.58571428571428574 0.5634920634920636 0.86769720390997962 0.46737588652482276 0.29166666666666669 1.0000000180025095e-35 0.67811348563006646 0.53390804597701169
decision_type=2 2 2 2 2 2 2 2 2 2 2 2 2 2 2 2 2 2 2 2 2 2 2 2 2 2 2 2 2 2
left_child=5 2 13 6 8 11 9 21 20 10 -3 -1 -11 29 -10 16 24 18 -18 -15 -5 -8 -19 -13 25 -7 27 28 -17 -2
right_child=1 3 -4 4 -6 15 7 -9 14 12 -12 23 -14 19 -16 26 17 22 -20 -21 -22 -23 -24 -25 -26 -27 -28 -29 -30 -31
leaf_value=-0.079169343680156282 -0.07975391906266445 -0.036447368331489587 0.0049410606636527896 -0.026545282648603723 0.07862761150095976 -0.069727824158834523 0.075999529582739034 0.077712820217744297 0.097929570025147933 0.032468333852384054 0.1139234538836881 -0.042444747282882063 0.0051844666564718261 0.070106122610463603 0.031460106748464306 0.053247311513954843 0.17774696405023591 -0.0082563103378236712 1.6234695840305851 -0.066769234451123496 0.0081597204264470466 -0.0019894947132643652 0.18956295823760833 0.015526705236136275 -0.39097084288170336 0.057407525565544237 0.24157108549338624 -0.11802051670082658 0.56001551700288932 -0.04291122492934947
leaf_weight=4804.389664574177 1067.8680360422004 375.22506421583239 2501.7543152899016 147.47998652525712 1007.0737279052846 19.106944269849926 18.91167198959738 224.19438869506121 63.277019533212297 602.14916606934275 29.585745931137353 67.542071697884239 3877.5997680805158 22.031505106016994 411.69983519520611 0.74822322453837842 6.7324897277867448 16.200890762498606 0.14077303861267854 15.102843621978534 836.01533672004007 169.9401792511344 2.9207219120580694 49.784949764143676 0.71633512573316593 6.6716666275169692 6.3000814723782241 1.6226463812636194 0.48180944391060621 57.121572995674796
leaf_count=3958153 877398 63303 37471 17425 42499 7291 562 8251 1669 4240 280 15957 25026 878 7669 40 1742 1067 19 2994 33031 5865 41 1824 22 961 57 232 59 18418
internal_value=-0.0186351 0.00650997 -0.0203938 0.0192074 0.0410616 -0.0762936 0.00903627 0.0448423 0.0151224 0.00600845 -0.0254575 -0.0777075 0.00885185 -0.0749332 0.0403153 0.0365956 0.0117313 0.0709802 0.207357 0.0144378 0.00295553 0.00582035 0.0219595 -0.0178459 -0.0463993 -0.0368244 0.179189 0.0414193 0.251751 -0.0778832
internal_weight=16410.4 11427 3663.88 7763.15 2465.55 4983.36 5297.61 413.046 1458.47 4884.56 404.811 4921.72 4479.75 1162.12 474.977 61.6426 52.4898 25.9949 6.87326 37.1343 983.495 188.852 19.1216 117.327 26.4949 25.7786 9.15276 2.85268 1.23003 1124.99
internal_count=5134444 1146979 937159 209820 102293 3987465 107527 14678 59794 92849 63583 3975934 29266 899688 9338 11531 11143 2869 1761 3872 50456 6427 1108 17781 8274 8252 388 331 99 895816
is_linear=0
shrinkage=0.08


Tree=33
num_leaves=31
num_cat=0
split_feature=12 11 1 13 13 3 11 8 2 1 11 13 4 6 7 8 3 8 13 8 13 4 5 12 2 14 5 3 8 14
split_gain=3447.84 531.883 333.725 221.191 768.26 118.14 83.6167 72.466 54.0453 62.9781 50.5991 48.2716 48.3609 46.5377 43.0595 109.971 42.3044 41.2347 39.4833 128.426 39.1769 30.6618 29.9336 26.4617 26.2759 25.1087 21.1671 20.3603 18.7387 20.8158
threshold=0.72804314329738073 0.45000000000000007 0.99295774647887336 0.50588561141116206 0.13412522744174701 0.89417693169092949 0.22500000000000003 0.99629629629629635 0.68237250554323736 0.6861407249466952 0.87500000000000011 0.98809355067328142 0.73214285714285732 1.0000000180025095e-35 0.90645833333333348 0.97590011614401873 0.97332859174964448 0.54358379062895745 0.31170162828711928 0.77303030303030318 0.35448791714614508 0.47222222222222227 0.41421362489486968 0.88084316295325482 0.80982519590114543 1.0000000180025095e-35 0.64051282051282066 0.82807881773399028 0.73046398046398064 1.0000000180025095e-35
decision_type=2 2 2 2 2 2 2 2 2 2 2 2 2 2 2 2 2 2 2 2 2 2 2 2 2 2 2 2 2 2
left_child=5 3 8 4 -2 20 13 11 22 27 14 12 -5 -7 -4 -16 18 -6 19 -8 -1 -18 23 -3 -19 -24 -23 -10 29 -12
right_child=1 2 10 7 17 6 16 -9 9 -11 28 -13 -14 -15 15 -17 21 24 -20 -21 -22 26 25 -25 -26 -27 -28 -29 -30 -31
leaf_value=-0.078744593067478011 0.0060518060117003714 -0.040158401898502991 0.058715547135864396 0.021435115360741226 -0.07992169672326703 -0.075101554562309644 1.804466393309919 0.072095763190659648 0.2086672025965218 0.023919095970419597 0.060335646887456289 0.084425836061266912 0.00094312789771784828 0.0058576458188732425 -0.14108512014326358 0.056011818008405254 -0.081619866058383672 -0.050733106284338733 0.17668002383035622 0.13821912226666322 0.0075403346196549603 0.07516076687344149 0.0307099445323443 0.00016911197653127354 0.036909560004404915 -0.0015799114566925462 0.35236601605537082 0.088315861770537088 0.07840950326113337 -0.11715382445540912
leaf_weight=4444.2216483848169 2510.8299649010878 148.89667517249472 179.15430657134857 933.23851727426518 950.95000281604007 101.13591988605913 0.42408648924901882 109.17064454685897 11.078095417469738 549.07788586756214 11.832927327603104 49.835863433778286 3506.389407207258 82.517413647146896 27.617739327251911 52.668539177626371 8.0524368080077711 163.99902257567737 7.0245535937137902 0.98050578963011503 33.934711241978221 14.650387659086848 306.18850258935709 346.39192752167583 25.265931659960188 310.33852538256906 2.004101767204701 47.872158223181032 920.55294969677925 6.580786290112882
leaf_count=3931080 39476 27810 4850 7735 851570 81148 156 4398 161 10241 257 348 33857 2688 292 1765 1352 42975 142 8 6499 414 10358 10675 5827 13463 72 1597 42144 280
internal_value=-0.0177753 0.00640725 0.0357614 -0.0039765 -0.018678 -0.0752986 -0.0176215 0.00769559 0.0131784 0.0323553 0.0681703 0.00612957 0.00525068 -0.0387257 0.0368977 -0.0117877 0.0993463 -0.0731346 0.254103 0.641307 -0.0780907 0.0465486 0.00269096 -0.0119544 -0.0390332 0.0144563 0.108518 0.110933 0.0768111 -0.00309644
internal_weight=15862.9 11167.9 2918.25 8249.68 3651.04 4694.95 216.789 4598.63 1719.84 608.028 1198.41 4489.46 4439.63 183.653 259.441 80.2863 33.1361 1140.21 8.42915 1.40459 4478.16 24.7069 1111.82 495.289 189.265 616.527 16.6545 58.9503 938.967 18.4137
internal_count=5133638 1110079 123893 986186 939848 4023559 85980 46338 74305 11999 49588 41940 41592 83836 6907 2057 2144 900372 306 164 3937579 1838 62306 38485 48802 23821 486 1758 42681 537
is_linear=0
shrinkage=0.08


Tree=34
num_leaves=31
num_cat=0
split_feature=12 11 1 13 13 3 7 8 2 11 8 6 1 13 10 8 8 4 13 5 10 0 12 2 13 0 4 1 8 11
split_gain=3150.93 505.995 328.879 199.886 705.907 113.248 88.9343 68.0336 61.5187 50.4202 48.303 47.4322 47.1064 44.1062 42.385 54.3617 38.2338 36.2342 35.7432 35.6852 33.5877 30.8557 27.7487 25.7722 22.9878 17.7044 17.138 38.3316 15.7835 15.7803
threshold=0.71486643437862962 0.45000000000000007 0.99295774647887336 0.50588561141116206 0.10500069079856315 0.88067796610169491 0.54085850556438808 0.99629629629629635 0.72481884057971024 0.87500000000000011 0.53532216923588793 1.0000000180025095e-35 0.75716625716625729 0.98809355067328142 0.83157192123706769 0.99629629629629635 0.8257418909592823 0.73214285714285732 0.34703196347031973 0.41421362489486968 0.74388789505068587 0.44033898305084751 0.88589511754068728 0.73499399759903972 0.33338760447194188 0.7590571802706243 0.58571428571428574 0.73765182186234834 0.65692963752665257 0.45000000000000007
decision_type=2 2 2 2 2 2 2 2 2 2 2 2 2 2 2 2 2 2 2 2 2 2 2 2 2 2 2 2 2 2
left_child=5 3 8 4 -2 24 11 13 19 14 -6 -7 -10 17 -4 -16 18 -5 20 22 -8 -21 -3 -12 -1 -14 -26 -28 -11 -29
right_child=1 2 9 7 10 6 16 -9 12 28 23 -13 25 -15 15 -17 -18 -19 -20 21 -22 -23 -24 -25 26 -27 27 29 -30 -31
leaf_value=-0.079032942608853102 0.0044777024668315396 -0.039628664723991014 0.059681351382684163 0.017859679871775558 -0.079994421242189348 -0.080213353606186533 0.25738352922414531 0.070470057340772177 0.089521693204423672 -0.021196503459486357 -0.052145460501947988 0.008960373281632324 -0.021772807264080752 0.080890864167804083 -0.062023369297509755 0.068551242658368858 -0.059660080952801973 0.00022456361125606009 0.10068410742584261 0.010082933535089293 0.87991336442136292 0.078199778693688396 -0.0007595636686974018 0.016007711702347875 -0.026575368279108412 0.029827094273685194 1.9183222087097553 -0.044695777267225324 0.078216227716148293 0.37708482676536947
leaf_weight=4040.1418136024149 2537.1297536185011 170.67100304353517 169.31885822000913 946.77716035128105 903.38133375335019 88.422985144541599 4.1149319217074689 103.25961920525879 84.405174728948623 10.343802358023821 160.97805647912901 67.177926866104826 47.449465753510594 48.224947847425938 50.805108424276114 34.103618551045656 7.7144965354818842 3510.3262979625724 23.350112360902131 587.99989507568534 0.64109384058974672 45.881478216848336 377.64704186562449 45.56119271798525 27.642266888753515 412.67164712096564 0.079985160031355362 1.3177506022620948 861.88669540733099 0.99739094823598851
leaf_count=3879826 39315 35225 4935 7775 876329 81879 793 4501 2186 357 47162 2660 569 354 694 1337 81 33795 1100 27434 39 859 10544 11420 9354 8764 21 595 42293 15
internal_value=-0.0172055 0.00522914 0.034272 -0.00480821 -0.0188015 -0.0756864 -0.015551 0.0062655 0.0123344 0.0678997 -0.0720145 -0.0417142 0.0345838 0.00479396 0.0365496 -0.00957803 0.0980988 0.00397061 0.1414 0.00208626 0.341298 0.0150134 -0.0128581 -0.0371113 -0.0785145 0.0245059 -0.00878781 0.196499 0.0770373 0.137012
internal_weight=15370.4 11108.8 2853.18 8255.64 3647.05 4261.6 191.422 4608.59 1726.73 1126.46 1109.92 155.601 544.526 4505.33 254.228 84.9087 35.8206 4457.1 28.1061 1182.2 4.75603 633.881 548.318 206.539 4070.18 460.121 30.0374 2.39513 872.23 2.31514
internal_count=5132211 1155848 135197 1020651 974226 3976363 86552 46425 85581 49616 934911 84539 11519 41924 6966 2031 2013 41570 1932 74062 832 28293 45769 58582 3889811 9333 9985 631 42650 610
is_linear=0
shrinkage=0.08


Tree=35
num_leaves=31
num_cat=0
split_feature=12 11 1 11 7 8 6 3 14 8 9 8 9 4 3 1 10 10 6 4 0 1 8 8 5 5 8 0 1 4
split_gain=2935.12 402.102 268.6 147.879 162.977 134.356 672.392 113.417 98.2182 81.6147 65.7652 62.1452 53.0742 43.1677 43.1166 48.0878 37.5831 35.2468 34.8119 34.2926 68.4606 55.1881 30.0585 29.7598 28.613 27.7205 26.9788 34.279 37.77 26.943
threshold=0.71486643437862962 0.22500000000000003 0.93440860215053767 0.87500000000000011 0.90645833333333348 0.66961651917404141 1.0000000180025095e-35 0.89417693169092949 1.0000000180025095e-35 0.99629629629629635 0.57026713124274109 0.99629629629629635 0.97182539682539681 0.35416666666666669 0.49018097805159805 0.28759398496240607 0.97259759759759767 0.97259759759759767 1.0000000180025095e-35 1.0000000180025095e-35 0.77303030303030307 0.41897974493623413 0.73046398046398064 0.54358379062895745 0.78647416413373872 0.65933268858800786 0.75701915507740758 0.52240802675585296 0.40936473165388831 0.19090909090909094
decision_type=2 2 2 2 2 2 2 2 2 2 2 2 2 2 2 2 2 2 2 2 2 2 2 2 2 2 2 2 2 2
left_child=7 5 14 4 8 6 23 -1 -4 -6 18 12 16 29 15 24 -7 -14 -9 21 -21 -16 -15 -2 -3 -17 27 28 -12 -5
right_child=1 2 3 13 9 11 -8 10 -10 -11 26 -13 17 22 19 25 -18 -19 -20 20 -22 -23 -24 -25 -26 -27 -28 -29 -30 -31
leaf_value=-0.078301724027565897 -0.079889100024759907 0.0085913118844696528 0.02109409835356621 0.083577641414023449 -0.037434718154159594 -0.0022736078701441191 0.0040259219150816632 -0.067508742902174443 0.087282764773355725 0.065415597740480419 -0.084412590861097175 0.07732976574286482 0.06816492810541748 -0.022609165596373937 0.0034058496936222133 -0.039808473276962533 0.045464219398385568 0.016327890232572063 0.010299856926978714 -0.029766477050461121 0.027717747462032327 0.064763895537029395 0.077285576462642794 -0.027804826410284714 -0.068672401319314944 0.15714872266025973 0.045964431408112655 0.13442945458317412 0.71097394150151316 -0.039649285296911023
leaf_weight=3778.9334649135708 849.12464949436253 572.30894703965168 316.07305214973167 16.74603994039353 274.9270924385637 3163.9501438068692 2548.4342340327566 81.651088351965882 262.77252647012938 60.188580278307199 0.51196805387735578 73.547173555009067 105.44939379021525 19.723627018509433 179.93567287828773 261.40520651801489 109.18974040262401 411.74682888109237 66.995565825840458 225.62803958717268 321.56885083252564 196.02092573477421 853.24037100467831 76.538293622725178 32.412884046090767 4.6548118264181531 16.206827166373841 6.9091997174546123 1.5062363236211238 35.27859984152019
leaf_count=3900375 885883 46296 3213 556 1867 23900 37935 72500 4622 2456 104 3479 640 572 10883 52915 825 2609 2351 2739 5356 6055 43305 18186 1770 508 172 728 187 1254
internal_value=-0.0162887 0.00500712 0.0267742 0.0482592 0.0254368 -0.00576933 -0.0171855 -0.0753957 0.0511411 -0.0189622 -0.0122033 0.0044952 0.00308193 0.0708096 0.00475006 -0.00801995 -0.000681106 0.0268968 -0.0324401 0.0167956 0.00401503 0.0353975 0.0750286 -0.0755825 0.00445 -0.0363626 0.10748 0.219154 0.509204 1.58243e-05
internal_weight=14923.6 10970.9 3632.89 1838.95 913.961 7337.98 3474.1 3952.71 578.846 335.116 173.781 3863.88 3790.34 924.989 1793.94 870.782 3273.14 517.196 148.647 923.153 547.197 375.957 872.964 925.663 604.722 266.06 25.1342 8.9274 2.0182 52.0246
internal_count=5134241 1157824 184367 57845 12158 973457 942004 3976417 7835 4323 76042 31453 27974 45687 126522 101489 24725 3249 74851 25033 8095 16938 43877 904069 48066 53423 1191 1019 291 1810
is_linear=0
shrinkage=0.08


Tree=36
num_leaves=31
num_cat=0
split_feature=12 11 1 13 13 13 6 10 2 8 11 1 10 8 13 11 4 5 2 2 2 2 4 3 4 8 14 2 8 14
split_gain=2733.61 379.838 290.558 166.436 620.45 111.25 74.5912 73.0768 52.7451 49.5867 48.8461 46.611 44.269 43.6026 41.094 36.8514 32.3952 26.7366 32.9293 29.4356 20.8056 20.2827 20.1518 24.3978 18.1367 17.8112 17.2761 23.9671 16.7021 24.0463
threshold=0.70991117344553545 0.45000000000000007 0.99295774647887336 0.50588561141116206 0.10500069079856315 0.32099539455861303 1.0000000180025095e-35 0.99593495934959353 0.72481884057971024 0.53532216923588793 0.87500000000000011 0.73765182186234834 0.83157192123706769 0.97590011614401873 0.98809355067328142 0.36666666666666675 0.73214285714285732 0.3816526610644258 0.48934240362811798 0.15535444947209656 0.82426470588235301 0.85145784081954312 0.47222222222222227 0.84680573663624525 0.73214285714285732 0.97590011614401873 1.0000000180025095e-35 0.8588039867109637 0.74527629233511605 1.0000000180025095e-35
decision_type=2 2 2 2 2 2 2 2 2 2 2 2 2 2 2 2 2 2 2 2 2 2 2 2 2 2 2 2 2 2
left_child=5 3 8 4 -2 6 -1 14 17 -6 12 -10 -4 -14 16 -7 -5 19 -19 -3 -11 22 -17 -24 26 -9 27 -8 29 -12
right_child=1 2 10 7 9 15 24 25 11 20 28 -13 13 -15 -16 21 -18 18 -20 -21 -22 -23 23 -25 -26 -27 -28 -29 -30 -31
leaf_value=-0.079052438715485382 0.0039597081782805814 0.073183944126846118 0.059034886775079259 0.017328040735135667 -0.079866186038862641 -0.030802858085385933 0.025812085299897963 0.31271413095754064 0.098028760166452109 -0.045355157741080364 0.069285160995196562 0.023362027969379438 -0.064187899158490075 0.053668248941549521 0.083099249074445075 0.011960911168384204 0.00076650924400867282 0.0069793379511919294 0.076333283921370496 -0.017036216759009258 0.030960721940266077 0.27131230349371488 0.5321608261015901 0.1167432523996237 0.34292812317482319 0.079540969975501988 -0.033978889864216842 0.40469949868920985 0.077278170542478278 -0.11272686481461146
leaf_weight=3475.3828294430277 2574.112809240527 24.334646669216454 152.32310257409699 964.62855216488242 781.47431702230824 28.274221684085205 28.622757782577541 2.1619256660342208 60.544922781176865 176.57035949599231 12.830619686283173 460.33221451711142 47.028857752680779 35.073542185127735 42.817424290813506 15.099900355911819 3493.1718952812953 627.64145592076238 47.102897717501037 473.19679935631575 26.263463168172166 3.7274719050619742 0.99607746402034258 9.8756000865250826 0.93949382472783227 69.392811262980103 63.264601715258323 1.109937565634026 735.58407368278131 7.2819572284352025
leaf_count=3922233 40017 897 4931 8324 888808 13317 4287 12 1968 54478 345 9627 627 1368 279 3896 35050 33020 776 44550 6544 36 49 188 43 2720 12729 26 41999 335
internal_value=-0.0152681 0.0048904 0.0309896 -0.00372291 -0.0166973 -0.0753656 -0.0771511 0.00637474 0.0108584 -0.0707183 0.0654149 0.032041 0.0335118 -0.0138406 0.00509947 0.0345672 0.00435028 0.0014463 0.0118208 -0.0126235 -0.0354736 0.0968011 0.071755 0.154804 -0.00680753 0.086586 -0.0103407 0.0399562 0.0753116 0.00338591
internal_weight=14441.2 10813.9 2683.28 8130.59 3558.42 3627.29 3569.32 4572.17 1693.15 984.308 990.122 520.877 234.426 82.1024 4500.62 57.9733 4457.8 1172.28 674.744 497.531 202.834 29.699 25.9716 10.8717 93.9368 71.5547 92.9973 29.7327 755.697 20.1126
internal_count=5133479 1176675 140443 1036232 989847 3956804 3939318 46385 90838 949830 49605 11595 6926 1995 43653 17486 43374 79243 33796 45447 61022 4169 4133 237 17085 2732 17042 4313 42679 680
is_linear=0
shrinkage=0.08


Tree=37
num_leaves=31
num_cat=0
split_feature=12 10 6 13 7 11 1 13 1 2 10 2 6 11 3 9 12 1 12 4 0 2 14 2 14 3 2 9 10 7
split_gain=2524.67 318.493 483.396 209.217 140.246 92.6326 201.394 76.3594 49.4105 87.3311 60.9272 45.0447 37.5069 33.3462 23.6241 20.0036 19.2526 39.1103 18.7057 15.6857 14.2174 29.9943 12.1425 16.9404 10.9254 12.4159 14.1389 10.2422 9.21248 8.6847
threshold=0.68775000000000008 0.59299959299959315 1.0000000180025095e-35 0.98809355067328142 0.52322070452911584 0.87500000000000011 0.99295774647887336 0.32099539455861303 0.89512961508248245 0.89725545390570038 0.99593495934959353 0.86425061425061434 1.0000000180025095e-35 0.22500000000000003 0.7593103448275863 0.66376811594202911 0.60331143951833621 0.73375527426160347 0.86526825332795487 0.73214285714285732 0.50301204819277123 0.60791925465838526 1.0000000180025095e-35 0.81892697466467967 1.0000000180025095e-35 0.97100840336134464 0.8588039867109637 0.5430335097001765 0.5803225806451614 0.70991117344553545
decision_type=2 2 2 2 2 2 2 2 2 2 2 2 2 2 2 2 2 2 2 2 2 2 2 2 2 2 2 2 2 2
left_child=7 2 4 5 -2 8 11 12 9 -3 -10 -7 -1 20 -15 18 17 -16 -6 22 21 -9 23 -14 25 26 -4 -18 -17 -8
right_child=1 3 24 -5 15 6 29 13 10 -11 -12 -13 19 14 16 28 27 -19 -20 -21 -22 -23 -24 -25 -26 -27 -28 -29 -30 -31
leaf_value=-0.079220001167561255 -0.07842184866037441 -0.024619841081830379 0.0053351264878840725 0.079329718951073394 -0.049253807502839642 0.0048288744013222822 0.030908159089329954 -0.080151722001053208 0.0068604629120898554 0.10857826818589804 0.083449109094167459 0.043218260994926573 0.0039707553902726721 -0.017344945438985872 1.885861982638761 0.71491514148454349 0.019622327273392901 0.26618659455348154 -0.00098368534978141736 0.27774250392339189 -0.063186634136214087 3.4959897991425599 -0.048748054938130912 0.28672715911258123 -0.0012500602407821534 0.005915938474385274 0.055567277020070777 0.17862657271272128 0.17712061490214137 0.076303261035087458
leaf_weight=3138.6050161123858 779.31553985277424 542.34791270224378 69.706086150486954 297.36170713696629 68.629410349123646 1162.2465196682024 28.863740644184873 0.045620853372382864 4383.889944939001 33.445794677420054 67.499134728685021 235.20081215875689 22.082547442638319 7.296898988599426 0.12192826101090659 0.31385636248160054 3.4117510554497121 0.43878444866277277 204.42935209878488 1.106347233057021 13.896690582972949 0.02237077069003135 48.313194048125297 1.4447773422580201 1519.8654322418151 938.14649631455541 73.861530487658456 10.800041518639771 0.58164951304206625 411.58195075020194
leaf_count=3840746 941635 86613 2892 16665 22147 69689 963 37 42650 576 2739 6823 3689 3418 37 22 328 50 9001 38 8312 20 11412 93 29777 7039 498 351 41 24707
internal_value=-0.0147435 0.00382797 -0.0153886 0.0136338 -0.0611138 0.0107882 0.0261574 -0.0766026 0.00516934 -0.0168828 0.00802182 0.0112901 -0.077902 0.0392062 0.100424 -0.0118777 0.158596 0.618389 -0.0131157 -0.0211929 -0.0575404 1.09648 -0.0257965 0.0213344 0.00312359 0.0092688 0.0311782 0.140455 0.365607 0.0733284
internal_weight=14064.9 10817.3 3654.85 7162.44 1053.27 6865.08 1837.89 3247.59 5027.18 575.794 4451.39 1397.45 3211.55 36.0341 22.0694 273.954 14.7725 0.560713 273.059 72.9469 13.9647 0.0679916 71.8405 23.5273 2601.58 1081.71 143.568 14.2118 0.895506 440.446
internal_count=5133008 1264477 1013052 251425 972846 234760 102182 3868531 132578 87189 45389 76512 3855978 12553 4184 31211 766 87 31148 15232 8369 57 15194 3782 40206 10429 3390 679 63 25670
is_linear=0
shrinkage=0.08


Tree=38
num_leaves=31
num_cat=0
split_feature=12 10 6 13 8 11 1 8 1 2 13 7 11 11 6 9 9 10 5 9 7 10 2 14 11 11 10 2 2 12
split_gain=2359.27 294.475 500.894 189.949 86.9305 81.2719 192.961 63.6404 57.2418 52.3669 51.5047 35.5727 81.0853 32.6123 31.0584 29.1613 20.4123 19.6847 17.233 16.1017 15.468 16.0308 15.4666 12.811 12.7812 11.6221 10.5726 9.42298 8.18983 18.7347
threshold=0.68244631185807669 0.57019704433497542 1.0000000180025095e-35 0.98809355067328142 0.58681159420289875 0.45000000000000007 0.97590011614401873 0.99629629629629635 0.83795948987246827 0.8447574334898279 0.32099539455861303 0.48203528399311535 0.22500000000000003 0.70833333333333337 1.0000000180025095e-35 0.64480286738351256 0.64801773604590529 0.82287581699346413 0.64051282051282066 0.99629629629629635 0.54377448475557844 0.61034790365744873 0.85145784081954312 1.0000000180025095e-35 0.29166666666666669 0.36666666666666675 0.71081871345029246 0.57932875667429451 0.81892697466467967 0.60910973084886144
decision_type=2 2 2 2 2 2 2 2 2 2 2 2 2 2 2 2 2 2 2 2 2 2 2 2 2 2 2 2 2 2
left_child=10 2 4 5 24 7 9 8 -3 -7 14 12 -6 -8 -1 -13 17 18 22 -9 -18 -22 -12 28 -2 -26 -23 -4 -16 -30
right_child=1 3 27 -5 11 6 13 19 -10 -11 16 15 -14 -15 23 -17 20 -19 -20 -21 21 26 -24 -25 25 -27 -28 -29 29 -31
leaf_value=-0.079162709685863766 -0.079841808147089244 -0.036670417061338077 -0.088422221748926277 0.077409091592147095 0.23933377020707308 0.0015132968937502792 0.034719720050909987 0.072116429943558047 0.0047716306601722413 0.038261159587309378 -0.061532529427595711 -0.0187775650460432 3.0230116064134469 0.072542519536885591 0.019765359274666838 0.61610479527107298 0.87000275095487856 1.5989779364696919 1.3917424119207544 -0.17874981999843054 0.82544549208222862 0.17132332399105651 0.16573446612521256 -0.046665272376186132 0.30911665531170407 -0.009920803993243835 0.019037887652168604 0.0026044608275887916 0.8416767294993972 0.038125501631755349
leaf_weight=2882.8097451895592 725.04039600351825 224.40799899958074 7.298762423801235 280.16187495365739 0.50063782464712758 1378.0973191773519 222.25907581252977 96.415815193206072 4313.1915187966661 302.69601601379691 16.518079529982074 166.18193229695316 0.0773127272259444 424.66839497594628 18.728737975819971 0.46431437646970053 0.16713997774058853 0.047536779427899911 0.05432644410757248 1.6657399786636222 0.18935416085878287 5.062026445171794 2.1680006851092903 43.396019082865678 0.81917313026497041 6.7716289533418603 6.8878081456641667 2598.1426928095752 0.25855343788862128 0.65897553134709597
leaf_count=3817878 952421 62024 232 16781 245 107689 6544 4772 42604 8499 9176 19562 21 26187 3569 15 29 2 10 64 37 824 178 11139 324 1206 1155 40496 8 72
internal_value=-0.013843 0.00361179 -0.0154229 0.012823 -0.0668812 0.0102245 0.0224212 0.0041002 0.0027221 0.00813126 -0.0768669 -0.0148357 0.611708 0.0595481 -0.077948 -0.0170086 0.0255551 -0.0269039 -0.0310281 0.0678559 0.105644 0.0951195 -0.0351645 -0.0224003 -0.0787606 0.0245086 0.083547 0.00234946 0.0311979 0.264561
internal_weight=13725.8 10748.9 3505.3 7243.56 899.855 6963.4 2327.72 4635.68 4537.6 1680.79 2976.95 167.224 0.577951 646.927 2945.85 166.646 31.0943 18.7879 18.7404 98.0816 12.3063 12.1392 18.6861 63.0423 732.631 7.5908 11.9498 2605.44 19.6463 0.917529
internal_count=5133763 1289686 1014522 275164 973794 258383 148919 109464 104628 116188 3844077 19843 266 32731 3832666 19577 11411 9366 9364 4836 2045 2016 9354 14788 953951 1530 1979 40728 3649 80
is_linear=0
shrinkage=0.08


Tree=39
num_leaves=31
num_cat=0
split_feature=12 8 13 8 13 13 7 8 1 14 10 7 6 1 8 2 13 4 9 4 13 1 8 13 5 10 12 3 8 4
split_gain=2183.07 256.435 244.282 300.432 175.458 87.6381 51.9282 58.7598 173.876 49.0941 47.2247 42.6773 38.1094 25.1332 20.7991 13.7284 12.7716 11.6026 11.3075 9.44608 9.42384 13.9259 9.08206 8.30939 22.6884 52.62 14.1305 10.6581 7.95044 30.7069
threshold=0.69710870169585781 0.7955767350928642 0.10500069079856315 0.53390804597701169 0.98809355067328142 0.32433949100615772 0.70438540332906541 0.99629629629629635 0.99295774647887336 1.0000000180025095e-35 0.99593495934959353 0.69320132013201341 1.0000000180025095e-35 0.87841832963784194 0.65142409197805085 0.86729559748427687 0.44162118075161555 0.73214285714285732 0.82793451758969006 0.47222222222222227 0.4546431595631501 0.94641148325358859 0.92990501146413374 0.087451404430809496 0.13100686498855837 0.78817016317016331 0.70632463511720489 0.71563342318059309 0.77836257309941526 0.64583333333333337
decision_type=2 2 2 2 2 2 2 2 2 2 2 2 2 2 2 2 2 2 2 2 2 2 2 2 2 2 2 2 2 2
left_child=5 2 23 -4 6 12 16 10 -9 11 -8 -5 28 -11 -7 20 22 19 -18 -14 21 -16 -3 27 25 -25 -26 -2 -1 -30
right_child=1 4 3 9 -6 14 7 8 -10 13 -12 -13 17 -15 15 -17 18 -19 -20 -21 -22 -23 -24 24 26 -27 -28 -29 29 -31
leaf_value=-0.079427929303987774 -0.061221780916872644 -0.06669400949885318 -0.079277480343750886 0.048323100468284592 0.077723621444239305 -0.055804462542469235 0.004270041471381443 0.0087982202656515015 0.075823422388877057 -0.072929602254024756 0.065642671156902019 -0.0057041302854101937 -0.07266770628788187 -0.01657797295327584 0.0094247944297759408 0.17855073478206765 0.070010601992762392 0.21120183369105369 -0.083655355864160105 -0.0082672228181141436 -0.083003752969681488 0.13407861300415966 0.57026108442758561 -0.080115681179409481 0.71569742383315704 3.3486727690768898 -0.012484138825332464 0.0023155687779848164 -0.047166813672174734 2.4461637883270773
leaf_weight=2667.171956161852 17.008188691048417 6.0439361708704373 648.54883134993725 148.98768582771299 260.05883090104908 11.655549697810782 4655.1104245384922 1100.9766313252039 319.62093591783196 62.727790310804266 81.648967855959199 251.58190967078554 19.912316194502637 263.16717046959093 13.621246359078217 5.950983013783115 121.41076398873702 1.3491414804011572 3.1440832633525124 54.396884734742343 3.2710534671787164 9.9079373293789104 0.14674560155253846 0.074235667590982213 0.20106359565397713 0.04664298112038523 1.1239100940874776 2576.9058159961714 44.652977315534372 0.031634699553250267
leaf_count=3839100 2863 2361 922202 6399 16784 8473 114893 23873 20548 33858 2489 22926 8525 17861 3874 61 1217 36 35 7325 82 288 21 62 241 12 634 38091 38018 1
internal_value=-0.0131819 0.00360377 -0.0124377 -0.0397002 0.0133303 -0.0755286 0.0106672 0.00960778 0.0238783 -0.00436773 0.00532794 0.0143907 -0.0773049 -0.0274245 0.0359727 0.0686345 0.0605574 -0.021303 0.0661317 -0.0255243 0.0442276 0.0619154 -0.0515955 0.00200583 0.193736 1.24294 0.0980168 0.00189896 -0.0788673 -0.0454016
internal_weight=13350.5 10518.5 3970.37 1375.01 6548.16 2831.92 6288.1 6157.36 1420.6 726.465 4736.76 400.57 2787.51 325.895 44.4068 32.7512 130.746 75.6583 124.555 74.3092 26.8002 23.5292 6.19068 2595.36 1.44585 0.120879 1.32497 2593.91 2711.86 44.6846
internal_count=5133153 1227370 1045149 1003246 182221 3905783 165437 161803 44421 81044 117382 29325 3893005 51719 12778 4305 3634 15886 1252 15850 4244 4162 2382 41903 949 74 875 40954 3877119 38019
is_linear=0
shrinkage=0.08


Tree=40
num_leaves=31
num_cat=0
split_feature=12 13 10 6 11 1 1 3 8 7 1 11 8 5 0 10 13 6 9 1 13 5 14 3 14 9 8 4 5 3
split_gain=2039.61 205.88 148.865 513.86 62.5038 169.495 61.1184 59.0762 55.3911 39.699 37.2739 34.5966 33.233 26.2089 23.6088 20.0896 33.7061 19.928 14.6295 12.0883 10.7269 22.95 10.0508 8.17524 8.14724 7.49023 10.0652 6.94161 6.52469 14.6503
threshold=0.68063171748190399 0.98809355067328142 0.54870335230866552 1.0000000180025095e-35 0.36666666666666675 0.97590011614401873 0.89059829059829065 0.89417693169092949 0.99629629629629635 0.54085850556438808 0.41897974493623413 0.63333333333333341 0.53390804597701169 0.47673160173160178 0.80901722391084108 0.6064010895471571 0.31170162828711928 1.0000000180025095e-35 0.64480286738351256 0.41897974493623413 0.32099539455861303 0.6224318658280924 1.0000000180025095e-35 0.69028213166144214 1.0000000180025095e-35 0.58370206489675525 0.75701915507740758 0.64583333333333337 0.64051282051282066 0.77871939736346529
decision_type=2 2 2 2 2 2 2 2 2 2 2 2 2 2 2 2 2 2 2 2 2 2 2 2 2 2 2 2 2 2
left_child=7 2 3 12 6 10 14 20 -8 17 -6 -7 -2 15 -4 16 -11 -9 -14 -17 27 -22 -19 -5 -25 -15 -27 -1 -29 -30
right_child=1 -3 4 23 5 11 8 9 -10 13 -12 -13 18 25 -16 19 -18 22 -20 -21 21 -23 -24 24 -26 26 -28 28 29 -31
leaf_value=-0.079536745497252148 -0.079418754797596899 0.075862264914924982 -0.040969900796976877 -0.075163403872107015 -0.0043966307285821715 0.02853923897014916 0.0043051447654131507 -0.079000779036309324 0.07712126048338179 1.5340276429596171 0.019702812033315427 0.069333597253092794 -0.034513757233815869 -0.066014592716196863 0.0095453928140171434 0.5499619499834093 0.33340650825897883 0.068600848770145995 0.41658926628484422 0.13475607808265166 -0.021826694533373263 1.8753069268267804 -0.023287619030916029 0.0097098300831245515 0.000631872135595017 0.18537098432933863 -0.011521953284009357 -0.0088623108086877088 1.7614905381831929 -0.080222861739715212
leaf_weight=2434.6803396908217 609.53433135221712 243.88916776329279 265.40387770679081 8.2924869726411981 951.64223788416712 200.1704965402605 4267.9741771584377 34.251054823223967 67.923835404217243 0.19777690753107791 722.65160468110116 396.78438556240872 115.64006947673624 3.1879778401344065 76.215370189107489 0.51605592423584346 0.61497991345822811 11.408860270632429 0.46194270253181358 3.4416378648020327 18.088032727944668 0.040902378968893482 22.929442630847916 1080.7741932414938 1526.2361797775375 3.1993737702723593 3.457231659675017 6.6304959468543521 0.043356300913728663 0.076271865051239729
leaf_count=3766284 944076 16817 67874 1089 102065 6262 49175 49048 4181 22 19304 26548 23036 612 1533 7 90 290 3 123 9478 12 1161 10187 29699 341 46 4318 2 96
internal_value=-0.0123075 0.00321581 0.00149392 -0.0123833 0.00816606 0.0190545 0.002879 -0.0766141 0.00544584 -0.0103163 0.00600507 0.0556545 -0.0719468 0.109395 -0.0296999 0.263293 0.625567 -0.0358244 -0.0327189 0.188896 -0.0788569 -0.0175464 0.00724222 0.00414301 0.00439527 0.0348195 0.083111 -0.0793121 0.00170241 0.587261
internal_weight=13076.4 10533.6 10289.7 3340.94 6948.77 2271.25 4677.52 2542.76 4335.9 83.2044 1674.29 596.955 725.636 14.615 341.619 4.77045 0.812757 68.5894 116.102 3.95769 2459.56 18.1289 34.3383 2615.3 2607.01 9.84458 6.65661 2441.43 6.75012 0.119628
internal_count=5133779 1301849 1285032 1008090 276942 154179 122763 3831930 53356 51740 121369 32810 967115 1241 69407 242 112 50499 23039 130 3780190 9490 1451 40975 39886 999 387 3770700 4416 98
is_linear=0
shrinkage=0.08


Tree=41
num_leaves=31
num_cat=0
split_feature=12 11 3 13 13 8 8 3 3 8 7 11 0 8 3 2 4 0 0 6 0 2 4 13 8 0 8 10 11 14
split_gain=1885.99 212.866 219.166 89.5148 362.656 127.719 78.9266 72.1843 48.7354 43.9223 39.6948 93.1825 52.7732 34.8397 27.4836 23.9856 22.1319 38.1465 37.3591 20.7902 20.3028 18.0126 17.2505 16.3742 14.9023 12.5707 11.5836 11.3882 9.98075 9.28816
threshold=0.68244631185807669 0.63333333333333341 0.94826048171275656 0.50588561141116206 0.17446543114819488 0.53532216923588793 0.99629629629629635 0.89725545390570038 0.49018097805159805 0.8257418909592823 0.88669519548725939 0.22500000000000003 0.90219990435198483 0.63686313686313689 0.91010101010101019 0.28759398496240607 0.07417582417582419 0.81120250685468098 0.41897974493623408 1.0000000180025095e-35 0.29300813008130089 0.68237250554323736 0.5634920634920636 0.32099539455861303 0.57517123287671235 0.47690120824449184 0.8257418909592823 0.85839598997493749 0.29166666666666669 1.0000000180025095e-35
decision_type=2 2 2 2 2 2 2 2 2 2 2 2 2 2 2 2 2 2 2 2 2 2 2 2 2 2 2 2 2 2
left_child=7 3 8 4 -2 28 10 23 9 27 11 -5 -12 19 -7 -11 18 -18 -10 -9 29 26 -8 -1 -22 -23 -15 -3 -6 -4
right_child=1 2 20 6 5 14 22 13 16 15 12 -13 -14 21 -16 -17 17 -19 -20 -21 24 25 -24 -25 -26 -27 -28 -29 -30 -31
leaf_value=-0.079242871403050072 0.0028927014704126786 -0.073828336366370637 0.0032154031858437461 0.00196326767396242 -0.079762586616416928 -0.030076020796495018 0.020563784114589916 -0.07170279718451196 0.013627534056778088 0.0097616684867503495 -0.023936420782853313 0.042493767546478961 0.0026675435794595143 0.091028960776025056 0.022571505743029154 -0.027080075252769599 -0.011416630293799399 0.035559818146644197 0.072244100792312832 0.016611908229390637 -0.080602086307895227 0.46700799278019617 0.073212543001324709 -0.0042842422302101571 0.070465416212491236 0.16279517795856532 -0.12976920488295637 0.13342650515324261 0.088573090744958657 -0.28982644009269154
leaf_weight=2264.7652647288633 2672.1767002219567 62.89739192154957 1.3441660376265645 1704.8238456599647 561.00144609058043 266.48368120205123 58.693739588372409 33.429057462606579 144.07037538115401 477.24524752702564 643.85207423660904 461.26025652140379 1843.6384688103572 8.2962232225690951 83.295281617494766 148.22204652579967 211.3666109428741 232.12707894027699 134.6039435697603 34.83899473794736 4.2101279157213858 1.1823113041464228 123.92586992494762 18.805662590777501 568.66492934687994 3.2839096304378472 1.8619501367211331 1.7438252922147501 2.2632856097770846 1.4272453503217539
leaf_count=3782538 61112 47145 56 23675 945484 83509 1568 49098 7729 12678 5866 3907 11381 501 8422 12355 3064 7278 4957 1409 299 11 7518 9894 41220 81 14 125 936 31
internal_value=-0.011498 0.00315757 0.026704 -0.00240069 -0.0119801 -0.0555079 0.00470082 -0.0759636 0.00974517 -0.00545725 0.00267626 0.0105941 -0.00421852 -0.00262857 -0.0175387 0.00103098 0.0242727 0.0131711 0.0419402 -0.0266335 0.0683102 0.109429 0.0562913 -0.0786256 0.0693552 0.243327 0.0505576 -0.0682372 -0.0790862 -0.147698
internal_weight=12775.8 10409.3 1987.92 8421.41 3585.22 913.044 4836.19 2366.46 1412.28 690.109 4653.57 2166.08 2487.49 82.8924 349.779 625.467 722.168 443.494 278.674 68.2681 575.646 14.6244 182.62 2283.57 572.875 4.46622 10.1582 64.6412 563.265 2.77141
internal_count=5133861 1290315 136937 1153378 1099463 1038351 53915 3843546 95331 72303 44829 27582 17247 51114 91931 25033 23028 10342 12686 50507 41606 607 9086 3792432 41519 92 515 47270 946420 87
is_linear=0
shrinkage=0.08


Tree=42
num_leaves=31
num_cat=0
split_feature=12 13 8 13 8 3 11 1 3 8 7 1 7 2 7 13 11 11 5 0 2 11 7 4 10 3 5 1 2 0
split_gain=1722.82 177.525 140.385 183.689 270.861 71.3358 53.9786 150.429 52.3071 46.9308 51.9529 48.0483 39.3422 22.6128 18.5304 17.0507 14.7099 13.1748 13.13 11.5241 10.4435 10.4048 30.6138 9.77757 8.80392 7.22451 15.5102 6.34977 6.31179 5.14069
threshold=0.68244631185807669 0.98809355067328142 0.80576285240464351 0.10500069079856315 0.58240137642865941 0.89417693169092949 0.87500000000000011 0.99295774647887336 0.53950103950103967 0.99629629629629635 0.74736374736374744 0.99295774647887336 0.55291153415453531 0.83752357008170975 1.0000000180025095e-35 0.32099539455861303 0.18333333333333338 0.45000000000000007 0.64365079365079381 0.29300813008130089 0.97726098191214472 0.45000000000000007 0.67942846675215252 0.47222222222222227 0.76339712918660307 0.80810147299509016 0.38832199546485263 0.938137755102041 0.47856705450091863 0.81120250685468098
decision_type=2 2 2 2 2 2 2 2 2 2 2 2 2 2 2 2 2 2 2 2 2 2 2 2 2 2 2 2 2 2
left_child=5 2 3 25 16 15 9 13 -6 10 -4 -11 14 -8 23 -1 -5 -14 21 -9 -16 -17 -23 -7 28 26 -2 -25 -19 -27
right_child=1 -3 6 4 8 12 7 19 -10 11 -12 -13 17 -15 20 18 -18 24 -20 -21 -22 22 -24 27 -26 29 -28 -29 -30 -31
leaf_value=-0.079032352401222458 -0.032152294940323067 0.074813991161527496 0.036159603482241613 -0.079170079020450826 -0.065973818490954433 -0.081398727762014234 0.0046523791246181005 -0.1668682001279049 0.0022300632362320695 0.0084821196156166408 -0.00030476677140558328 0.073768700449381011 0.019344054336311305 0.032252961401346418 -0.079192204447941603 -0.06459662597836649 0.01243751891035581 -0.066817514874042402 1.119156839504166 0.073120777444675766 0.76357439022985918 0.036624919793216977 1.3833363334384481 0.1692496480277966 0.3330498900444151 -0.0086455249578780442 0.074829852514236739 0.017163760179438138 0.15300071293514192 0.0037251724822317945
leaf_weight=2090.7416272313567 79.932465901307296 213.50157371722162 267.09922398632625 546.16135840211064 79.986551609646995 6.5241792362648985 1077.2130654817447 1.28603369090706 717.61437788786134 179.10389368445612 3920.9145615731832 120.8095526592806 7.0541594990645562 230.65370427351445 30.982720067549966 10.070978151750756 11.453549256315453 0.93628874147543495 0.066372655332087471 301.43539599562064 0.094391432008705034 9.3893852197215857 0.10928823222639117 1.8737374786287571 1.6096352988388378 237.26049431762658 9.7287627683253941 28.189199773594737 7.8045878581469879 2290.1194016286172
leaf_count=3781510 6118 16783 15995 964819 77808 504 36828 68 19761 6785 63981 7856 688 7488 50426 6932 2434 188 1 24844 56 2905 40 131 22 7333 3469 841 165 27266
internal_value=-0.0111073 0.00262621 0.00109582 -0.0106076 -0.034514 -0.0754402 0.00871882 0.0212826 -0.00460969 0.00421005 0.00202082 0.0347805 -0.00361496 0.00951998 -0.0312072 -0.0783355 -0.0772884 0.103656 -0.00413536 0.0721012 -0.0766324 -0.00794513 0.0521197 0.00737697 0.161116 0.00177217 -0.0205441 0.0266428 0.129455 0.00256386
internal_weight=12479.7 10284.3 10070.8 3972.26 1355.22 2195.45 6098.52 1610.59 797.601 4487.93 4188.01 299.913 85.0689 1307.87 67.6642 2110.38 557.615 17.4047 19.636 302.721 31.0771 19.5697 9.49867 36.5871 10.3505 2617.04 89.6612 30.0629 8.74088 2527.38
internal_count=5134045 1289636 1272853 1109008 1064822 3844409 163845 69228 97569 94617 79976 14641 53021 44316 51958 3791388 967253 1063 9878 24912 50482 9877 2945 1476 375 44186 9587 972 353 34599
is_linear=0
shrinkage=0.08


Tree=43
num_leaves=31
num_cat=0
split_feature=12 13 11 3 7 11 10 6 7 3 9 2 5 12 5 1 9 6 13 10 11 9 2 2 2 2 2 2 10 4
split_gain=1632.55 166.721 98.5777 106.142 63.6271 101.064 58.0611 83.2066 361.246 50.387 46.4899 33.7997 36.0244 23.368 23.1094 22.118 19.5607 19.1258 15.4232 11.6654 10.5345 12.7124 9.234 8.06207 7.03191 6.32495 5.8848 12.4968 6.83778 9.06157
threshold=0.68244631185807669 0.98809355067328142 0.22500000000000003 0.65345368916797508 0.86769720390997962 0.70833333333333337 0.96039215686274526 1.0000000180025095e-35 0.4936668270001604 0.89725545390570038 0.94609125254286564 0.27334993773349942 0.76095238095238105 0.91704892966360863 0.16035714285714289 0.60158730158730167 0.58370206489675525 1.0000000180025095e-35 0.32099539455861303 0.97259759759759767 0.45000000000000007 0.6064010895471571 0.68237250554323736 0.57932875667429451 0.81892697466467967 0.5131670131670133 0.85145784081954312 0.9025932953826693 0.66978193146417464 0.58571428571428574
decision_type=2 2 2 2 2 2 2 2 2 2 2 2 2 2 2 2 2 2 2 2 2 2 2 2 2 2 2 2 2 2
left_child=9 2 6 11 15 -6 7 8 -2 18 19 12 -4 -13 -12 -5 17 -11 -1 -8 -18 25 -23 -9 -19 -22 28 -28 -20 -30
right_child=1 -3 3 4 5 -7 10 23 -10 16 14 13 -14 -15 -16 -17 20 24 26 -21 21 22 -24 -25 -26 -27 27 -29 29 -31
leaf_value=-0.078946892847887903 -0.078994299542814214 0.07521406052252276 0.013440257664507165 0.10062341729533709 -0.010903138498431584 0.034983658333193467 0.03979948818844882 -0.086640666117284354 -0.0044035305048376727 -0.074669856166702839 0.01485462361228348 -0.04069847677813334 -0.044209309257838808 -0.0050160478008504164 -0.01838766133569586 0.040488186548274269 -0.015858841662733429 0.0012638234745899599 -0.058211407080980118 0.08684755003118251 0.74435715259743107 0.042462642772078216 0.25330818449709491 0.0043868271190516898 0.13597687730807703 0.27456137906901601 0.70035831360940626 0.015193241304329587 0.019725100148836473 0.37577817921768503
leaf_weight=1933.3880726368516 481.92423305934062 199.58797451853752 526.29727437871043 41.641980308049824 569.90069086314179 666.37665485031903 98.980267512029968 6.2418901758501297 3016.6766321741743 31.03515271411743 568.3854367013555 233.46354355599033 79.904515033122152 236.39714765950339 175.0628530967515 652.6092136160587 4.1473263041116279 32.279786514118314 9.9845408086548613 51.16255554696545 0.29031208372907702 4.3615464909235016 1.9121637766947968 2616.3392817854183 2.6862705610692492 0.49807015806436539 0.23235384019790117 0.63861747022019699 6.8403516526450394 0.4902472153189591
leaf_count=3782090 941141 16811 60533 1431 8227 29231 645 230 57492 49039 4101 94665 6249 10069 1641 15700 419 1371 7664 1747 40 143 22 40410 33 16 41 53 2183 36
internal_value=-0.0101971 0.00281455 0.00137262 0.0134921 0.0247143 0.0138307 -0.00382191 -0.00660276 -0.0146782 -0.0757494 0.0152272 -0.0066412 0.00584137 -0.0227459 0.00702692 0.0440952 -0.0123646 -0.0289589 -0.0782571 0.0558316 0.0853429 0.144775 0.106726 0.00417018 0.0116132 0.447558 -0.00492847 0.197979 -0.0151349 0.0435368
internal_weight=12249.7 10221 10021.4 3006.59 1930.53 1236.28 7014.77 6121.18 3498.6 2028.78 893.591 1076.06 606.202 469.861 743.448 694.251 77.2106 66.0012 1951.57 150.143 11.2094 7.06209 6.27371 2622.58 34.9661 0.788382 18.1861 0.870971 17.3151 7.3306
internal_count=5133473 1290323 1273512 226105 54589 37458 1047407 1039273 998633 3843150 8134 171516 66782 104734 5742 17131 51083 50443 3792067 2392 640 221 165 40640 1404 56 9977 94 9883 2219
is_linear=0
shrinkage=0.08


Tree=44
num_leaves=31
num_cat=0
split_feature=12 13 8 7 10 3 14 11 1 7 13 8 11 2 2 13 7 4 9 4 1 4 8 4 3 5 9 7 8 2
split_gain=1470.66 155.078 92.9058 167.275 231.509 60.6221 50.2956 44.4208 143.991 50.8473 54.7389 47.0091 34.9506 20.3387 15.6186 13.0455 11.9389 10.8993 10.263 9.50329 8.62744 8.23153 7.21312 7.08288 13.6319 6.97285 9.72163 32.1085 28.3877 6.78432
threshold=0.68063171748190399 0.98809355067328142 0.7955767350928642 1.0000000180025095e-35 0.54870335230866552 0.88067796610169491 1.0000000180025095e-35 0.87500000000000011 0.99295774647887336 0.7590571802706243 0.50588561141116206 0.99629629629629635 0.36666666666666675 0.8402898550724639 0.68237250554323736 0.33771518383200033 1.0000000180025095e-35 0.38750000000000007 0.64480286738351256 0.27922077922077926 0.45633104500381394 0.64583333333333337 0.69006568144499181 0.38750000000000007 0.9439203354297695 0.14415584415584418 0.62668584786908843 0.6755001755001756 0.67669683257918567 0.85145784081954312
decision_type=2 2 2 2 2 2 2 2 2 2 2 2 2 2 2 2 2 2 2 2 2 2 2 2 2 2 2 2 2 2
left_child=5 2 3 23 18 15 -6 9 13 10 -4 -11 16 -9 17 21 -7 -14 -5 -10 -16 -1 -18 24 -2 26 27 -17 -28 -27
right_child=1 -3 7 4 6 12 -8 8 19 11 -12 -13 14 -15 20 25 22 -19 -20 -21 -22 -23 -24 -25 -26 29 28 -29 -30 -31
leaf_value=-0.079235584903090003 0.19799967242054087 0.07402926072106833 -0.042891422875399508 -0.075960318919625777 0.014728102559525507 0.00071477547685175151 -0.028446774573538558 0.0026255286391073935 -0.09009932104126564 -0.0022265899883662076 0.043841887644068815 0.031319407801926907 -0.037386367186013576 0.029567819611564433 0.40399469719395598 -0.077296936204635916 -0.080179481601993813 0.13718840116157155 0.35980651354454835 0.072033417235746008 0.15980811288881108 0.018130108076151126 0.027250909901199664 0.0018388330179435828 -0.086337755334960423 -0.064868077486052722 0.71606106434603789 2.5257202808692263 0.057263995070681084 0.36907624641996012
leaf_weight=1774.1799231529003 3.1138147041201583 186.9922884143889 54.646970741392579 499.02406880128547 390.57499242594349 35.787588660256006 309.53478826271021 1091.7492163977004 2.3334702607244244 3901.2767024310306 315.07080077100545 287.01932649547234 4.664583574573042 214.56520672910847 1.2995739215984929 2.5056282150326283 29.305225584248547 4.4939206799608655 0.3461360891815265 273.50387481693178 3.2215172720025294 5.5745662756380616 4.6321457943413398 2620.7147095957189 1.6514258328825233 6.7968537806300446 0.50188865518430281 0.030699783819727489 2.5227210520533845 0.23867517802864302
leaf_count=3763198 461 16843 20926 962463 38964 1679 71513 39696 177 61338 1936 14368 1252 7464 12 1719 56061 236 3 24939 62 4119 158 40358 38 2947 206 21 404 6
internal_value=-0.0101749 0.00184942 0.000494991 -0.00929194 -0.0340434 -0.075254 -0.00436051 0.00659167 0.018141 0.00258274 0.0310221 7.22804e-05 -0.00858346 0.00705086 0.108334 -0.0783564 -0.031522 0.0482745 -0.0756583 0.0706618 0.229999 -0.0789306 -0.0655162 0.00201602 0.0994606 0.00277032 0.0697195 -0.0457899 0.166581 -0.0501468
internal_weight=12027.9 10152.1 9965.13 3824.96 1199.48 1875.76 700.11 6140.17 1582.15 4558.01 369.718 4188.3 83.4046 1306.31 13.6796 1792.35 69.725 9.1585 499.37 275.837 4.52109 1779.75 33.9374 2625.48 4.76524 12.5965 5.56094 2.53633 3.02461 7.03553
internal_count=5133567 1301487 1284644 1113800 1072943 3832080 110477 170844 72276 98568 22862 75706 59460 47160 1562 3772620 57898 1488 962466 25116 74 3767317 56219 40857 499 5303 2350 1740 610 2953
is_linear=0
shrinkage=0.08


Tree=45
num_leaves=31
num_cat=0
split_feature=12 13 8 6 8 3 3 7 11 1 8 2 11 13 8 14 2 4 1 6 13 6 5 4 5 12 3 4 1 0
split_gain=1360.13 136.852 80.4301 114.431 260.747 57.5226 50.8279 37.312 37.9128 137.612 36.629 30.9403 19.1217 14.669 14.2929 13.8774 13.5716 15.8993 12.8054 10.4292 11.7178 8.85613 8.45394 7.42337 7.15523 6.35916 6.0321 5.7977 5.74382 5.33236
threshold=0.68063171748190399 0.98809355067328142 0.81375640520299575 1.0000000180025095e-35 0.53390804597701169 0.89417693169092949 0.53950103950103967 0.7590571802706243 0.87500000000000011 0.99295774647887336 0.99629629629629635 0.87298335467349564 0.45000000000000007 0.32099539455861303 0.8402898550724639 1.0000000180025095e-35 0.68237250554323736 0.38750000000000007 0.2428337428337429 1.0000000180025095e-35 0.42222788826562424 1.0000000180025095e-35 0.053342816500711245 0.64583333333333337 0.18834459459459463 0.63211600429645554 0.69028213166144214 0.47222222222222227 0.938137755102041 0.66260162601626027
decision_type=2 2 2 2 2 2 2 2 2 2 2 2 2 2 2 2 2 2 2 2 2 2 2 2 2 2 2 2 2 2
left_child=5 2 3 4 -2 13 -6 11 10 -10 -9 18 19 21 -15 -13 17 29 -4 20 -7 -1 -16 -23 -25 -19 -5 -21 -29 -14
right_child=1 -3 7 26 6 12 -8 8 9 -11 -12 15 16 14 22 -17 -18 25 -20 27 -22 23 -24 24 -26 -27 -28 28 -30 -31
leaf_value=-0.079258516280588415 -0.079009638488100664 0.072532466968882117 0.078289556853157777 -0.072615816563340624 -0.060260889338633099 -0.070201960928390872 0.003089984583492706 -0.0010059063300827803 0.0053397627107918131 0.071935081568890724 0.028744408921290432 0.070317652618260312 -0.091652650605498889 -0.02678445526671959 0.57167442771632049 0.028906009029056396 0.19515103431059785 0.26356069117931286 -0.0079650339494394644 -0.068164394543880957 0.27411489377729631 -0.047438108402382828 0.12455307827190394 0.34470338326772032 0.032043651021614404 0.062800377433302051 0.0016778991203597645 0.14788935167552972 0.0080924023399502679 0.34960633048464373
leaf_weight=1627.2028173649742 424.76897545118118 172.35660590976477 12.241979359183459 7.0128836304647839 89.902184744249098 27.345268266799398 823.59468953724718 3834.8184347978095 1242.9576985605527 236.34727148432285 284.51395188597962 113.15638478985056 4.7095739923533966 16.070040797290861 0.35963554331101377 95.496345090214163 4.3571248961379743 1.5685890768654642 109.96567014104221 6.0757435604464254 0.64754942222498257 14.645551184017679 1.0936329793184993 0.56275422708131317 2.7952971723861992 2.8344186793547124 2639.1882126683486 2.0188533982727703 27.543806726112962 0.18204706045798946
leaf_count=3757510 958890 16687 5491 1108 90766 48924 36074 59831 35086 23514 14355 1229 1189 9421 8 1123 64 143 17676 509 31 12885 60 36 176 88 39837 120 821 16
internal_value=-0.00940988 0.00185859 0.000629903 -0.00816031 -0.0272244 -0.0747297 -0.00314472 0.0065367 0.00499398 0.0159796 0.00104889 0.0326417 -0.00726107 -0.0778656 -0.00505712 0.0513643 0.0786506 0.0240376 0.000675398 -0.025693 -0.062237 -0.0786411 0.235201 -0.02284 0.0844403 0.134322 0.00148101 0.00301116 0.0176392 -0.0752307
internal_weight=11826.3 10086.3 9913.96 3984.47 1338.27 1740.01 913.497 5929.5 5598.64 1479.3 4119.33 330.86 77.283 1662.73 17.5233 208.653 13.6518 9.29463 122.208 63.6312 27.9928 1645.21 1.45327 18.0036 3.35805 4.40301 2646.2 35.6384 29.5627 4.89162
internal_count=5133668 1301667 1284980 1126675 1085730 3832001 126840 158305 132786 58600 74186 25519 51905 3780096 9489 2352 1500 1436 23167 50405 48955 3770607 68 13097 212 231 40945 1450 941 1205
is_linear=0
shrinkage=0.08


Tree=46
num_leaves=31
num_cat=0
split_feature=12 13 11 2 4 4 3 1 2 13 4 4 8 12 1 13 11 13 3 6 2 9 2 4 4 0 1 9 8 13
split_gain=1281.44 118.153 75.621 98.557 61.4737 71.7854 56.3537 53.8554 90.431 45.0851 42.3331 46.4485 35.1006 31.5905 31.1739 18.7883 16.9644 16.334 12.6083 11.4324 10.6491 9.70933 9.99528 9.67068 9.5393 9.31425 8.36189 18.1982 6.89569 6.58237
threshold=0.68244631185807669 0.98809355067328142 0.22500000000000003 0.48934240362811798 0.080128205128205135 0.43650793650793657 0.89725545390570038 0.89059829059829065 0.8402898550724639 0.50588561141116206 0.61250000000000016 0.94444444444444453 0.8257418909592823 0.81106578276389618 0.85053191489361712 0.17169961304256534 0.36666666666666675 0.33338760447194188 0.7974358974358976 1.0000000180025095e-35 0.68237250554323736 0.64112350753572134 0.85145784081954312 0.64583333333333337 0.47222222222222227 0.80901722391084108 0.50352112676056349 0.70438540332906541 0.67669683257918567 0.36578664886580653
decision_type=2 2 2 2 2 2 2 2 2 2 2 2 2 2 2 2 2 2 2 2 2 2 2 2 2 2 2 2 2 2
left_child=6 2 7 12 9 -6 17 8 25 -5 13 -12 18 -9 -10 -14 19 23 -4 -8 24 22 -19 -1 -18 -2 27 -23 -28 -24
right_child=1 -3 3 4 5 -7 16 10 14 -11 11 -13 15 -15 -16 -17 20 21 -20 -21 -22 26 29 -25 -26 -27 28 -29 -30 -31
leaf_value=-0.078813719266033019 -0.076108346287157 0.070152411573026929 -0.054479546375748714 0.12188049647642277 -0.013462349627967028 0.02752428764436135 -0.06479621522127138 -0.028252062951672187 0.092789559583350667 0.036469605261854346 -0.017386166216254145 -0.00013811464458378278 0.01836611188314247 0.027485126582851429 -0.0037691411658407306 -0.0077784036531295311 -0.05533280004787007 -0.074144071304549725 0.13539696685799965 0.0048265700367818012 0.18215421436738122 2.3266536389928762 0.61661189447417353 0.021747210322556467 0.10437103411923719 -0.030240613712822793 0.23635246876345622 -0.080484312264848784 0.027938314744856769 -0.014519560057798453
leaf_weight=1524.8083361456229 163.65518422314199 161.86644951254129 103.67835996669601 65.089744081546087 346.54883200323093 1297.141445389716 26.178148401057115 75.702456362079829 29.837008408969268 100.81971196178347 1261.1504890832002 4811.6158397240506 225.69167835440021 463.78817680981592 75.663831965677673 797.64062048564665 4.5984689263277669 7.5347725627943856 2.2875577997183418 35.650488753803074 4.0763890137895933 0.033238294417969771 0.22846007195767004 6.1450432599231126 4.9924243956338614 34.267171400599182 1.258519474766217 0.050853991881012917 5.2729782048263587 0.19691948220133781
leaf_count=3781418 149539 16821 94372 2138 6419 41768 48393 34602 5867 3285 214598 568957 11397 40741 14328 66313 1192 4855 80 1420 58 22 32 4628 215 18219 396 21 1047 16
internal_value=-0.0083219 0.00235752 0.00124395 0.0119942 0.0235674 0.0188828 -0.0743109 -0.00332448 -0.0362807 0.0699781 -0.00181218 -0.00372007 -0.00655089 0.019664 0.0235389 -0.00201234 -0.0068219 -0.0776076 -0.0503806 -0.0246516 0.0738369 0.00668005 -0.0528441 -0.0784101 0.0277991 -0.0681671 0.0783019 0.87096 0.0680965 0.324444
internal_weight=11637.5 10016.4 9854.58 2938.9 1809.6 1643.69 1621.03 6915.68 303.423 165.909 6612.26 6072.77 1129.3 539.491 105.501 1023.33 75.4959 1545.53 105.966 61.8286 13.6673 14.5757 7.96015 1530.95 9.59089 197.922 6.61559 0.0840923 6.5315 0.42538
internal_count=5133157 1289444 1272623 225772 53610 48187 3843713 1046851 187953 5423 858898 783555 172162 75343 20195 77710 51278 3792435 94452 49813 1465 6389 4903 3786046 1407 167758 1486 43 1443 48
is_linear=0
shrinkage=0.08


Tree=47
num_leaves=31
num_cat=0
split_feature=12 13 10 6 8 3 11 1 1 2 8 2 7 8 7 9 6 3 9 13 14 13 2 2 9 5 1 5 11 9
split_gain=1168.69 114.803 73.2426 247.15 106.16 45.9967 38.6533 118.397 33.0138 70.0465 67.0968 19.5395 17.9625 15.0115 13.6393 12.8681 12.1679 11.4577 63.1472 10.4979 9.92735 7.38528 6.59162 5.37523 67.6923 5.02101 4.99775 8.43504 4.85946 6.59049
threshold=0.65989690721649474 0.98809355067328142 0.59299959299959315 1.0000000180025095e-35 0.52512626262626283 0.89417693169092949 0.70833333333333337 0.99295774647887336 0.89512961508248245 0.89725545390570038 0.99629629629629635 0.86425061425061434 0.54085850556438808 0.8402898550724639 0.70991117344553545 0.26344707923655297 1.0000000180025095e-35 0.22474747474747478 0.6844476055002372 0.32099539455861303 1.0000000180025095e-35 0.16150470235306721 0.57932875667429451 0.83752357008170975 0.72928921568627469 0.24283374283374287 0.70396452790818997 0.79205974842767313 0.45000000000000007 0.67942846675215252
decision_type=2 2 2 2 2 2 2 2 2 2 2 2 2 2 2 2 2 2 2 2 2 2 2 2 2 2 2 2 2 2
left_child=5 2 3 4 -2 13 8 11 9 -4 -10 -8 16 23 -9 -6 -7 18 -15 21 -18 -19 -5 -1 25 -25 -14 -28 29 -3
right_child=1 28 6 22 15 12 7 14 10 -11 -12 -13 26 17 -16 -17 20 19 -20 -21 -22 -23 -24 24 -26 -27 27 -29 -30 -31
leaf_value=-0.079029581768263898 -0.07904218151639214 -0.06902717809279213 -0.023529660778079702 -0.085916238715026627 0.5638295512333199 -0.082244024760493667 0.0028189135593264755 0.0089705769566632721 0.0025746002975707109 0.09834120421397613 0.063090121060907903 0.030869327542282991 0.14361396888856365 -0.080054419451373621 0.071559489284481886 -0.014808805645812734 0.065278246296849377 0.17610656779035289 6.1489817330428114 0.2740669422672059 -0.033314615844917503 -0.086618839035609393 0.0020223583127568414 -0.022333343913944717 5.5596868602323575 0.47384420207203809 0.024096966441017633 0.46764992864305932 0.07740538800347932 0.054274684033142513
leaf_weight=1378.1476272135915 396.22796348243719 3.1309357425197986 522.16869442421012 5.4665688442182718 0.24619036365765978 17.180038217018591 1162.2163724060811 24.614249696722254 4272.0507954092755 32.035019893723074 120.56896684318781 184.1104463848169 4.7225325115723527 0.055111423484048738 235.28834816068411 273.91228223391226 10.393323482945563 0.93687454721657593 0.012843074277043343 1.0369000616483388 17.61196629726328 2.544710177637171 2630.7926352789509 1.8260140478960227 0.014183838618919142 0.14057437266455952 7.7249208335415442 0.28450079954927776 124.12246903544292 24.358289470896125
leaf_count=3691487 990948 72 111173 271 75 39818 96535 959 37093 575 8548 6873 288 84 24883 54863 230 1336 19 39 921 3014 42148 3204 3 11 714 31 16450 336
internal_value=-0.0081208 0.00157972 0.000517402 -0.00918922 -0.0525611 -0.0754387 0.00541533 0.0161979 0.00191425 -0.0164851 0.00423563 0.00665481 -0.00559104 -0.0783601 0.065632 -0.0142892 -0.0292403 0.0661319 1.0972 0.0506254 0.00327517 -0.0159209 0.00184001 -0.0788403 0.0528516 0.0131341 0.0783396 0.0398523 0.0706652 0.040231
internal_weight=11453.9 10011.3 9859.7 3306.65 670.386 1442.63 6553.05 1606.23 4946.82 554.204 4392.62 1346.33 57.9173 1384.71 259.903 274.158 45.1853 4.58644 0.0679545 4.51848 28.0053 3.48158 2636.26 1380.13 1.98077 1.96659 12.732 8.00942 151.612 27.4892
internal_count=5133001 1391802 1374944 1088305 1045886 3741199 286639 129250 157389 111748 45641 103408 42002 3699197 25842 54938 40969 4492 103 4389 1151 4350 42419 3694705 3218 3215 1033 745 16858 408
is_linear=0
shrinkage=0.08


Tree=48
num_leaves=31
num_cat=0
split_feature=12 13 10 6 8 3 3 11 1 10 2 5 7 11 5 6 13 2 4 13 6 11 5 5 2 8 2 14 10 3
split_gain=1083.14 107.886 67.8907 178.992 130.343 53.4444 25.1457 62.0812 80.7253 44.9355 43.2625 23.5149 20.202 16.2956 15.9692 8.44526 8.43651 8.39329 10.7648 8.09556 7.15433 6.59793 6.34975 8.12669 6.98416 5.84555 48.5371 5.81053 5.69598 5.3051
threshold=0.68063171748190399 0.98809355067328142 0.60397012578616371 1.0000000180025095e-35 0.54358379062895745 0.89417693169092949 0.49018097805159805 0.70833333333333337 0.99295774647887336 0.99593495934959353 0.27639257294429714 0.79008567931456553 0.40602355072463775 0.45000000000000007 0.71010186757215632 1.0000000180025095e-35 0.3506671410781001 0.68237250554323736 0.38750000000000007 0.39512271353374578 1.0000000180025095e-35 0.29166666666666669 0.12660256410256412 0.084523809523809543 0.68237250554323736 0.77303030303030318 0.69416099773242645 1.0000000180025095e-35 0.64038834951456314 0.7206557377049182
decision_type=2 2 2 2 2 2 2 2 2 2 2 2 2 2 2 2 2 2 2 2 2 2 2 2 2 2 2 2 2 2
left_child=5 2 3 4 21 16 10 9 -9 -8 11 -4 -6 15 -12 -7 20 18 19 -15 25 -2 23 -18 -25 -1 -27 -17 -20 -5
right_child=1 -3 6 29 12 13 7 8 -10 -11 14 -13 -14 17 -16 27 22 -19 28 -21 -22 -23 -24 24 -26 26 -28 -29 -30 -31
leaf_value=-0.079644739164518863 -0.07980621447933807 0.070462270559296422 0.0091701504475968365 -0.049033803676397814 0.59461170551645381 -0.062753105917164542 0.0024977013353630318 0.011858042582797048 0.066076585397756113 0.075613206994342347 -0.034225442805749372 -0.064966404776610129 -0.0088949614422494782 -0.015461662320780003 0.22341682487515524 0.04157399569903629 -0.038533240603812975 0.16606407162279521 -0.0088422636653543839 -0.31207427220074424 -0.024529098239406553 0.014998199913896653 -0.060323291433911026 0.31474538514751255 0.021513005965538231 -0.045980046640310697 1.9398035226169348 -0.025669651351562892 0.16571604398294665 0.00068588153283653699
leaf_weight=1272.1597139646765 355.95762681035558 142.30649233423173 526.67761727754259 13.806859005009754 0.35538425008417007 23.488112924213056 4595.3491955834907 658.6141425918031 239.71748894057237 54.433251820039004 287.49512901308481 28.883119199250359 316.25586053697043 3.6184799365000782 1.5479645381856233 13.034264648100359 2.1924342005513591 4.1555582630971903 1.8152140004094688 0.70338458940386761 15.666510646697132 4.7610277082712846 5.5715212994255126 1.1460728553938682 0.95136510336305935 23.282382123928986 0.079042695462702706 22.285826233448461 3.5092776247765869 2624.8974071150878
leaf_count=3727134 959203 16758 56305 1895 258 49088 56774 19691 25575 2985 78922 2318 40087 1165 215 290 915 60 192 6 13108 1499 2109 280 152 36304 3 1145 44 39014
internal_value=-0.0080278 0.00131106 0.000297476 -0.00899105 -0.0456764 -0.0740394 0.00511562 0.00707326 0.0263261 0.00335364 -0.0077439 0.00531586 -0.00821755 -0.00721675 -0.0328456 -0.025577 -0.0777123 0.0710138 0.030067 -0.0637354 -0.0782667 -0.0785549 -0.00399398 0.0691644 0.18174 -0.0789165 -0.0392612 -0.000854554 0.106206 0.000425726
internal_weight=11244.7 9851.06 9708.75 3316.03 677.33 1393.66 6392.72 5548.11 898.332 4649.78 844.604 555.561 316.611 72.6101 289.043 58.8082 1321.05 13.8019 9.64636 4.32186 1311.19 360.719 9.86139 4.28987 2.09744 1295.52 23.3614 35.3201 5.32449 2638.7
internal_count=5133494 1301499 1284741 1041956 1001047 3831995 242785 105025 45266 59759 137760 58623 40345 51990 79137 50523 3780005 1467 1407 1171 3776549 960702 3456 1347 432 3763441 36307 1435 236 40909
is_linear=0
shrinkage=0.08


Tree=49
num_leaves=31
num_cat=0
split_feature=12 13 3 11 4 1 3 0 4 2 1 2 10 4 8 2 0 11 6 3 13 7 6 2 9 4 11 9 9 11
split_gain=1009.36 92.132 60.8484 49.8326 79.2668 61.2933 62.6139 52.2131 67.5289 65.8157 49.0496 96.3641 42.9506 38.7275 27.1228 25.1743 21.3841 14.0753 15.797 12.0176 9.21749 9.08477 7.9337 8.38874 6.62374 6.42496 6.15512 8.40422 13.6747 7.41397
threshold=0.68063171748190399 0.98809355067328142 0.88067796610169491 0.45000000000000007 0.41428571428571431 0.88303693570451447 0.87226107226107241 0.89825495415557544 0.19090909090909094 0.72481884057971024 0.89059829059829065 0.86425061425061434 0.99593495934959353 0.61250000000000016 0.99629629629629635 0.89039039039039047 0.83047895500725699 0.22500000000000003 1.0000000180025095e-35 0.88416815742397148 0.33338760447194188 0.99629629629629635 1.0000000180025095e-35 0.88067796610169491 0.54076207354895889 0.47222222222222227 0.87500000000000011 0.67942846675215252 0.55087252292221245 0.29166666666666669
decision_type=2 2 2 2 2 2 2 2 2 2 2 2 2 2 2 2 2 2 2 2 2 2 2 2 2 2 2 2 2 2
left_child=2 3 20 10 7 6 -6 9 -9 -5 11 16 13 -12 -7 -13 -2 18 -4 -19 22 -14 -1 -24 -21 -20 27 28 -3 -29
right_child=1 26 17 4 5 14 -8 8 -10 -11 12 15 21 -15 -16 -17 -18 19 25 24 -22 -23 23 -25 -26 -27 -28 29 -30 -31
leaf_value=-0.079124187608958438 -0.053692236646811067 0.084375175056034146 -0.073152591853573659 -0.0026024511000458518 0.012027345424279329 0.031223139976971372 -0.1491651733535613 0.071616753772546213 -0.12609191496737313 0.046532965450289981 0.017981698987397331 0.015651063848148433 0.086323469583635362 -0.0027704652167645305 0.068150580990971085 0.1045919315564354 0.0012781328785821668 0.55160148143680987 -0.067249385989315749 -0.032943068053876735 -0.0099399370128007477 -0.27637379936401352 -0.024410687087917618 0.70488304424742854 0.085478239844746021 0.025597179163243184 0.076741758578225155 0.065223549879594694 -0.24209606974690631 -0.088936112821551616
leaf_weight=1191.8494005948014 313.06905650312547 1.5732933529652684 23.123648959735874 1165.1615299728292 61.962152785155922 317.32613902242156 20.533665580966044 15.053955636802128 41.637601103633642 205.19544233568013 630.93513272239943 57.887021872244077 39.473593896720558 6554.7926071044931 212.56871561845765 31.423747869557701 52.951629567221971 0.31661085438099412 5.6379654657794154 4.1324095078161927 12.714791759935904 0.44698750041425128 14.225451400910966 0.10166332195513028 11.258901672117643 30.984279534372035 105.6826489046216 21.027768009342257 1.7175140487961469 2.2060580458492032
leaf_count=3752628 232834 34 55897 119887 857 18051 340 733 1303 4874 76835 6652 2427 786770 18367 3394 12373 12 607 1397 6026 32 12748 6 456 1089 16277 322 46 33
internal_value=-0.00696502 0.00176033 -0.0733829 0.000858126 0.0119744 0.0360504 -0.0280944 0.00164257 -0.0735921 0.00475502 -0.00209343 -0.0275602 -0.000488617 -0.000948344 0.0460367 0.0469447 -0.0457398 -0.00366707 -0.0213838 0.0637194 -0.0776986 0.0822624 -0.0784128 -0.0192357 0.0536833 0.0113035 0.068094 0.0336386 -0.0860143 0.050586
internal_weight=11147 9852.63 1294.35 9720.42 2039.44 612.391 82.4958 1427.05 56.6916 1370.36 7680.98 455.331 7225.65 7185.73 529.895 89.3108 366.021 75.4538 59.7459 15.7079 1218.89 39.9206 1206.18 14.3271 15.3913 36.6222 132.207 26.5246 3.29081 23.2338
internal_count=5133307 1302441 3830866 1285729 164412 37615 1197 126797 2036 124761 1121317 255253 866064 863605 36418 10046 245207 59458 57593 1865 3771408 2459 3765382 12754 1853 1696 16712 435 80 355
is_linear=0
shrinkage=0.08


Tree=50
num_leaves=31
num_cat=0
split_feature=12 13 8 6 8 14 3 7 0 11 11 1 8 8 2 4 8 14 3 4 2 13 11 9 2 2 11 11 11 12
split_gain=920.775 87.5194 56.2656 94.9825 200.882 52.4399 36.2263 31.0702 34.998 30.4932 25.4248 92.2669 34.2427 12.7107 12.6075 6.53107 6.20752 6.02371 6.01626 5.34273 5.31013 5.12503 7.34746 15.4047 7.24925 4.9614 4.60762 3.95719 4.18524 3.95273
threshold=0.65989690721649474 0.98809355067328142 0.80576285240464351 1.0000000180025095e-35 0.53390804597701169 1.0000000180025095e-35 0.89417693169092949 0.80186915887850485 0.78319623971797891 0.29166666666666669 0.87500000000000011 0.97590011614401873 0.99629629629629635 0.67669683257918567 0.86425061425061434 0.64583333333333337 0.78979857050032498 1.0000000180025095e-35 0.7886762360446572 0.61250000000000016 0.7590571802706243 0.28490144115144117 0.29166666666666669 0.7960174361006539 0.83438818565400863 0.52240802675585296 0.45000000000000007 0.87500000000000011 0.29166666666666669 0.63438086303939978
decision_type=2 2 2 2 2 2 2 2 2 2 2 2 2 2 2 2 2 2 2 2 2 2 2 2 2 2 2 2 2 2
left_child=6 2 3 4 26 -6 15 8 14 -10 12 -12 -9 17 -4 21 -15 29 20 -20 -5 -1 23 -23 -24 -17 -2 28 -3 -8
right_child=1 27 7 18 5 -7 13 10 9 -11 11 -13 -14 16 -16 25 -18 -19 19 -21 -22 22 24 -25 -26 -27 -28 -29 -30 -31
leaf_value=-0.079133866227982783 -0.079554228577288347 0.05065734436303606 -0.010521500354048476 0.0013519639259675417 0.012272568296542363 -0.028419162011229852 0.034690187389095038 -0.0028953895472592977 0.019424609905021237 0.062816543489543658 0.0039211023937178752 0.06702832730890966 0.027758890577689526 0.12413502001544827 0.090352323102729101 0.28976309545609363 -0.0395741106009923 -0.048891872634913479 0.011858776538541369 -9.2592787177010977e-05 -0.046962973099854005 -0.088256729857439903 -0.011519677634906647 -1.4819984959361074 0.23636642402919933 -0.0042002405603934912 0.0044465271370875857 0.074796880737440175 -0.05395621618772492 -0.051651368381072316
leaf_weight=1078.5417610275617 336.54449346350157 22.147611915599558 213.35908275522524 26.921147311863024 464.45817974730744 359.63106333219912 12.294639327708866 3558.8148811429273 384.29214815655723 141.92939519463107 1167.6606506197713 169.84233583323658 249.57533443765715 5.8769107602711292 8.2357270417269302 0.41640023828949724 1.9823794363765044 29.655130954139167 266.92550623393618 2320.7304605355021 31.703833103936631 6.8048088166106053 9.2492752842954324 0.051135348563548066 0.82215212337905619 3.1257473670120817 4.2317231067281673 98.404513569548726 2.7515852004289618 4.6870984805573235
leaf_count=3669394 996713 367 48308 3123 59587 105707 6218 47866 1799 4430 29519 22222 13829 205 177 151 26 33878 7669 29261 2580 13667 12243 2 8 2981 1397 16351 43 1892
internal_value=-0.00732328 0.000612815 -0.000238126 -0.00781314 -0.0268486 -0.00548523 -0.0749407 0.00466023 0.0198973 0.031128 0.00244594 0.0119348 -0.000886522 -0.0112743 -0.00677245 -0.0780977 0.082842 -0.0271349 0.000566084 0.00114023 -0.0247763 -0.0784484 -0.0347704 -0.098652 0.00871579 0.0303569 -0.0785111 0.0675878 0.0390966 0.0108592
internal_weight=10981.7 9828.16 9704.86 3811.15 1164.87 824.089 1153.51 5893.71 747.816 526.222 5145.89 1337.5 3808.39 54.4962 221.595 1099.01 7.85929 46.6369 2646.28 2587.66 58.625 1095.47 16.9274 6.85594 10.0714 3.54215 340.776 123.304 24.8992 16.9817
internal_count=5131613 1390948 1374187 1206037 1163404 165294 3740665 168150 54714 6229 113436 51741 61695 42219 48485 3698446 231 41988 42633 36930 5703 3695314 25920 13669 12251 3132 998110 16761 410 8110
is_linear=0
shrinkage=0.08


Tree=51
num_leaves=31
num_cat=0
split_feature=12 13 8 13 8 3 3 7 13 11 1 8 8 5 7 13 6 8 3 7 6 5 3 14 3 3 11 11 12 14
split_gain=856.594 73.7273 51.1562 96.839 193.155 45.5648 41.25 31.1772 37.5427 30.6546 77.4589 31.0209 22.4784 14.9229 9.78546 9.76748 8.69538 6.54973 7.78707 9.83933 6.51874 7.15992 22.3225 6.32867 12.4406 6.50741 6.11988 5.83338 5.55248 5.08832
threshold=0.65989690721649474 0.98809355067328142 0.81375640520299575 0.10500069079856315 0.58240137642865941 0.49018097805159805 0.89417693169092949 0.80186915887850485 0.59383018303113244 0.87500000000000011 0.99295774647887336 0.99629629629629635 0.90501253132832093 0.29679679679679688 0.59720876138786594 0.29631528477978114 1.0000000180025095e-35 0.8402898550724639 0.710394265232975 0.63211600429645554 1.0000000180025095e-35 0.045983086680761107 0.77871939736346529 1.0000000180025095e-35 0.97100840336134464 0.84924242424242424 0.45000000000000007 0.29166666666666669 0.37553418803418809 1.0000000180025095e-35
decision_type=2 2 2 2 2 2 2 2 2 2 2 2 2 2 2 2 2 2 2 2 2 2 2 2 2 2 2 2 2 2
left_child=6 2 3 23 27 -6 15 8 13 11 -11 -9 -10 -4 16 20 -8 29 19 -19 -1 22 -22 24 -2 -25 -3 -5 -23 -17
right_child=1 26 7 4 5 -7 14 9 12 10 -12 -13 -14 -15 -16 17 -18 18 -20 -21 21 28 -24 25 -26 -27 -28 -29 -30 -31
leaf_value=-0.07928404443816113 0.027842150002447712 0.028417803704066578 -0.032264004563076557 -0.078331468182291378 -0.064483011503549237 0.00018096976847497293 -0.066044083453659572 -0.0023653317733958097 0.04448164725874551 0.0066081842677588945 0.06650282031794659 0.026710110825910426 0.0022745504687901401 0.011170665221258012 0.07099828603629052 0.050654191710085235 0.006854819198240221 0.15826361026929686 0.015907680007347415 0.94653139900669725 -0.080247312850863131 0.43062560124528743 0.59957374399356544 -0.021355990053138676 0.003243896958428096 4.7734247632410143e-05 0.074356013947330921 -0.017918995813309368 -0.04932324595550739 -0.061885726195828758
leaf_weight=991.39939511159901 152.51297389963293 23.278910753317177 84.442394419238553 329.11557607309078 76.368279983755201 803.57448541669874 16.892600199120352 3546.755697680288 346.81906151771545 1168.6190264122561 156.72216164553538 251.49809380155057 105.26686303317547 126.40860753011657 8.9116112273186427 3.6849323866190362 27.551363751175813 0.29196112425415666 0.80918975116219372 0.15522486425470561 0.90318600297905394 0.15664826898137008 0.4699789346777834 96.985901011677925 959.0055774175562 1451.0289717928099 91.554973290301859 10.55746185017051 10.154775292321572 8.5075005816906923
leaf_count=3671159 6541 398 18958 1012024 116336 33958 40778 47791 4223 29462 22079 13767 1386 23790 322 4326 1156 23 17 45 1231 233 352 10690 7088 24699 16289 2147 9905 12458
internal_value=-0.00611505 0.0013193 0.000562222 -0.00654604 -0.0252115 -0.00543107 -0.074077 0.00532743 0.0216523 0.00321517 0.0136908 -0.000440126 0.0346539 -0.00622421 -0.00551184 -0.0776759 -0.0208532 -0.00995116 0.163967 0.431883 -0.0785839 -0.0191792 0.152428 0.0020136 0.00661906 -0.00129325 0.0650435 -0.0764538 -0.042032 -0.0278727
internal_weight=10850.4 9780.52 9665.68 3879.15 1219.62 879.943 1069.89 5786.53 662.937 5123.59 1325.34 3798.25 452.086 210.851 53.3556 1016.53 44.444 13.4488 1.25638 0.447186 1003.08 11.6846 1.37316 2659.53 1111.52 1548.01 114.834 339.673 10.3114 12.1924
internal_count=5133631 1391626 1374939 1213483 1164465 150294 3742005 161456 48357 113099 51541 61558 5609 42748 42256 3699749 41934 16869 85 68 3682880 11721 1583 49018 13629 35389 16687 1014171 10138 16784
is_linear=0
shrinkage=0.08


Tree=52
num_leaves=31
num_cat=0
split_feature=3 8 11 1 4 1 2 8 2 4 10 2 4 0 8 1 13 5 3 3 2 0 1 3 4 14 8 7 14 10
split_gain=410.23 428.654 122.535 74.486 48.7252 48.3318 76.2105 50.8642 39.3964 34.4036 28.3971 27.7531 26.9751 25.6274 24.5387 24.3977 22.958 38.4194 20.2747 19.5995 19.9467 19.6524 19.5174 18.6 18.3278 102.408 126.758 17.174 23.6566 17.1443
threshold=0.65345368916797508 0.78979857050032498 0.87500000000000011 0.99295774647887336 0.087121212121212141 0.88303693570451447 0.84292763157894746 0.99629629629629635 0.36032786885245899 0.095454545454545472 0.99593495934959353 0.42947558770343586 0.61250000000000016 0.77303030303030307 0.97590011614401873 0.85053191489361712 0.17169961304256534 0.65261756876663723 0.85215543412264738 0.36214605067064082 0.30068493150684938 0.81120250685468098 0.10620300751879698 0.92422502870264067 0.27922077922077926 1.0000000180025095e-35 0.91864313292884725 0.70991117344553545 1.0000000180025095e-35 0.8426212590299279
decision_type=2 2 2 2 2 2 2 2 2 2 2 2 2 2 2 2 2 2 2 2 2 2 2 2 2 2 2 2 2 2
left_child=1 29 5 4 8 6 9 10 -4 11 12 -2 -7 23 -10 -8 17 -3 -15 -18 -21 -22 -19 -6 25 -5 -27 28 -26 -1
right_child=2 16 3 24 13 7 15 -9 14 -11 -12 -13 -14 18 -16 -17 19 22 -20 20 21 -23 -24 -25 27 26 -28 -29 -30 -31
leaf_value=-0.078417410206762031 -0.066551482876778603 0.047873303387575054 -0.025074049728003797 0.066696349157697357 -0.036189559126264682 0.013900138756210581 0.073750650597817324 0.05589012132950931 0.11531421057140324 -0.056278265628507955 0.089715202116345677 0.06404720591726662 -0.0023617956768172545 0.050546277972268953 0.041470723745540401 -0.00080935438817140754 -0.027342554775521197 -0.078726959606589764 -0.0010187726360424895 0.016457703075723126 -0.01827408870288191 0.098003337197740251 0.002535821954237555 0.055907889085124583 0.071666862360206182 -0.64991036884923448 -4.4996229276137925 0.072077287543565849 -0.063265795380598136 0.13447423931686062
leaf_weight=932.25469346178579 16.017511302372441 130.06189917205484 33.224845429853303 1.767330273287371 139.88925701694097 723.91602210633573 46.665510068996809 103.83873265050352 51.010911153134657 289.13730349342222 22.266804155893624 29.76734896923881 6648.0804549576715 71.288159981020726 66.148719440679997 70.554012953158235 263.28986122540664 25.35988501625252 154.70135987387039 240.05089849370415 288.54875361094309 9.6124842376448196 74.43639470479684 15.59954803570872 18.590978653402999 0.25303331128088657 0.06985010951757431 258.78600732074119 15.045447400247211 2.4272398202447212
leaf_count=3591656 10131 16300 8360 187 5214 120764 16671 8733 4722 376666 557 2565 798922 1329 2758 11604 26962 1346 5074 20331 52104 175 6626 271 706 88 4 41097 967 582
internal_value=-0.00559487 -0.0386254 0.00180425 0.0311239 0.0132511 -0.00124333 -0.0266445 0.000288387 0.0518168 -0.0460752 -0.000492436 0.0183582 -0.000764905 -0.001952 0.0736219 0.0288732 -0.0030644 0.0192238 0.0152474 -0.0094563 -0.000706457 -0.0145254 -0.0181144 -0.0269498 0.0634004 -0.172649 -1.48273 0.0650876 0.011312 -0.0778646
internal_weight=10742.7 1966.04 8776.62 826.375 531.863 7950.24 452.142 7498.1 150.384 334.922 7394.26 45.7849 7372 381.478 117.16 117.22 1031.36 229.858 225.99 801.502 538.212 298.161 99.7963 155.489 294.513 2.09021 0.322883 292.422 33.6364 934.682
internal_count=5133472 3716082 1417390 70777 27728 1346613 417637 928976 15840 389362 920243 12696 919686 11888 7480 28275 123844 24272 6403 99572 72610 52279 7972 5485 43049 279 92 42770 1673 3592238
is_linear=0
shrinkage=0.08


Tree=53
num_leaves=31
num_cat=0
split_feature=12 13 10 13 10 3 11 1 0 4 3 9 14 11 6 11 10 3 1 4 10 2 2 7 7 2 10 14 5 11
split_gain=739.004 63.145 42.0869 107.98 140.442 36.2427 21.0196 78.7275 31.9644 108.394 44.4291 16.1498 14.339 12.7125 11.1411 9.24799 8.45318 8.37939 24.9575 7.41928 23.2097 7.6759 10.6218 6.60049 6.25564 6.16951 5.12203 12.6764 6.86302 4.72642
threshold=0.65989690721649474 0.98809355067328142 0.63903207331042389 0.14559693486590045 0.48749218261413391 0.8452991452991454 0.87500000000000011 0.99295774647887336 0.89512961508248245 0.94444444444444453 0.94494949494949509 0.64112350753572134 1.0000000180025095e-35 0.22500000000000003 1.0000000180025095e-35 0.87500000000000011 0.79469617140850035 0.85053191489361712 0.77871939736346529 0.58571428571428574 0.72994422994423014 0.61257406188281782 0.59317129629629639 0.54085850556438808 0.70991117344553545 0.83752357008170975 0.62554347826086965 1.0000000180025095e-35 0.71010186757215632 0.87500000000000011
decision_type=2 2 2 2 2 2 2 2 2 2 2 2 2 2 2 2 2 2 2 2 2 2 2 2 2 2 2 2 2 2
left_child=5 2 3 26 -5 19 8 12 9 -4 -10 -6 -8 14 -7 -3 23 18 -16 25 21 22 -21 -15 -9 -1 28 -28 -2 -27
right_child=1 15 6 4 11 13 7 24 10 -11 -12 -13 -14 16 17 -17 -18 -19 -20 20 -22 -23 -24 -25 -26 29 27 -29 -30 -31
leaf_value=-0.078815431445055456 0.0011915919966312715 0.019555318079577326 -0.012155882018055085 -0.077729498430232427 -0.011404760664596241 -0.079047413639380976 0.014098018461883355 0.019176481003691091 0.035491739033544967 0.12975623689993357 0.0030833165774410416 0.048001496002027015 -0.0029075476020750798 -0.081554108510145371 2.6036470427813798 0.076361741507016509 -0.31545078165575352 -0.0074384737576368744 0.1793247509494896 0.073163675608516485 1.9673847862141869 -0.056208965964538157 0.71002556058933097 0.085917595666544846 0.067755212297676407 -0.080279149350052328 0.29411026318083283 -0.088758013794105431 -0.095682170737156277 0.38335769742487003
leaf_weight=856.81853206953383 2652.4928279293963 23.848926923703402 1339.0797298489051 282.72064489238255 499.51226773929375 20.896270442957757 649.17503960916656 18.989536100300029 297.8288157057832 35.356118535506539 2975.1222065236652 31.111677751061507 620.79870377515908 1.7349202488985582 0.029809543688318452 79.422690605279058 0.38713100779568854 29.571959738794249 0.30773076351033524 0.97500523881171719 0.039033888926496618 3.2053999287454644 0.20239885021874215 11.423152669842237 159.14482902502641 0.24726049709715781 1.2320941379875876 1.0047987188445395 4.6886754941078825 0.32658500224351883
leaf_count=3661790 46942 410 109197 926290 138193 67739 32785 862 2852 406 24993 5761 58887 1548 46 16428 7 2099 201 937 6 5794 328 572 24188 538 310 623 1962 2
internal_value=-0.0055153 0.00102209 0.000350526 -0.0066788 -0.032187 -0.0737823 0.00435532 0.0127712 0.00173295 -0.00850532 0.00603239 -0.00792164 0.00578522 -0.0158681 -0.0342278 0.0632432 0.0529958 -0.00291456 0.393426 -0.0781068 0.0252533 0.00795635 0.182642 0.0638361 0.0625766 -0.0786398 0.00112252 0.122128 0.00102066 0.183584
internal_weight=10597.7 9671.53 9568.26 3472.76 813.345 926.165 6095.49 1448.11 4647.39 1374.44 3272.95 530.624 1269.97 64.351 50.8058 103.272 13.5452 29.9095 0.33754 861.814 4.42184 4.3828 1.1774 13.1581 178.134 857.392 2659.42 2.23689 2657.18 0.573845
internal_count=5132696 1391089 1374251 1120081 1070244 3741607 254170 116722 137448 109603 27845 143954 91672 72212 70085 16838 2127 2346 247 3669395 7065 7059 1265 2120 25050 3662330 49837 933 48904 540
is_linear=0
shrinkage=0.08


Tree=54
num_leaves=31
num_cat=0
split_feature=12 13 9 13 8 7 11 10 2 11 10 8 8 3 13 4 5 2 12 13 8 7 11 11 9 14 11 13 7 2
split_gain=674.533 60.4732 42.8752 45.2424 198.793 23.6959 15.2279 72.6033 100.297 58.4301 32.0401 61.6184 15.6865 13.7774 13.354 8.91271 10.7892 14.1087 9.48636 7.31715 7.37976 9.89303 4.5742 4.48252 8.07041 13.4266 5.59708 4.13441 28.2693 5.6761
threshold=0.64316770186335415 0.98809355067328142 0.65868005738880919 0.097225183605780627 0.53390804597701169 1.0000000180025095e-35 0.22500000000000003 0.83157192123706769 0.44033898305084751 0.70833333333333337 0.96039215686274526 0.92990501146413374 0.94474969474969483 0.36214605067064082 0.29631528477978114 0.47222222222222227 0.57294832826747732 0.61257406188281782 0.42707537907712456 0.39512271353374578 0.66961651917404141 0.51639784946236567 0.29166666666666669 0.87500000000000011 0.67942846675215252 1.0000000180025095e-35 0.29166666666666669 0.085794106857978877 0.65771449170872398 0.57932875667429451
decision_type=2 2 2 2 2 2 2 2 2 2 2 2 2 2 2 2 2 2 2 2 2 2 2 2 2 2 2 2 2 2
left_child=5 2 3 27 22 15 10 8 -8 -9 12 -12 -4 -6 -7 -1 17 18 -17 20 -16 -22 -5 24 25 -3 -26 29 -29 -2
right_child=1 23 6 4 13 14 7 9 -10 -11 11 -13 -14 -15 19 16 -18 -19 -20 -21 21 -23 -24 -25 26 -27 -28 28 -30 -31
leaf_value=-0.080667328970773125 -0.055332563753615664 0.045471068237542697 -0.0079032733113479636 -0.079727756283949 -0.037637078639735123 -0.0791020375644233 -0.012219492263582326 -0.021256170270878401 0.054316684853740263 0.01149064255362311 0.095990622082827742 0.0084380666252215093 0.0085527161896659272 -0.0021940718125408559 -0.053709494601030569 1.2022674687286599 -0.055498579605398619 0.022546962744425855 0.20335958134865945 -0.21398871301114739 0.97113652106221027 0.052699551623749161 0.0019518167263984987 0.072783626693756251 0.067829280624282659 -0.28199383091081059 -0.056688666271307454 1.3352362914138849 0.045661898159924504 0.00053618459322597885
leaf_weight=7.9870741998020085 11.689706554083385 2.0627191276289523 1666.5845632929413 271.66383643855806 74.15114835651184 777.44795533739671 217.46195508692472 528.65617038303753 435.11065585889446 1024.556920035131 54.936465528211556 809.73534999450203 476.7906051306054 1314.5979490008613 6.4027712595416206 0.062354662164583075 8.5141871364903619 12.95033729955321 2.513984376215376 0.99387169748661186 0.075772414507808139 7.9872749805945205 4.4600558238598742 73.893361252732575 17.90721212816425 1.3104154746979504 2.6525769857689729 0.11305380049452596 2.88697727266117 2650.392416425806
leaf_count=7167 3461 50 14490 1027035 37395 3622871 120169 29141 14274 41749 254 7820 4123 121692 11256 64 370 3305 645 71 25 2384 1921 16484 308 30 35 501 893 43506
internal_value=-0.00548182 0.000458708 -0.000182744 -0.0060667 -0.016413 -0.074913 0.00470373 0.00975258 0.0321443 0.000344841 0.00100144 0.0140007 -0.00424266 -0.00408652 -0.077638 -0.00745039 0.0168744 0.0565608 0.227536 -0.00401404 0.0104122 0.0613306 -0.0784084 0.0630378 0.0329474 -0.0817445 0.0517643 0.000396632 0.0942585 0.000290854
internal_weight=10466.5 9641.61 9543.79 4329.96 1664.87 824.936 5213.83 2205.79 652.573 1553.21 3008.05 864.672 2143.38 1388.75 792.908 32.0279 24.0409 15.5267 2.57634 15.4597 14.4658 8.06305 276.124 97.8263 23.9329 3.37313 20.5598 2665.08 3.00003 2662.08
internal_count=5133489 1485331 1468424 1236404 1188043 3648158 232020 205333 134443 70890 26687 8074 18613 159087 3636607 11551 4384 4014 709 13736 13665 2409 1028956 16907 423 80 343 48361 1394 46967
is_linear=0
shrinkage=0.08


Tree=55
num_leaves=31
num_cat=0
split_feature=12 13 3 10 6 13 2 3 3 13 9 13 2 5 4 10 10 7 6 3 11 13 10 4 5 4 4 0 11 5
split_gain=630.61 52.722 40.6509 25.9808 200.975 29.1685 15.326 18.7112 35.1146 27.2224 15.0337 7.1044 7.15635 14.1835 37.8193 6.96841 6.88229 6.73112 8.70828 6.49911 6.03566 5.97936 5.7448 5.70367 7.09617 5.20725 3.74591 3.72901 3.70918 3.47422
threshold=0.65989690721649474 0.98809355067328142 0.89417693169092949 0.54870335230866552 1.0000000180025095e-35 0.50588561141116206 0.075498575498575485 0.28831168831168835 0.36214605067064082 0.17240218274701039 0.2797849462365592 0.32099539455861303 0.61861471861471873 1.0000000180025095e-35 0.47222222222222227 0.66978193146417464 0.53747392071898581 0.55291153415453531 1.0000000180025095e-35 0.69028213166144214 0.87500000000000011 0.34143406573027141 0.73879598662207369 0.73214285714285732 0.55217785843920153 0.47222222222222227 0.68333333333333346 0.61143790849673219 0.45000000000000007 0.053342816500711245
decision_type=2 2 2 2 2 2 2 2 2 2 2 2 2 2 2 2 2 2 2 2 2 2 2 2 2 2 2 2 2 2
left_child=2 3 11 4 5 16 29 9 -9 -8 -7 23 13 14 -13 -15 -2 18 -4 -6 -3 28 -23 -1 -25 -20 -21 -27 -19 -5
right_child=1 20 17 6 19 10 7 8 -10 -11 -12 12 -14 15 -16 -17 -18 21 25 26 -22 22 -24 24 -26 27 -28 -29 -30 -31
leaf_value=-0.07892026275814687 -0.077707916905106367 0.025581636375840548 -0.080259063170234277 0.08356189789097293 -0.083105148202075568 0.42105243363309902 0.055201854501135433 -0.027464126957224364 0.0036979331575617337 -0.0090080831553461024 -0.022536666480235317 0.36118579591477923 -0.077702142792565529 -0.080362331679885241 4.1014380592195243 0.11756907538552469 0.0025454648653634488 -0.081016098024070685 -0.081171241497843355 -0.003762810863670832 0.073299974657207417 0.031022307932825035 -0.16175862184887066 -0.081824738418097592 0.44630953158662912 0.051005857323256756 0.0033423404843880358 -0.011536659023346003 0.13103278494006271 -0.078172290769794955
leaf_weight=739.70118646293849 263.05206325858308 22.579554860945791 11.279665697584276 0.89387104699563025 5.7984405254828735 0.49213508161483233 103.67339473700849 240.5877978647477 6078.2184819745598 71.332524573110277 76.092250504880212 0.18122199177741816 4.9393623032374308 2.0281085225869901 0.019128047686535865 2.5948602993157692 7.0214456813846473 0.59080876052030173 4.0678291596123044 619.58076803461881 68.214086474385113 5.4558801174571272 1.208414983237162 0.36032145077478972 0.29705842823022977 11.065507377497854 2033.4735448898282 13.600197025691157 4.9615056305774488 17.330665238798247
leaf_count=3691947 995137 414 40107 33 1367 63 13366 50209 248882 6130 7870 192 3474 2322 16 858 9660 249 437 17642 16358 285 29 93 63 325 23656 418 264 1405
internal_value=-0.00492997 0.00075972 -0.0730653 0.000180922 -0.00597159 -0.0632641 0.0030205 0.0032261 0.00251144 0.0290298 -0.0196861 -0.0778169 -0.0100177 0.0592951 0.718279 0.030736 -0.0756215 -0.00482376 -0.0206927 0.00149813 0.0614329 0.047152 -0.00393403 -0.0787109 0.15683 0.00269073 0.00168304 0.0165211 0.108469 -0.0702396
internal_weight=10410.7 9608.34 802.351 9517.55 3005.51 346.658 6512.04 6493.81 6318.81 175.006 76.5844 750.121 9.76268 4.82332 0.20035 4.62297 270.074 52.2298 40.0132 2658.85 90.7936 12.2166 6.6643 740.359 0.65738 28.7335 2653.05 24.6657 5.55231 18.2245
internal_count=5133271 1392192 3741079 1375420 1055395 1012730 320025 318587 299091 19496 7933 3698965 6862 3388 208 3180 1004797 42114 41287 42665 16772 827 314 3692103 156 1180 41298 743 513 1438
is_linear=0
shrinkage=0.08


Tree=56
num_leaves=31
num_cat=0
split_feature=12 13 3 10 6 7 9 4 4 2 1 5 11 5 0 13 7 3 6 11 10 9 10 4 1 7 14 4 6 5
split_gain=580.993 57.4077 34.837 28.3777 120.999 78.9699 73.6605 18.2357 119.862 108.593 69.3844 56.7486 48.6885 27.0153 14.2864 8.81439 7.88431 6.31159 6.24865 5.70595 5.08591 36.4394 4.99348 4.94713 4.52461 3.99889 4.33708 3.68078 3.51504 5.66039
threshold=0.65989690721649474 0.98809355067328142 0.89417693169092949 0.59299959299959315 1.0000000180025095e-35 0.50725247004414553 0.60075187969924826 0.94444444444444453 0.73214285714285732 0.95311355311355306 0.9294019933554819 0.16869918699186995 0.70833333333333337 0.12660256410256412 0.70678733031674212 0.29631528477978114 0.54085850556438808 0.72850122850122856 1.0000000180025095e-35 0.29166666666666669 0.59594926350245514 0.38972044904248304 0.79469617140850035 0.58571428571428574 0.85053191489361712 0.65921578421578431 1.0000000180025095e-35 0.47222222222222227 1.0000000180025095e-35 0.18301435406698566
decision_type=2 2 2 2 2 2 2 2 2 2 2 2 2 2 2 2 2 2 2 2 2 2 2 2 2 2 2 2 2 2
left_child=2 3 15 4 5 6 -2 8 10 13 -5 -10 -11 -9 -7 23 18 -6 -4 -17 -21 -22 25 -1 -19 26 -18 -20 -25 -30
right_child=1 -3 16 7 17 14 -8 9 11 12 -12 -13 -14 -15 -16 19 22 24 27 20 21 -23 -24 28 -26 -27 -28 -29 29 -31
leaf_value=-0.078907260369245086 -0.076752463764449733 0.065878778757331474 -0.08021148683512562 -0.003349046020080348 -0.051221472911943525 -0.047629862499280869 5.8198173513815741 0.048818210926672448 0.014743477679504999 0.0023453673990820453 0.023906474942577 -0.053120817442678832 0.06636589780560391 0.11808131688508 -0.0014464789573675316 -0.082512943680001102 0.11283876551273583 0.040612246119014921 -0.081117912462368991 -0.082574879468077358 3.1023056520828995 0.049760675363938092 -0.1780584524195048 -0.080022395944580951 0.00077880944194264989 -0.27100768664484953 0.014872742216348874 0.0042851547824806682 0.25476244609111331 -0.0059418348059018557
leaf_weight=677.2192169996415 232.08144665954751 86.197395717492327 10.140511819321544 1841.9536868620198 14.863644562428815 54.950018262476078 0.013559415441703915 131.89057774317916 100.62703434727155 2916.8761278286984 884.96615705630393 364.54590193781769 78.06162490369752 49.591214559884975 194.96266944815579 4.7826876998587968 5.92763613493298 18.378077500325162 3.7207968612783615 2.0658928939665184 0.025125844229478278 6.4287184895947576 0.60033210716210383 1.9409437263529969 2621.0356909511611 0.23115620133467096 5.64788613884593 24.474397545680404 0.71272254938958246 2.1137634895858355
leaf_count=3674544 993517 16847 39952 212876 2528 34806 13 1987 1966 28148 22437 5364 12241 1166 17614 9326 236 4747 424 3678 6 3884 10 8022 35287 5 770 748 228 234
internal_value=-0.00440397 0.000885644 -0.0724074 0.000296232 -0.00593277 -0.0428067 -0.076408 0.00336381 -0.000906537 0.00765523 0.00549618 -0.0384403 0.00401403 0.0677449 -0.0116011 -0.0770776 -0.0084151 0.000763419 -0.0263549 -0.0125826 0.0266739 0.0616447 0.0470159 -0.0783356 0.00105617 0.0584603 0.0650395 -0.00698512 0.0028729 0.059797
internal_weight=10337 9590.99 746.032 9504.8 3136.29 482.008 232.095 6368.51 3192.09 3176.42 2726.92 465.173 2994.94 181.482 249.913 695.289 50.7427 2654.28 38.3357 13.3024 8.51974 6.45384 12.407 681.987 2639.41 11.8067 11.5755 28.1952 4.76743 2.82649
internal_count=5133611 1391544 3742067 1374697 1088512 1045950 993530 286185 242643 43542 235313 7330 40389 3153 52420 3699922 42145 42562 41124 16894 7568 3890 1021 3683028 40034 1011 1006 1172 8484 462
is_linear=0
shrinkage=0.08


Tree=57
num_leaves=31
num_cat=0
split_feature=12 3 11 1 14 11 7 4 10 2 14 4 8 4 5 2 0 9 6 5 14 8 8 10 7 2 3 8 11 9
split_gain=514.658 40.3539 30.1202 54.8039 52.6472 86.3209 58.5621 36.4371 31.933 30.3927 29.3221 27.7267 25.9589 24.6 23.3375 52.014 30.4832 17.5204 22.3087 14.5844 12.3554 10.5532 37.3813 17.4721 10.1038 20.2903 58.7322 8.33257 7.25268 7.35531
threshold=0.65989690721649474 0.7593103448275863 0.22500000000000003 0.93440860215053767 1.0000000180025095e-35 0.87500000000000011 0.86769720390997962 0.38750000000000007 0.99593495934959353 0.93440860215053778 1.0000000180025095e-35 0.16025641025641027 0.73046398046398064 0.35416666666666669 0.29679679679679688 0.64660633484162899 0.83047895500725699 0.97182539682539681 1.0000000180025095e-35 0.16035714285714289 1.0000000180025095e-35 0.88153818115545846 0.81375640520299575 0.80473787496495675 0.99629629629629635 0.77303030303030307 0.90399385560675893 0.76689497716894994 0.87500000000000011 0.64801773604590529
decision_type=2 2 2 2 2 2 2 2 2 2 2 2 2 2 2 2 2 2 2 2 2 2 2 2 2 2 2 2 2 2
left_child=1 27 8 9 5 6 -5 11 10 14 21 -6 -9 -7 16 -16 -4 18 -12 -19 -3 22 -2 -23 -10 -26 -27 -1 -22 -30
right_child=2 20 3 4 7 13 -8 12 24 -11 17 -13 -14 -15 15 -17 -18 19 -20 -21 28 23 -24 -25 25 26 -28 -29 29 -31
leaf_value=-0.079368803812761651 0.0017806860078240067 0.025675228444827475 -0.022527952095409868 0.020531915271175517 0.082327827220055952 -0.030614876445184826 -0.034757405919374811 -0.050827187384373432 0.085997702744868162 0.089242498384704924 -0.014772922100530462 -0.11082783991636429 0.050980707862602011 0.066108631266176651 0.00043025290244873927 0.077660474761609311 0.01475353335417642 0.022856553517906667 -0.0019447538856103075 -0.021757628660400347 -0.050320068587009298 -0.01978718945458223 0.033282904404128281 0.0029155415777064203 0.078084792108926035 -1.7034939487624436 0.080791319658184049 -0.012495295324097506 -0.06383229817259857 0.13931310487919038
leaf_weight=602.00658081151778 1503.5536315609352 27.843786441444536 577.10051700797339 219.86580413297634 6.6594769902876605 18.908750803908333 277.16731479205191 16.669738407857949 31.325595329049975 23.095410254900344 1975.6686044059898 16.642075151787139 416.95255542150699 152.98185971344355 839.50003362983989 59.786510237507173 185.47505111098872 199.26982340076938 1546.9498805742769 61.326512349769473 45.989524927601451 294.78436181705911 287.1087408438907 821.72706414479762 1.0856111762113858 0.17913989070802916 0.34631308214738965 12.165780154049569 1.9638757344509929 2.721339314346551
leaf_count=3559050 245499 32016 103926 2357 346 1251 3303 1197 2564 1290 805933 416 25456 23941 124687 1245 4577 1098 31508 400 117278 2413 1841 6299 42 7 59 31890 2107 103
internal_value=-0.00455918 -0.0711401 0.000278172 0.0072325 0.0208983 0.00660043 -0.0102998 0.04183 -0.00262921 -0.00189865 -0.00301605 -0.0556248 0.0470669 0.0554686 -0.00316527 0.00556468 -0.0134603 -0.00765871 -0.00913946 0.0123574 -0.0171366 0.00302562 0.00683165 -0.00307849 0.0759492 -0.119433 -0.527516 -0.0780441 -0.04066 0.0541618
internal_weight=10226.8 692.691 9534.13 2810.81 1125.85 668.924 497.033 456.924 6723.33 1684.96 6690.39 23.3016 433.622 171.891 1661.86 899.287 762.576 3783.21 3522.62 260.596 78.5185 2907.17 1790.66 1116.51 32.9367 1.61106 0.525453 614.172 50.6747 4.68522
internal_count=5134099 3742444 1391655 293992 58267 30852 5660 27415 1097663 235725 1094991 762 26653 25192 234435 125932 108503 838939 837441 1498 151504 256052 247340 8712 2672 108 66 3590940 119488 2210
is_linear=0
shrinkage=0.08


Tree=58
num_leaves=31
num_cat=0
split_feature=12 13 8 6 8 3 7 14 10 8 10 13 4 7 12 12 7 10 1 3 13 10 3 13 11 4 3 4 12 9
split_gain=472.642 42.2691 31.3557 62.561 144.008 48.8423 31.1974 25.5163 15.802 53.0073 17.7867 15.421 14.9346 13.7074 12.2313 7.64486 6.85671 7.30974 6.5878 75.6878 5.41992 11.35 26.5176 92.4885 5.21917 5.04194 4.58265 3.64356 3.37376 2.98769
threshold=0.60736889692585916 0.98809355067328142 0.81375640520299575 1.0000000180025095e-35 0.52512626262626283 0.53950103950103967 0.80186915887850485 1.0000000180025095e-35 0.96039215686274526 0.92990501146413374 0.9417420814479639 0.44162118075161555 0.47222222222222227 0.60331143951833621 0.82952776336274014 0.61134067952249782 1.0000000180025095e-35 0.66369047619047639 0.70859704641350219 0.78346121057118523 0.29631528477978114 0.70750469043151976 0.5738498789346248 0.30561188207326739 0.87500000000000011 0.64583333333333337 0.69028213166144214 0.5634920634920636 0.58363746958637475 0.5929064657878218
decision_type=2 2 2 2 2 2 2 2 2 2 2 2 2 2 2 2 2 2 2 2 2 2 2 2 2 2 2 2 2 2
left_child=12 2 3 4 -2 -6 7 14 10 -10 -8 -9 20 16 -4 25 18 -18 19 -14 -1 -22 23 -23 29 -5 -17 -20 -19 -3
right_child=1 24 6 15 5 -7 8 11 9 -11 -12 -13 13 -15 -16 26 17 28 27 -21 21 22 -24 -25 -26 -27 -28 -29 -30 -31
leaf_value=-0.079627010541877583 -0.07877701510654983 -0.06400572856151808 0.013607395699722946 0.025619784726579602 -0.056920689258075134 -0.0009944464105811901 9.7575047799544623e-05 -0.030946749948989605 0.082938023754835374 0.0048709133884592415 -0.018406072731696376 0.012592171821234219 0.14574602134426151 1.1421679138013883 0.046332414061249376 -0.069430106021898613 -0.080103319526336231 0.25544824264488564 -0.025436168125501923 6.622951915399331 -0.052987403719669326 10.102294712769448 0.21629760357653552 -0.080112269298378003 0.071710077790959961 0.32092487928435354 0.00076708598721440661 0.062444442558403777 -0.033334089006986138 0.035287920618649618
leaf_weight=523.47648481528449 226.32319156396261 2.1561099695973125 109.51484185617301 0.69810382346622535 113.61295759785571 830.51780487391807 2989.8452807855792 65.208334785158513 57.692806208855473 1583.4561692532152 374.07287423231173 258.28691563918255 0.35427348859957852 0.065243214106884717 219.80282639479265 5.965229331777663 11.330990675560313 0.63817339984234311 6.9907284833316226 0.011934943089727312 2.3155452674836847 0.0078567569435107343 0.60517531821096782 0.020885373145574704 56.033401129301637 0.78737862408161163 2668.3332290156977 5.3150191819295287 0.43566632069996558 19.298095199046656
leaf_count=3336312 1088375 51 25996 298 347684 59790 72568 21234 691 32681 7112 3066 576 17 3011 2189 63409 86 1853 19 4666 31 220 36 16343 18 44356 252 61 369
internal_value=-0.00412915 1.62225e-05 -0.000463558 -0.00603672 -0.0214634 -0.00772439 0.00332509 0.0197738 0.00117967 0.00761528 -0.00196006 0.00381584 -0.0761408 -0.0159048 0.0354497 0.000711287 -0.0189178 -0.0611981 0.0224712 0.356842 -0.0790177 0.0291244 0.329059 2.70328 0.0588629 0.182146 0.000610506 0.0125207 0.138287 0.0253091
internal_weight=10133.2 9581.61 9504.12 3846.24 1170.45 944.131 5657.88 652.813 5005.07 1641.15 3363.92 323.495 551.568 25.142 329.318 2675.78 25.0768 12.4048 12.672 0.366208 526.426 2.94946 0.633917 0.0287421 77.4876 1.48548 2674.3 12.3057 1.07384 21.4542
internal_count=5133370 1725832 1709069 1542710 1495849 407474 166359 53307 113052 33372 79680 24300 3407538 66273 29007 46861 66256 63556 2700 595 3341265 4953 287 67 16763 316 46545 2105 147 420
is_linear=0
shrinkage=0.08


Tree=59
num_leaves=31
num_cat=0
split_feature=12 13 13 3 8 3 0 6 0 2 3 5 13 3 4 10 9 3 3 4 8 10 10 8 14 11 5 11 9 9
split_gain=494.321 37.6542 36.3009 72.6935 29.402 60.3618 46.7727 40.7707 17.1908 57.6965 56.5887 49.1138 30.2892 26.5814 22.1594 14.7483 58.4678 12.3752 12.1043 10.0761 8.19904 6.91576 6.66285 6.31249 4.27941 4.14616 4.11293 3.39078 5.65661 8.36089
threshold=0.60736889692585916 0.98809355067328142 0.29631528477978114 0.5738498789346248 0.8257418909592823 0.70479302832244017 0.61143790849673219 1.0000000180025095e-35 0.87298335467349564 0.9025932953826693 0.88067796610169491 0.29679679679679688 0.75084549611802121 0.98147512864494013 0.41428571428571431 0.8426212590299279 0.6844476055002372 0.82097069597069605 0.92031746031746042 0.73214285714285732 0.78979857050032498 0.70750469043151976 0.70750469043151976 0.77836257309941526 1.0000000180025095e-35 0.87500000000000011 0.57294832826747732 0.29166666666666669 0.70997889659330737 0.55087252292221245
decision_type=2 2 2 2 2 2 2 2 2 2 2 2 2 2 2 2 2 2 2 2 2 2 2 2 2 2 2 2 2 2
left_child=2 4 18 20 5 15 17 -8 9 11 14 -6 -12 -11 -10 23 -17 -7 -1 24 21 -4 -5 -2 26 27 -20 28 29 -3
right_child=1 25 3 22 8 6 7 -9 10 13 12 -13 -14 -15 -16 16 -18 -19 19 -21 -22 -23 -24 -25 -26 -27 -28 -29 -30 -31
leaf_value=-0.079708111175143828 -0.069718861255206571 0.084344262874424064 -0.080029085222695501 -0.045728031631393662 -0.018201406862720246 0.0051494234667914928 -0.017243280700990272 0.0010564633821751978 -0.025983149211250438 0.08381451640361591 0.037059722598149526 0.006063180881047868 0.0027604607748885884 -0.46376638766652922 0.060184787622825309 2.5185546804735597 0.04119900785166896 0.11146406208607941 0.12355367674535384 0.8607312091017022 -0.93920423838399081 -0.4826259970570439 0.21182416512892041 -0.035433537849604846 -0.050342674076707318 0.069516778306460941 -0.0081239682014710175 -0.056210819125445878 0.057794489787765184 -0.20404064755939227
leaf_weight=493.31238077736634 103.41193419147749 1.2031596312299417 0.29545854372554403 2.5537640234542782 899.77849711340968 9.3017559879226592 1101.9869020047481 2659.9357664879935 21.614156568422914 55.685055807902245 174.69525623135269 1312.8134041750745 2902.4733459870331 0.5732043944299211 164.24683542735875 0.061553050123619779 6.4428895204328001 28.406841228817939 2.1526395993860232 0.084389770432607203 0.23447590103023674 3.6041872890782543 0.8591111660352907 51.477089634354343 9.7260970595380076 52.13881725887768 5.1503226668428397 2.7030304325744501 15.73477800283581 1.3829829613678155
leaf_count=3383002 389196 27 1374 4264 47783 4727 1059779 43778 526 1983 2233 62143 39554 10 2626 35 2100 3205 1409 25 8 64 231 48482 16653 16326 2219 44 320 28
internal_value=-0.00387025 0.000251336 -0.0799888 -0.254159 -0.000189296 -0.00545082 -0.00341546 -0.00430411 0.00357814 -0.00177007 0.00729686 -0.00380432 0.00470768 0.0782353 0.0501641 -0.0533684 0.0646428 0.0852389 -0.0774135 -0.0112704 -0.479749 -0.452123 0.0191047 -0.0583242 -0.0155917 0.0574235 0.0306897 0.0274325 0.039773 -0.0698744
internal_weight=10084 9566.07 517.973 7.547 9492.9 3961.02 3799.63 3761.92 5531.88 2268.85 3263.03 2212.59 3077.17 56.2583 185.861 161.393 6.50444 37.7086 510.426 17.1134 4.13412 3.89965 3.41288 154.889 17.0291 73.1628 7.30296 21.024 18.3209 2.58614
internal_count=5134154 1724905 3409249 5941 1708160 1551302 1111489 1103557 156858 111919 44939 109926 41787 1993 3152 439813 2135 7932 3403308 20306 1446 1438 4495 437678 20281 16745 3628 419 375 55
is_linear=0
shrinkage=0.08


Tree=60
num_leaves=31
num_cat=0
split_feature=12 8 3 1 13 8 13 7 13 1 13 3 11 11 1 7 10 8 14 5 5 7 2 11 14 8 2 11 9 9
split_gain=441.371 34.4572 46.9685 37.4131 33.1056 145.115 29.9111 21.6414 18.1415 17.8714 18.1425 28.0151 14.5687 14.4743 63.9978 19.2783 12.7894 11.6993 11.1317 8.20606 13.7538 7.90381 7.56422 8.28497 7.37443 6.55394 12.894 6.19778 5.3747 7.83225
threshold=0.60736889692585916 0.81375640520299575 0.69028213166144214 0.58397435897435912 0.16750943749946745 0.54358379062895745 0.98809355067328142 0.74736374736374744 0.50588561141116206 0.81892697466467967 0.29631528477978114 0.5738498789346248 0.45000000000000007 0.87500000000000011 0.99295774647887336 0.90645833333333348 0.8426212590299279 0.7840487546369902 1.0000000180025095e-35 0.22792207792207794 0.17902930402930406 0.80186915887850485 0.24588394062078275 0.29166666666666669 1.0000000180025095e-35 0.76689497716894994 0.53694939934473984 0.87500000000000011 0.68898225957049497 0.55087252292221245
decision_type=2 2 2 2 2 2 2 2 2 2 2 2 2 2 2 2 2 2 2 2 2 2 2 2 2 2 2 2 2 2
left_child=9 2 16 22 -5 -6 7 8 12 10 -1 -12 -3 15 -15 -9 25 -18 -10 20 -11 -19 -4 -24 -22 -2 -27 28 29 -8
right_child=1 6 3 4 5 -7 27 13 18 19 11 -13 -14 14 -16 -17 17 21 -20 -21 24 -23 23 -25 -26 26 -28 -29 -30 -31
leaf_value=-0.079435400608402484 -0.07126308786041935 -0.061725734919031917 -0.085771268790534927 0.00037659722006405828 -0.076816561808444733 -0.0013109153876214457 0.084048946107283543 0.0062343183963960202 0.056597959490345205 0.087992448264560111 -0.31658480035909375 0.019984935588821289 0.01881118086048289 0.0041487194770518645 0.064069418432539854 -0.004816385990776377 0.17605693302014835 -0.10820308369622166 0.018500793706544044 -0.019224392064168819 1.1514481966551899 0.24907810296864374 0.0058829416079724884 0.19828705957430257 -0.080451524030646551 -0.041250014529270566 0.19111237298512168 0.072026034017507581 0.038571809854952517 -0.15849267817664517
leaf_weight=453.05613209331932 82.309726333478466 23.192691312026 0.83738897464354423 2666.1212895473145 204.45203528820275 801.65025108792179 1.3573741232976346 1849.1264991654316 101.27188483066857 1.2296729930822063 4.8735688413726157 2.344065440207487 37.810313718189718 1213.2645666161552 125.91407507099211 2227.3448113306658 2.9251977163075926 2.4461101287452043 95.255513557232916 19.491322081521503 0.12931470965850167 0.47288250405108545 1.73619601134851 8.1837948872998805 0.040947576577309408 40.81659277043218 1.5878519062971452 48.697434383910149 17.469512657029554 2.2891371082514524
leaf_count=3372837 357894 9476 184 46995 1043925 32216 33 47972 1200 806 1447 3961 17002 36253 23841 29237 446 838 1174 29206 34 72 222 675 106 59374 174 16341 348 42
internal_value=-0.00339391 0.00037028 -0.00552473 -0.00385313 -0.00428954 -0.0166546 0.00428476 0.0036443 0.0263027 -0.0781554 -0.0814401 -0.207277 -0.0118081 0.00256683 0.00978266 0.00019632 -0.0526796 0.0629872 0.0381325 -0.0057872 0.181299 -0.0503228 0.145122 0.164613 0.85518 -0.0580998 -0.0325491 0.0563299 0.0201319 -0.0682092
internal_weight=10037.7 9556.53 3813.54 3682.98 3672.22 1006.1 5742.99 5673.18 257.53 481.165 460.274 7.21763 61.003 5415.65 1339.18 4076.47 130.558 5.84419 196.527 20.8913 1.39994 2.91899 10.7574 9.91999 0.170262 124.714 42.4044 69.8135 21.116 3.64651
internal_count=5134331 1725934 1543015 1124217 1123136 1076141 182919 166155 28852 3408397 3378245 5408 26478 137303 60094 77209 418798 1356 2374 30152 946 910 1081 897 140 417442 59548 16764 423 75
is_linear=0
shrinkage=0.08


Tree=61
num_leaves=31
num_cat=0
split_feature=12 13 12 14 3 11 10 4 10 1 13 3 11 1 8 1 10 8 8 2 11 14 12 4 2 3 2 4 11 9
split_gain=415.456 30.8471 25.2271 26.8301 28.8 25.5918 17.8182 16.3036 14.2428 12.2208 14.3307 21.9322 12.1752 51.1326 17.3541 41.2418 24.877 14.1208 10.0522 8.47504 6.2791 5.31032 6.71492 6.52455 6.67396 6.30596 5.46716 6.16296 3.91286 6.63498
threshold=0.60736889692585916 0.98809355067328142 0.790953232813698 1.0000000180025095e-35 0.88303693570451447 0.63333333333333341 0.8128434065934067 0.73214285714285732 0.82287581699346413 0.81892697466467967 0.29631528477978114 0.5738498789346248 0.87500000000000011 0.97590011614401873 0.99629629629629635 0.99295774647887336 0.99593495934959353 0.72513736263736273 0.80576285240464351 0.8402898550724639 0.87500000000000011 1.0000000180025095e-35 0.59781964687759215 0.5634920634920636 0.69804355850867483 0.99253731343283602 0.81892697466467967 0.64583333333333337 0.29166666666666669 0.5929064657878218
decision_type=2 2 2 2 2 2 2 2 2 2 2 2 2 2 2 2 2 2 2 2 2 2 2 2 2 2 2 2 2 2
left_child=9 2 3 5 18 7 -7 -2 -6 10 -1 -12 14 19 16 -16 -4 -15 -5 -14 28 22 26 25 -25 -24 27 -11 29 -3
right_child=1 20 12 4 8 6 -8 -9 -10 21 11 -13 13 17 15 -17 -18 -19 -20 -21 -22 -23 23 24 -26 -27 -28 -29 -30 -31
leaf_value=-0.079595561119688046 -0.014400645358660497 -0.098284655402421595 -0.0012514416082253133 -0.06177712305648983 -0.0017233012912689289 0.021267073069816421 0.11291351657585751 0.085318693440754406 -0.11713508104198772 -0.083729455335455005 -0.27032305944745727 0.027054279502732648 -0.00032911710093036414 -0.032477481516436625 -0.0019519157415440541 0.068868766335525106 0.085527493092711446 0.060075518258442435 -0.023869235058385074 0.018575787140198665 0.071391781484494377 -0.054201217532626689 -0.08029865204050235 -0.088718413727833845 0.55609496478767317 0.48560523191974192 0.21114946570891618 0.076782528048260301 -0.065875622986479102 0.051071960701042189
leaf_weight=418.82899363240722 222.04583662276855 2.1723846709355756 7184.5969918242772 137.93177067486977 181.00794183676771 51.200806544715306 18.476867917983327 11.013600172213044 7.1123676134739062 4.155850877505145 5.7417993886338072 2.1936720838857582 1005.6934148324654 11.451866696821524 163.69083595182747 77.56106943776831 21.204524889006279 133.98146538087167 66.283924781397218 178.73800834419671 45.292217277688906 10.996227861316584 0.16289964788302291 0.61501032271189615 0.12333023740211502 0.5566757065244019 0.69617555422883004 2.423806551771122 3.0283606732264152 15.383967900648713
leaf_count=3371488 190808 45 825236 442976 96794 52211 2232 1163 83 3858 1469 3940 24916 442 6551 7812 560 25555 23974 7366 16328 24590 503 178 14 135 98 814 45 343
internal_value=-0.00334356 0.000187251 -0.000192166 -0.0148631 -0.0286698 0.00302983 0.0455695 -0.00968825 -0.00608674 -0.0787677 -0.0816135 -0.188116 0.000969677 0.00802058 -0.000289445 0.0208165 -0.000996077 0.0527876 -0.0494731 0.00252375 0.0547411 -0.0172128 0.0293574 0.186063 0.0189893 0.357494 -0.00204293 -0.0246002 0.0181048 0.0325909
internal_weight=9984.36 9537.87 9471.99 695.073 392.336 302.737 69.6777 233.059 188.12 446.494 426.764 7.93547 8776.92 1329.86 7447.05 241.252 7205.8 145.433 204.216 1184.43 65.8769 19.73 8.73375 1.45792 0.738341 0.719575 7.27583 6.57966 20.5847 17.5564
internal_count=5132527 1725440 1708679 810241 563827 246414 54443 191971 96877 3407087 3376897 5409 898438 58279 840159 14363 825796 25997 466950 32282 16761 30190 5600 830 192 638 4770 4672 433 388
is_linear=0
shrinkage=0.08


Tree=62
num_leaves=31
num_cat=0
split_feature=12 13 12 1 14 11 4 0 9 11 7 11 1 8 9 1 8 13 2 2 14 11 11 0 4 2 5 4 14 2
split_gain=378.857 32.5053 23.7842 41.7958 33.7861 35.5779 16.7897 22.342 18.4781 15.5055 43.3625 34.0561 30.4168 29.0831 22.9572 13.7911 11.2972 9.51793 15.7974 5.99207 5.12604 4.46167 4.35637 3.86823 3.06069 6.4399 3.58589 2.73931 29.8009 104.184
threshold=0.60736889692585916 0.98809355067328142 0.8166139695314748 0.9294019933554819 1.0000000180025095e-35 0.45000000000000007 0.41428571428571431 0.62115563839701782 0.8771316745876433 0.22500000000000003 0.86769720390997962 0.70833333333333337 0.97590011614401873 0.99629629629629635 0.97182539682539681 0.81892697466467967 0.75123762376237635 0.29631528477978114 0.59317129629629639 0.94826048171275656 1.0000000180025095e-35 0.87500000000000011 0.87500000000000011 0.26975051975051983 0.64583333333333337 0.47856705450091863 0.57294832826747732 0.58571428571428574 1.0000000180025095e-35 0.61257406188281782
decision_type=2 2 2 2 2 2 2 2 2 2 2 2 2 2 2 2 2 2 2 2 2 2 2 2 2 2 2 2 2 2
left_child=15 2 3 4 5 -2 8 -8 -5 13 12 -12 -11 14 -4 17 -6 27 -19 20 24 -3 -20 -15 26 -26 -17 -1 29 -29
right_child=1 21 9 6 16 -7 7 -9 -10 10 11 -13 -14 23 -16 19 -18 18 22 -21 -22 -23 -24 -25 25 -27 -28 28 -30 -31
leaf_value=-0.07931914567101897 -0.043392740413963217 0.026476419282761929 -0.002778308702539862 -0.066062238571852436 -0.069873836765456332 0.025880674238670055 0.081123501611072041 0.0028739227565368515 -0.94270617232450737 0.0010021874899316904 -0.013924113272508604 0.008923928434714368 0.040440081360785307 0.50020910821612852 0.015546536255116202 0.090975811876346444 -0.035009530567509474 -0.20949220663972726 -0.080589172808349138 0.53366560787605621 -0.05354988118715874 0.072635437888501353 0.18997946696829968 0.074659772482796594 0.27723256516169137 0.023002069040709897 -0.04813777922972174 10.859596274944236 -0.080024869794701636 -0.080025426604005315
leaf_weight=387.08162972311402 86.384837303005042 19.626086148899049 5685.3887233216519 16.666682441515153 106.09839895154437 105.27236963046744 24.747234990383731 414.42568293707154 0.15531676262617011 194.30525288026547 652.93738981278148 1157.9982569513377 351.71383234657696 0.13731974363327282 474.01984339347109 1.6799114654786551 135.38213863979763 7.5617808453571325 0.67911930209811522 0.12760079413419489 10.77660134425969 42.258296170970425 0.86712463232106529 30.668791159521788 0.86377329708193462 2.436226411460666 4.0324005273287185 0.0073128211224684483 0.33166900676587729 0.023398942146741319
leaf_count=3370201 143510 428 733925 7309 410746 84159 3158 152099 2 15732 22892 42674 10614 5 3016 2095 75441 3409 1803 14 24493 16356 206 3506 228 754 2504 28 2147 148
internal_value=-0.00306873 0.000205883 -0.000173115 -0.0126258 -0.0304225 -0.00534264 0.00427889 0.00728326 -0.0741563 0.00112229 0.00664433 0.00068601 0.0264058 -0.000980254 -0.00136805 -0.0777511 -0.0503277 -0.0810136 -0.161849 -0.0127916 -0.0163152 0.0579965 0.0711442 0.0765567 0.0282086 0.0895468 -0.00722641 -0.0791133 0.140736 2.52482
internal_weight=9914.66 9498.19 9436.3 889.133 433.138 191.657 455.995 439.173 16.822 8547.17 2356.95 1810.94 546.019 6190.21 6159.41 416.469 241.481 396.552 9.10802 19.9165 19.7889 61.8844 1.54624 30.8061 9.01231 3.3 5.71231 387.444 0.362381 0.0307118
internal_count=5133602 1725572 1708788 876424 713856 227669 162568 155257 7311 832364 91912 65566 26346 740452 736941 3408030 486187 3377942 5418 30088 30074 16784 2009 3511 5581 982 4599 3372524 2323 176
is_linear=0
shrinkage=0.08


Tree=63
num_leaves=31
num_cat=0
split_feature=12 4 1 13 12 14 9 13 8 7 2 3 3 8 5 1 5 13 3 13 8 4 11 2 13 5 12 13 14 0
split_gain=388.576 31.1367 122.906 24.3322 16.0782 15.1915 12.1026 23.194 136.41 17.448 12.535 8.9099 8.59921 5.71602 8.04192 5.63534 15.6549 5.51631 12.2558 5.44631 5.25555 4.81395 4.32547 4.30655 6.61725 5.30923 28.1087 3.45188 3.26205 2.80381
threshold=0.60736889692585916 0.58571428571428574 0.80322580645161301 0.98809355067328142 0.65989690721649474 1.0000000180025095e-35 0.65868005738880919 0.19116177973542919 0.58240137642865941 0.65020325203252038 0.075498575498575485 0.93440860215053778 0.8452991452991454 0.78979857050032498 0.72821969696969713 0.52240802675585296 0.84409722222222239 0.29631528477978114 0.7593103448275863 0.19036690909712964 0.71503759398496258 0.58571428571428574 0.87500000000000011 0.57932875667429451 0.26598818562619836 0.58898944193061853 0.58092087124345193 0.27909473342570751 1.0000000180025095e-35 0.54085850556438808
decision_type=2 2 2 2 2 2 2 2 2 2 2 2 2 2 2 2 2 2 2 2 2 2 2 2 2 2 2 2 2 2
left_child=1 11 5 4 12 -3 7 19 -9 20 -11 17 13 21 -15 27 -17 -1 29 -6 -8 -2 -5 24 -13 -25 -27 -14 -26 -19
right_child=3 2 -4 22 6 -7 9 8 -10 10 -12 23 15 14 -16 16 -18 18 -20 -21 -22 -23 -24 25 28 26 -28 -29 -30 -31
leaf_value=-0.079434722304441263 -0.076103577361288033 -0.66002364942753344 0.011988596711837574 0.02026961783593783 0.0003445789454919676 -0.080043567052730524 0.005421344151082347 -0.074060960344110749 -0.0023960209579001581 -0.070905240901879982 0.0015595795062594623 -0.081373479045422525 0.029029311155593547 -0.010074254064348013 0.39085654218575933 -0.013364431773131654 1.307894206459034 -0.19761355639517753 0.067249101611363812 0.11754285260447832 0.054448272872294895 0.035952123727005555 0.065888299919788645 0.038626845910152627 0.23292866768796722 -0.081858825414309666 2.821604818002736 0.3074516385359044 -0.082128395153967665 -0.051778067219180733
leaf_weight=359.4020546331376 38.977461230002518 3.0933477836806564 5.203223589429399 20.149085644399747 2720.6220789741274 0.31882889362895905 19.151220675761579 196.43979030389164 1262.2370963354188 15.323919384492909 5035.7030056799413 5.7744047924643365 0.56216129474341758 6.6094723346759556 0.33648551868100174 30.973596813870248 0.05749882385134597 7.0990242642765207 1.5220111925154913 2.5400664984408641 51.960686401987914 2.6184887662602696 39.146910737734288 4.2372835899295751 0.71526780196290929 0.094502206105971598 0.02756393767776899 0.57801404147176072 0.29793318070005603 0.95753152733595914
leaf_count=3380413 287770 174 3666 430 75853 2138 715 1008151 77733 1052 209565 10283 49 9869 594 31703 3 1376 1300 1327 582 3880 16285 5389 67 147 62 11 360 2940
internal_value=-0.00392556 -0.0823113 -0.232702 -0.000698966 -0.00102175 -0.605831 -0.00071333 -0.00390661 -0.0120471 0.00189375 0.00133973 -0.0789028 -0.0365735 -0.0578315 0.00934818 -0.00449816 -0.0109162 -0.0810316 -0.140949 0.000453897 0.0412448 -0.0690496 0.0503868 -0.00843586 -0.0482859 0.0536116 0.573777 0.170176 0.140286 -0.180281
internal_weight=9832.73 388.743 8.6154 9443.99 9384.69 3.41218 9303.98 4181.84 1458.68 5122.14 5051.03 380.128 80.7132 48.5419 6.94596 32.1713 31.0311 368.981 9.57857 2723.16 71.1119 41.5959 59.296 11.147 6.78761 4.35935 0.122066 1.14018 1.0132 8.05656
internal_count=5133887 3408315 5978 1725572 1708857 2312 1374978 1163064 1085884 211914 210617 3402337 333879 302113 10463 31766 31706 3386029 5616 77180 1297 291650 16715 16308 10710 5598 209 60 427 4316
is_linear=0
shrinkage=0.08


Tree=64
num_leaves=31
num_cat=0
split_feature=3 8 4 2 1 0 8 4 0 5 11 7 1 3 10 3 3 8 8 3 4 10 2 3 3 13 8 4 0 2
split_gain=111.598 260.862 70.1047 54.4792 52.5899 76.8891 63.8363 67.91 79.8969 31.4937 43.8763 174.497 30.6021 29.7312 26.7316 24.6574 19.5658 19.1038 20.0522 15.1586 16.8398 15.0693 13.7636 18.1005 22.1564 20.2492 13.1379 12.7472 30.6426 12.4148
threshold=0.65345368916797508 0.78979857050032498 0.087121212121212141 0.35767590618336892 0.86425061425061434 0.77581480353335375 0.99629629629629635 0.35416666666666669 0.92031746031746042 0.74239631336405543 0.87500000000000011 0.84356174698795205 0.78086890243902451 0.89564428312159727 0.99593495934959353 0.82972848596410509 0.90521114106019784 0.66961651917404141 0.97590011614401873 0.87026647966339421 0.47222222222222227 0.99593495934959353 0.084219858156028407 0.30901856763925734 0.36214605067064082 0.17240218274701039 0.91864313292884725 0.58571428571428574 0.58578637510513054 0.30068493150684938
decision_type=2 2 2 2 2 2 2 2 2 2 2 2 2 2 2 2 2 2 2 2 2 2 2 2 2 2 2 2 2 2
left_child=1 27 3 15 5 12 14 8 -8 17 11 -11 13 -4 16 -2 -6 -5 -19 26 -21 -17 -3 25 -25 -24 -7 -1 -29 -26
right_child=2 22 4 9 6 19 7 -9 -10 10 -12 -13 -14 -15 -16 21 -18 18 -20 20 -22 -23 23 24 29 -27 -28 28 -30 -31
leaf_value=-0.076918312012545287 -0.0095895574616216561 -0.061768150379889759 -0.041821053700261887 -0.051372145410145856 0.012812426369254344 -0.00073837671816004034 0.031980903179341769 0.056717639707154738 -0.17021333636906774 -0.081885254476280173 0.31371213087083005 6.5970511334399111 -0.086926092358772744 0.078757893963944295 0.076938788822602314 -0.12967819303886655 -0.0019864149451642808 0.08937483824038106 0.035385998246679033 0.020082108646420335 -0.07633108541563989 -0.49206302993644169 0.04300354741171946 -0.031816295192506089 0.012227663122883901 -0.0051003031226370781 0.053666710815866811 -0.37331798956322226 0.035206650704184758 -0.010883576197866575
leaf_weight=393.27944302169999 33.875614442047663 24.156000709379441 169.35457778587806 9.3889952236786467 624.67590128715528 47.613695354215452 33.643879055511206 233.01213089353405 19.908992681652308 0.082544177952512454 0.97813280217815191 0.035933901555836201 103.36505990754085 14.183355995446616 28.467585411155596 6.8071878316477514 6751.3522909003004 100.40252800837334 78.415225874865428 26.601799124589888 20.551530756158172 0.82321303337812413 113.90584311613929 171.64739652186108 301.07391132169869 110.17686848177982 70.421630871482193 2.8889601107402987 1.9807595917372962 294.03060402345
leaf_count=3590608 15941 1184 186636 27179 149538 34574 1516 39054 611 119 130 3 138297 847 2055 842 803063 2479 3419 2041 7121 9 8765 24347 27719 7896 1047 519 2237 54016
internal_value=-0.00283631 -0.0236315 0.000672963 0.0441508 -0.000559371 -0.0270764 0.000999338 0.0380475 -0.0431875 0.0623501 0.489828 1.94381 -0.0521105 -0.032503 -0.000434481 -0.0388539 -0.000733101 0.0598593 0.0656996 0.0164033 -0.0219391 -0.168774 -0.00210397 -0.00064939 -0.00649475 0.0193519 0.0317205 -0.0785112 -0.20715 0.000808809
internal_weight=9787.1 1413.14 8373.96 230.809 8143.15 452.092 7691.06 286.565 53.5529 189.303 1.09661 0.118478 286.903 183.538 7404.5 41.506 7376.03 188.207 178.818 165.189 47.1533 7.6304 1014.99 990.835 766.752 224.083 118.035 398.149 4.86972 595.105
internal_count=5133812 3717291 1416521 50121 1366400 370563 995837 41181 2127 33329 252 122 325780 187483 954656 16792 952601 33077 5898 44783 9162 851 123927 122743 106082 16661 35621 3593364 2756 81735
is_linear=0
shrinkage=0.08


Tree=65
num_leaves=31
num_cat=0
split_feature=12 3 4 1 13 8 5 2 0 2 4 3 3 4 8 4 3 5 8 5 5 5 2 11 14 11 6 5 3 2
split_gain=331.025 29.2049 18.6846 19.9359 17.0662 12.558 11.4033 24.4344 22.5814 90.4044 54.2079 43.7108 35.9563 35.5994 28.5557 16.99 14.1934 12.915 10.0159 8.79671 6.87582 51.4551 6.68885 5.57207 5.35516 5.22632 7.46929 5.06482 4.72914 4.65524
threshold=0.65989690721649474 0.8452991452991454 0.58571428571428574 0.80322580645161301 0.98809355067328142 0.65895721925133699 0.38529014844804327 0.12632978723404256 0.87298335467349564 0.92084377610693402 0.94444444444444453 0.99253731343283602 0.92770034843205595 0.47222222222222227 0.99629629629629635 0.73214285714285732 0.30094339622641519 0.77871939736346529 0.7955767350928642 0.38956639566395673 0.72821969696969713 0.73401360544217698 0.121830550401979 0.87500000000000011 1.0000000180025095e-35 0.22500000000000003 1.0000000180025095e-35 0.14415584415584418 0.84680573663624525 0.83752357008170975
decision_type=2 2 2 2 2 2 2 2 2 2 2 2 2 2 2 2 2 2 2 2 2 2 2 2 2 2 2 2 2 2
left_child=1 2 18 5 6 24 8 17 9 10 -2 -11 13 -10 -14 16 -9 22 29 -17 27 -22 -8 -6 -4 26 -3 -20 -27 -1
right_child=4 25 3 -5 23 -7 7 15 12 11 -12 -13 14 -15 -16 19 -18 -19 20 -21 21 -23 -24 -25 -26 28 -28 -29 -30 -31
leaf_value=-0.080298238135896774 -0.013930371682108526 -0.08185233647513844 -0.33921425842878511 -0.029609211005904724 0.011148125738314004 0.41384907175957336 -0.0030580357536395971 0.040578442463012364 -0.031273340842651091 0.0914118160530875 0.069356983089185503 -0.65032905789568862 -0.001213215589034725 0.028333769129858518 0.039656165612351454 0.19829600336240785 0.0061669222400722347 -0.087278130169770873 0.080134952969100018 0.054390693375159893 4.6531627015502783 0.13826649080747799 -0.095703510157315555 0.064182164595478625 -0.080923756596204766 0.49506265120384763 -0.0076532700306496592 -0.051535276108975667 0.023773964492591726 0.14043808689984244
leaf_weight=345.19149843137347 1801.5973654600893 12.578470385975377 4.6780282865001936 2.893251531982969 19.873466758523136 0.15762313237064507 41.674122362106573 83.315823618380819 73.606827773808618 63.028423097246559 51.44117875797383 0.51260440051555534 5530.0866155346885 497.79446634778287 111.62355027138256 2.9951475968555306 967.67944456861005 22.945135260044481 2.763981713156678 29.444649082346587 0.016901891300222682 0.36568964607431553 5.6655474880535612 35.023990871617571 0.57710737125307598 0.13782507634459662 28.035843726916937 5.7786169426108245 12.047213082121742 0.61255422852263919
leaf_count=3649312 513552 67730 307 3334 430 8 3153 7806 6530 6123 4776 6 608139 44695 12957 230 161941 2308 2689 3308 44 642 521 16451 3433 41 2329 8883 2093 549
internal_value=-0.00260021 -0.0724395 -0.0805248 -0.199132 0.000509726 -0.289746 0.000246732 0.00768957 -0.000809514 -0.00840087 -0.0116183 0.085428 0.00153222 0.0206553 -0.000404598 0.0106549 0.00889484 -0.0380205 -0.0777476 0.0676774 0.00592691 0.337723 -0.0141457 0.0449833 -0.310849 -0.0168468 -0.0306331 -0.008933 0.0291047 -0.0799072
internal_weight=9754.14 415.835 363.035 8.30601 9338.31 5.41276 9283.41 1153.72 8129.69 1916.58 1853.04 63.541 6213.11 571.401 5641.71 1083.44 1051 70.2848 354.729 32.4398 8.92519 0.382592 47.3397 54.8975 5.25514 52.7994 40.6143 8.5426 12.185 345.804
internal_count=5134320 3741394 3669201 7082 1392926 3748 1376045 179267 1196778 524457 518328 6129 672321 51225 621096 173285 169747 5982 3662119 3538 12258 686 3674 16881 3740 72193 70059 11572 2134 3649861
is_linear=0
shrinkage=0.08


Tree=66
num_leaves=31
num_cat=0
split_feature=12 13 1 4 8 6 7 13 1 5 7 8 10 9 7 0 2 11 13 13 2 9 9 8 2 4 2 10 7 8
split_gain=310.181 20.1843 15.5227 30.824 15.5127 130.12 39.5686 27.762 20.3973 14.4596 16.6439 13.1488 10.5661 11.7102 5.44056 11.9442 3.87587 3.60668 3.54775 6.29207 3.19504 3.18167 9.08147 2.61965 2.47902 2.44349 4.31232 2.52068 3.22128 2.58698
threshold=0.60538387252535009 0.98809355067328142 0.81892697466467967 0.58571428571428574 0.65895721925133699 1.0000000180025095e-35 0.60331143951833621 0.43087283087283096 0.6861407249466952 0.24068965517241384 0.52679425837320593 0.86769720390997962 0.48749218261413391 0.45738498789346255 1.0000000180025095e-35 0.45368782161235005 0.56048780487804895 0.45000000000000007 0.33771518383200033 0.29631528477978114 0.93908472479901062 0.5929064657878218 0.55087252292221245 0.64387297876485494 0.62258652094717681 0.73214285714285732 0.55351882160392807 0.66369047619047639 1.0000000180025095e-35 0.59357829670329687
decision_type=2 2 2 2 2 2 2 2 2 2 2 2 2 2 2 2 2 2 2 2 2 2 2 2 2 2 2 2 2 2
left_child=2 4 3 18 5 7 9 23 -9 11 -11 -6 20 -14 15 -5 -7 21 19 -1 -8 22 -3 -2 -18 27 -27 28 -4 -29
right_child=1 17 25 14 6 16 12 8 -10 10 -12 -13 13 -15 -16 -17 24 -19 -20 -21 -22 -23 -24 -25 -26 26 -28 29 -30 -31
leaf_value=-0.079219252689190958 -0.077685190442656163 0.083915586340801498 -0.0020184984812238248 -1.8952284751823243 0.059180867096593807 -0.084150438107456801 -0.10774719494630416 1.6705516514150844 -0.021504188749458746 0.65925237568836237 0.14509997272388406 -0.19745349251587752 0.020378797276086796 0.0010453350552178963 -0.24457107162391503 -0.080048812233874916 0.045240045150054205 0.065812773247657039 0.070136962225422178 -0.15040353826208308 -0.032925493181877652 0.0357724878874843 -0.20462040999453934 -0.021377911712616424 0.00042411530591796108 0.32254079696455357 -0.092673857838589363 0.24961412042027378 -0.080225311226654841 0.012492615327410181
leaf_weight=282.81265049051581 175.33990221838394 1.4290772434324037 12.216956456686612 0.040476200636475279 52.677659631124698 3.4614739321114021 6.5409659179131259 0.045620132732436924 85.165216873370809 0.4315871368162324 6.0729912958631758 1.3094895994290698 207.31378808881345 6105.0117244006724 6.698019286566705 0.054358148787287064 7.9231181650393401 33.30071632983163 0.99451920797582616 8.1768036991161335 8.2716272808611375 15.356183673720807 1.36491466127336 5.4524781148356842 2640.5186600344459 0.36901937372749571 0.28273648506728932 0.43942252886335953 4.6550370140903388 0.89262600213260157
leaf_count=3357771 1117321 34 1033 2 1306 289 11056 8 80742 92 349 16 34506 399544 2112 101 966 16344 407 4699 73 345 20 30100 45532 17 70 17 27933 114
internal_value=-0.00243299 0.000206228 -0.0801805 -0.0846233 -7.00551e-05 -0.00490284 0.00213759 -0.0582439 -0.0205983 0.0665324 0.179215 0.0529561 0.00152193 0.0016803 -0.25309 -0.854785 0.000447619 0.0501755 -0.080704 -0.0812195 -0.0659654 0.0214853 -0.0570394 -0.075987 0.000558187 -0.00978229 0.142418 -0.0152315 -0.023596 0.0907154
internal_weight=9674.62 9356.99 317.633 298.777 9305.54 2917.91 6387.63 266.003 85.2108 60.4917 6.50458 53.9871 6327.14 6312.33 6.79285 0.0948343 2651.9 51.4509 291.984 290.989 14.8126 18.1502 2.79399 180.792 2648.44 18.8558 0.651756 18.204 16.872 1.33205
internal_count=5132919 1738643 3394276 3365092 1721900 1274958 446942 1228171 80750 1763 441 1322 445179 434050 2215 103 46787 16743 3362877 3362470 11129 399 54 1147421 46498 29184 87 29097 28966 131
is_linear=0
shrinkage=0.08


Tree=67
num_leaves=31
num_cat=0
split_feature=12 13 3 14 12 11 4 3 7 8 8 11 11 3 11 4 4 5 2 9 11 10 11 12 13 13 5 4 2 11
split_gain=284.93 16.6747 13.0959 12.286 35.4014 48.4628 52.9385 42.735 31.0127 31.715 23.5969 21.9759 36.4807 27.6325 20.1798 10.6899 9.97705 9.09514 7.87695 7.76762 7.04465 4.52429 3.83797 3.51831 3.22188 4.39869 2.63161 3.76291 2.50208 2.44507
threshold=0.61134067952249782 0.98809355067328142 0.92031746031746042 1.0000000180025095e-35 0.82078272604588409 0.22500000000000003 0.61250000000000016 0.89564428312159727 0.84356174698795205 0.8402898550724639 0.94474969474969483 0.87500000000000011 1.0000000180025095e-35 0.95040983606557383 0.45000000000000007 0.58571428571428574 0.61250000000000016 0.37089947089947095 0.57932875667429451 0.78305692514567482 0.29166666666666669 0.66369047619047639 0.87500000000000011 0.54377448475557844 0.33771518383200033 0.29631528477978114 0.58898944193061853 0.64583333333333337 0.96362433862433872 0.29166666666666669
decision_type=2 2 2 2 2 2 2 2 2 2 2 2 2 2 2 2 2 2 2 2 2 2 2 2 2 2 2 2 2 2
left_child=2 3 15 8 7 10 -7 17 9 14 -6 12 -10 -13 -2 24 -17 -5 21 -11 -9 -4 29 28 25 -1 -25 -28 -20 -3
right_child=1 22 18 4 5 6 -8 20 11 19 -12 13 -14 -15 -16 16 -18 -19 23 -21 -22 -23 -24 26 -26 -27 27 -29 -30 -31
leaf_value=-0.079072400899511994 0.0032290515739600819 0.030395596154140451 -0.083695543720054527 -0.058258835478586769 -0.0089810639080808181 0.0028953917249161395 0.042128144904622876 -0.0050529248354452419 -0.0011815921311602278 0.042824560587144206 0.0063519337376350352 0.0032350969618601417 -0.028717828404635829 0.059253145084030505 0.038177723354303805 -0.21457165606657147 0.0020955355341814369 -0.025769231435477716 0.23449336047701119 0.019829498219726412 0.034267390908272161 0.076021033926421677 0.064339191478822222 0.010004351548199586 0.043165131480079923 -0.13906264323013515 0.084730261991973491 0.59080603617522109 -0.080033605088944332 -0.050761732703796227
leaf_weight=265.88073828632332 1722.7757952441752 15.655015518190341 8.2739146069288854 158.62415672885254 2568.4700244470077 749.22139642381808 311.68993897810287 211.1533243650847 1087.9420994507382 180.66149542870698 856.59401908377185 550.74220447381958 429.46842120663496 62.7808939574752 112.65361992863473 6.8076719090531679 1.6997989404953839 84.530562347586965 0.90133265334588741 196.02648882992798 33.833774402344716 1.3155715179309471 30.358288194751367 6.6238512135241763 1.3475963294331439 8.0595559183748247 0.46228203040664073 0.11804207021486945 0.197303026667214 2.8009026413783422
leaf_count=3405401 320693 373 12223 348590 564138 27399 14704 107832 8528 14428 7939 12743 15432 11788 72571 2928 1242 134719 437 13045 1003 99 16229 6833 650 5627 220 28 1387 44
internal_value=-0.00225096 0.00021395 -0.0787747 -3.0378e-05 -0.0027449 -0.000518584 0.0144218 -0.0232045 0.00307858 0.00971361 -0.00514635 -0.00380924 -0.0089751 0.00896734 0.00537411 -0.0829598 -0.171281 -0.0469641 -0.0123928 0.030858 0.00037738 -0.0617842 0.0468489 0.0446526 -0.0802303 -0.0808374 0.024316 0.18767 0.178008 0.018079
internal_weight=9667.67 9365.98 301.688 9317.17 4974.12 4485.98 1060.91 488.142 4343.05 2212.12 3425.06 2130.93 1517.41 613.523 1835.43 283.795 8.50747 243.155 17.8923 376.688 244.987 9.58949 48.8142 8.30281 275.288 273.94 7.20418 0.580324 1.09864 18.4559
internal_count=5129273 1692198 3437075 1675552 1206324 614180 42103 592144 469228 420737 572077 48491 23960 24531 393264 3415848 4170 483309 21227 27473 108835 12322 16646 8905 3411678 3411028 7081 248 1824 417
is_linear=0
shrinkage=0.08


Tree=68
num_leaves=31
num_cat=0
split_feature=12 8 6 8 3 13 13 1 4 5 4 4 3 8 13 10 12 2 8 11 13 12 3 5 5 4 10 11 10 4
split_gain=255.724 17.3767 36.6139 106.028 34.5024 43.8043 14.6066 11.3073 11.9982 10.6699 53.1831 80.6718 21.7939 18.6511 15.0443 7.20664 6.35352 4.1711 4.05324 4.04014 3.98378 3.94088 40.2673 3.24713 3.12134 3.68683 3.21211 3.03422 7.56582 2.82438
threshold=0.60331143951833621 0.81375640520299575 1.0000000180025095e-35 0.52512626262626283 0.53950103950103967 0.47377020983832147 0.98809355067328142 0.89059829059829065 0.58571428571428574 0.044466403162055343 0.94444444444444453 0.73214285714285732 0.88067796610169491 0.99629629629629635 0.75084549611802121 0.88548009367681513 0.60910973084886144 0.57932875667429451 0.92990501146413374 0.87500000000000011 0.33771518383200033 0.60538387252535009 0.99253731343283602 0.40967365967365971 0.57294832826747732 0.73214285714285732 0.66369047619047639 0.29166666666666669 0.36451048951048959 0.58571428571428574
decision_type=2 2 2 2 2 2 2 2 2 2 2 2 2 2 2 2 2 2 2 2 2 2 2 2 2 2 2 2 2 2
left_child=7 2 3 27 15 -6 9 8 20 12 11 -11 14 -14 -3 -5 21 -18 -12 -8 -1 22 -4 -19 29 26 -26 -2 -29 -9
right_child=1 6 16 4 5 -7 19 24 -10 10 18 -13 13 -15 -16 -17 17 23 -20 -21 -22 -23 -24 -25 25 -27 -28 28 -30 -31
leaf_value=-0.080508556467083228 -0.078970344706399895 0.0055527085672167622 -0.080255924506788909 -0.058333093016070578 0.053980716072544344 -0.0073574278726548205 0.018236444219712541 0.10513317964294495 -0.18848555987909821 0.0034872793870337126 0.11441902083319053 -0.035726910211958417 0.0026267074562959379 0.03611633517701119 0.048019595867973427 0.16101883304510747 -0.083788565952265887 0.00049990427756026017 0.065419703970617457 0.066170529588024815 0.094923664714403666 0.1250348994780324 3.8316725442199595 0.016455953340099853 -0.053631231966339427 0.16872019945031444 0.074901490331065815 0.66491566325734563 -0.020518249229781356 -0.084572358643429518
leaf_weight=247.16665390115304 153.41979824068039 92.159266856935574 0.095565052193704703 80.611017838577027 82.857692279827461 739.92371516607818 18.540846975753084 2.2280420116221644 6.6907988464445216 2131.8810232477554 18.040055877063423 398.51071808440611 2688.5322110060806 110.81686049816199 126.90773781808093 0.97011971363099192 3.7176035022275746 2551.9479241816734 26.938007294200361 28.631784636760131 0.83121756571199412 1.4920981822069734 0.020442694425582886 84.323180088729714 10.92981781152775 0.57224331523320948 1.40422282331565 0.10738152367412057 2.5630293436806824 0.64846228642272752
leaf_count=3355194 1094843 5877 193 367129 40022 21040 426 1322 2190 115319 208 6337 24451 11469 2054 83 440 43306 883 16317 334 289 1 2730 17656 70 92 136 2516 587
internal_value=-0.00201438 0.000205615 -0.00405317 -0.01661 -0.00610076 -0.00118041 0.00300057 -0.0787007 -0.0827726 0.00262673 -0.00115583 -0.00268855 0.00585409 0.00395245 0.0301542 -0.0557247 0.00098769 0.000890858 0.0850726 0.0473304 -0.0799206 0.159955 0.609098 0.00101027 -0.0129922 -0.029788 -0.0389979 -0.0774988 0.00704415 0.0623671
internal_weight=9613.48 9343.01 3702.05 1060.45 904.363 822.781 5640.96 270.471 254.689 5593.79 2575.37 2530.39 3018.42 2799.35 219.067 81.5811 2641.6 2639.99 44.9781 47.1726 247.998 1.60811 0.116008 2636.27 15.7828 12.9063 12.334 156.09 2.67041 2.8765
internal_count=5133514 1756069 1572728 1525769 428274 61062 183341 3377445 3357718 166598 122747 121656 43851 35920 7931 367212 46959 46476 1091 16743 3355528 483 194 46036 19727 17818 17748 1097495 2652 1909
is_linear=0
shrinkage=0.08


Tree=69
num_leaves=31
num_cat=0
split_feature=12 3 12 3 1 13 2 3 3 13 5 13 10 4 11 4 4 13 7 10 7 7 4 0 13 2 11 5 14 9
split_gain=226.292 17.4134 10.5561 12.7816 11.8934 9.07737 8.4823 12.8317 22.7832 14.9274 10.2569 6.9745 6.86724 11.0093 5.71359 5.23248 6.53484 4.84907 5.98284 4.71307 4.58972 4.29309 3.2843 3.1341 3.10702 2.5114 2.50184 2.43694 3.91506 2.27663
threshold=0.60538387252535009 0.92031746031746042 0.68063171748190399 0.8452991452991454 0.52240802675585296 0.98809355067328142 0.075498575498575485 0.28831168831168835 0.36214605067064082 0.17446543114819488 0.13100686498855837 0.39512271353374578 0.61034790365744873 0.38750000000000007 0.87500000000000011 0.58571428571428574 0.64583333333333337 0.42222788826562424 0.65921578421578431 0.71503759398496258 0.67942846675215252 0.60910973084886144 0.64583333333333337 0.38757823784304291 0.33771518383200033 0.69804355850867483 0.29166666666666669 0.57294832826747732 1.0000000180025095e-35 0.45738498789346255
decision_type=2 2 2 2 2 2 2 2 2 2 2 2 2 2 2 2 2 2 2 2 2 2 2 2 2 2 2 2 2 2
left_child=1 15 3 11 23 6 10 9 -9 -8 -4 19 13 -13 26 24 -17 18 -6 22 -21 -14 -2 -5 -1 -18 -7 28 -3 -12
right_child=2 27 5 4 17 14 7 8 -10 -11 29 12 21 -15 -16 16 25 -19 -20 20 -22 -23 -24 -25 -26 -27 -28 -29 -30 -31
leaf_value=-0.080201189941851658 -0.073486432259857723 0.12756509356822984 0.23407186583383457 0.00062405803918960743 -0.0058910574001297357 0.014539121427490101 0.038248739731212039 -0.025587565013083784 6.8132238297825636e-05 -0.0087764487446667944 0.12016491007463261 0.24766066204786569 0.35230221021513869 1.5692185484769656 0.059241998848105125 -0.16893363357935562 -0.027302022069929422 0.12432031500731963 -0.15642012922018228 -0.017160153195224813 0.41004362604780348 -0.037033545616911176 0.026540240392439612 0.18612417870874295 0.061048791032967425 0.26769127845697543 -0.064674583510039935 -0.01482736155254603 -0.022731219591984212 -0.077863875401800633
leaf_weight=229.90083003598647 40.998273415487347 2.3011716048204107 0.73041460433159855 0.74069279024843071 43.75314310023532 15.598848261637615 115.88295479296357 227.27485450264066 8759.4204932911889 68.881298798485659 0.3811571062396969 0.24017149760038492 0.22246546919632215 0.048487390944501385 26.807092073024251 7.9016093757609251 1.1660272692661235 1.7414388330944337 1.7577313564834174 11.591420757005832 0.1632181430904901 0.97859969332057517 2.2142932253409517 2.7364965355809545 1.0009999963658618 0.21946646660217073 3.0508305458351961 11.28738752180652 2.1414880601514588 14.738143812399356
leaf_count=3369310 341131 1331 41 64 50125 375 11313 43577 1223657 5559 105 73 48 59 16318 2711 1048 75 67 42951 542 342 2227 37 420 69 45 14485 4087 1129
internal_value=-0.00239961 -0.0766166 -0.000366032 -0.0253273 0.00381612 -7.62477e-05 -0.000252693 -0.000151641 -0.000580704 0.0207174 -0.0587265 -0.0515141 0.119285 0.469649 0.0355852 -0.0819569 -0.140833 -0.00669175 -0.0117048 -0.0561432 -0.0112282 0.0350806 -0.0683609 0.14661 -0.0795888 0.0194258 0.00158085 0.00492741 0.055118 -0.0728716
internal_weight=9595.87 255.919 9339.95 107.186 50.7295 9232.77 9187.31 9171.46 8986.7 184.764 15.8497 56.4569 1.48972 0.288659 45.4568 240.189 9.2871 47.2523 45.5109 54.9672 11.7546 1.20107 43.2126 3.47719 230.902 1.38549 18.6497 15.73 4.44266 15.1193
internal_count=5133321 3393461 1739860 437741 50368 1302119 1285381 1284106 1267234 16872 1275 387373 522 132 16738 3373558 3828 50267 50192 386851 43493 390 343358 101 3369730 1117 420 19903 5418 1234
is_linear=0
shrinkage=0.08


Tree=70
num_leaves=31
num_cat=0
split_feature=12 3 12 5 2 1 14 13 14 11 4 8 3 12 1 12 4 4 5 4 3 3 12 5 0 4 11 2 6 2
split_gain=212.341 18.9095 15.3623 26.2299 33.7831 12.9971 13.0147 10.9644 10.3712 33.2312 27.4373 19.6961 14.8272 9.44292 8.14886 7.65288 29.3842 30.151 14.3527 47.2505 22.6318 13.191 7.58083 6.79929 6.54604 5.2003 4.3424 4.01839 3.14492 2.93965
threshold=0.60538387252535009 0.93440860215053778 0.8166139695314748 0.28062500000000007 0.9025932953826693 0.94641148325358859 1.0000000180025095e-35 0.98809355067328142 1.0000000180025095e-35 0.45000000000000007 0.94444444444444453 0.45499549954995505 0.89564428312159727 0.790953232813698 0.80322580645161301 0.90990259740259749 0.94444444444444453 0.73214285714285732 0.091966173361522213 0.94444444444444453 0.97332859174964448 0.7748518762343648 0.64733893557422972 0.31643132220795894 0.39314988290398134 0.58571428571428574 0.45000000000000007 0.42462121212121218 1.0000000180025095e-35 0.92084377610693402
decision_type=2 2 2 2 2 2 2 2 2 2 2 2 2 2 2 2 2 2 2 2 2 2 2 2 2 2 2 2 2 2
left_child=1 25 3 4 5 14 -7 15 9 10 -5 -11 13 -10 -2 16 17 -4 20 -20 -17 -18 29 -14 -24 -1 -9 -27 -3 -6
right_child=2 28 7 8 22 6 -8 26 12 11 -12 -13 23 -15 -16 18 21 -19 19 -21 -22 -23 24 -25 -26 27 -28 -29 -30 -31
leaf_value=-0.079880026526166298 -0.03641584911821813 -0.046501796966293994 0.011205887117106917 -0.013448960903604729 0.2039243823495506 0.1930875203007815 -0.029703198175910245 0.010135796917811548 -0.020900963219803528 1.7494020973975211 0.16314800143627789 0.05107131931319063 0.064164056429695804 -0.072417231397010368 -0.070792720228794737 0.014054772664804482 0.35768316128521327 -0.021709451834024375 -0.009004920049394436 0.10080236039103632 -0.00054988564023358887 0.071450828147942597 0.5926877855623528 -0.0021278830020275796 0.071021824676504558 0.17488050006195777 0.061661629773080082 -0.15020195064350428 0.034147334663146386 -0.077046864599959297
leaf_weight=215.17567170583789 130.95887870867955 4.3753869831343737 864.12004570770659 194.55367483897498 0.25837239519023869 2.8910594527915237 3.9997347411044748 17.576591420220211 88.262007375800749 0.043726502575735959 5.7984046181518343 82.53073476850841 10.419561640548634 30.689877734643233 66.561007312662696 785.75653108370898 1.0643102833273577 224.35045477503445 1535.3469839008467 25.496280187697266 5001.5443586018082 32.37053569543059 0.15512999892235058 199.33861546497064 20.201051013988035 0.25017197945635317 25.882405686890706 8.9346570857051102 10.570466963108629 3.0699389938381501
leaf_count=3373817 317347 17134 129288 82004 43 694 2287 414 204954 42 473 51319 4695 12332 123009 47343 36 29617 53367 1027 568487 2779 3 84966 4479 16 16320 3844 465 2330
internal_value=-0.00217998 -0.0765922 -0.000276114 -0.0105995 -0.0337525 -0.0442325 0.0637695 0.000742133 -0.00196513 0.00926354 -0.00833805 0.0519707 -0.0116298 -0.0341923 -0.0480003 0.000536485 0.00669067 0.00442153 -0.000403128 -0.00721122 0.00143303 0.0805623 0.0566961 0.00116511 0.0749973 -0.0823964 0.0408225 -0.141348 0.0105374 -0.0552354
internal_weight=9592.55 239.306 9353.24 839.732 228.095 204.411 6.89079 8513.51 611.637 282.927 200.352 82.5745 328.71 118.952 197.52 8470.05 1121.91 1088.47 7348.14 1560.84 5787.3 33.4348 23.6845 209.758 20.3562 224.361 43.459 9.18483 14.9459 3.32831
internal_count=5134931 3395276 1739655 890977 450192 443337 2981 848678 440785 133838 82477 51361 306947 217286 440356 831944 161720 158905 670224 54394 615830 2815 6855 89661 4482 3377677 16734 3860 17599 2373
is_linear=0
shrinkage=0.08


Tree=71
num_leaves=31
num_cat=0
split_feature=12 1 13 12 3 0 5 5 0 4 4 5 0 12 11 4 5 12 1 13 14 13 9 4 9 14 11 0 4 0
split_gain=203.143 15.4848 11.2083 10.109 10.4128 12.6823 15.7826 8.72268 19.7682 35.1421 32.5208 11.9233 10.9102 9.25397 5.51908 5.245 3.91446 3.89595 3.84689 51.4835 2.93652 2.19872 1.94284 1.81497 1.53398 4.43026 2.44678 1.35222 1.2176 2.85633
threshold=0.60736889692585916 0.95040983606557383 0.98809355067328142 0.68063171748190399 0.59516963772282927 0.4673758865248227 0.40175438596491236 0.38529014844804327 0.78319623971797891 0.61250000000000016 1.0000000180025095e-35 0.77871939736346529 0.29217479674796754 0.95959183673469395 0.87500000000000011 0.58571428571428574 0.1856158484065461 0.6224318658280924 0.13873295910184441 0.091967577531988767 1.0000000180025095e-35 0.3582290567365195 0.72255689424364122 0.47222222222222227 0.67942846675215252 1.0000000180025095e-35 0.29166666666666669 0.42462121212121218 0.73214285714285732 0.55217785843920153
decision_type=2 2 2 2 2 2 2 2 2 2 2 2 2 2 2 2 2 2 2 2 2 2 2 2 2 2 2 2 2 2
left_child=1 15 3 4 18 6 -6 8 10 -10 -5 13 -13 -9 24 21 -3 -7 19 -2 23 -1 -20 -18 25 -4 -26 -25 -22 -30
right_child=2 16 14 7 5 17 -8 11 9 -11 -12 12 -14 -15 -16 -17 20 -19 22 -21 28 -23 -24 27 26 -27 -28 -29 29 -31
leaf_value=-0.080476848411417931 0.0001170233856223395 0.22253019712029484 0.046028180782592333 0.0035263631414873941 0.46315637305517215 0.027283022868484372 0.056525610315759665 0.015885055285503789 0.015511297442414123 -0.0013814314576399539 -0.026752237154492622 -0.026303562029662046 0.10270546907907344 0.00058622615949888331 0.066664618698150435 -0.14629502864567401 -0.083270406468666305 -0.025304121195102246 -0.077665190443340887 4.2255319818562835 -0.050368786377193428 0.118885947682923 -0.015315391188105766 -0.086764779458903998 0.035560434317527423 -0.12346535007608368 -0.046881979161503939 0.052186900285049145 0.32283348492126196 -0.091317879260779777
leaf_weight=200.15832344038336 2.7249183097592318 0.49055271119868749 2.0576003114692867 449.35545710956649 0.73041300196200509 10.854534491387311 3.7329499284969643 591.84008937430917 902.73208049771347 6209.3072739335985 458.8363230205432 90.321285830781562 4.3997675003192844 442.03287157730665 23.787687262753025 7.9711876811097673 0.83033313287887622 53.244256654699711 26.680924285061341 0.018580648356873897 7.09721864851599 0.35467441969376423 3.6341569567957768 0.48316479348432029 12.660381639958358 1.8968091914430272 2.8165026148781189 6.1988911315493169 0.18765376019291569 0.24668278013996314
leaf_count=3384045 9776 93 46 108406 653 28710 3669 134171 108737 741511 176018 5857 196 9396 16335 2395 871 116487 247491 117 16566 50 17841 396 329 32 37 2302 11 53
internal_value=-0.00163329 -0.0769128 0.000181283 -8.61572e-06 -0.0251017 -0.00731966 0.123069 0.000270107 -0.000656526 0.000762765 -0.011771 0.00685512 -0.0203111 0.00934403 0.0408265 -0.0826542 0.00014007 -0.016399 -0.0619811 0.0287341 -0.00711162 -0.0801242 -0.0701907 0.0282782 0.00919562 -0.0352727 0.0205575 0.0421396 -0.0424114 0.0876149
internal_weight=9517.68 224.019 9293.66 9250.45 101.621 68.5622 4.46336 9148.83 8020.23 7112.04 908.192 1128.59 94.7211 1033.87 43.219 208.484 15.5345 64.0988 33.0586 2.7435 15.0439 200.513 30.3151 7.51239 19.4313 3.95441 15.4769 6.68206 7.53156 0.434337
internal_count=5132597 3406782 1725815 1709036 424744 149519 4322 1284292 1134672 850248 284424 149620 6053 143567 16779 3386490 20292 145197 275225 9893 20199 3384095 265332 3569 444 78 366 2698 16630 64
is_linear=0
shrinkage=0.08


Tree=72
num_leaves=31
num_cat=0
split_feature=12 1 10 1 1 8 4 2 4 3 5 12 12 3 2 3 4 2 5 5 2 0 12 4 2 7 8 13 2 5
split_gain=178.812 13.7349 10.2562 53.0295 11.2366 37.631 41.834 27.987 25.9001 25.0496 31.4631 23.3735 15.6664 15.7854 15.224 10.2927 11.4426 8.4075 17.4344 15.1195 9.5901 6.44019 5.78001 3.46788 3.15353 5.04561 2.98436 2.74539 2.35547 1.974
threshold=0.60538387252535009 0.93440860215053767 0.99593495934959353 0.99295774647887336 0.9294019933554819 0.99629629629629635 0.35416666666666669 0.92907444668008055 0.31666666666666671 0.97332859174964448 0.039230769230769243 0.90990259740259749 0.73860013860013873 0.90521114106019784 0.86729559748427687 0.94494949494949509 0.31666666666666671 0.14907407407407411 0.31072796934865904 0.82650501672240806 0.20144927536231885 0.16807909604519775 0.79502625888168066 0.58571428571428574 0.83752357008170975 0.54085850556438808 0.97590011614401873 0.3582290567365195 0.075498575498575485 0.21807065217391305
decision_type=2 2 2 2 2 2 2 2 2 2 2 2 2 2 2 2 2 2 2 2 2 2 2 2 2 2 2 2 2 2
left_child=1 23 4 17 7 9 8 12 -7 10 -6 -11 14 -14 -2 16 -9 18 29 21 -21 -19 -17 24 27 -26 -5 -1 -20 -4
right_child=2 -3 3 26 5 6 -8 15 -10 11 -12 -13 13 -15 -16 22 -18 19 28 20 -22 -23 -24 -25 25 -27 -28 -29 -30 -31
leaf_value=-0.080740230017057449 -0.037371812493903554 -0.0031897846866254464 0.049064326902720667 0.13827400767405984 0.031869542336231044 0.081245053851254717 0.064086901452955175 0.066391529429940935 -0.16226332581378658 0.010221593853108319 -0.0013554562111825804 -0.0041269009792498767 -0.0027865418655886537 -0.026866804826021932 0.14152626382055228 0.23084572345848414 0.26535812148579552 0.037101964998279072 -0.096296342355235542 0.012930801664032611 0.16759544052554312 -0.00013250565744286105 -0.052625412083077083 -0.13653960230011614 -0.088194193353479597 0.17011957984955195 0.070915030019237782 0.17251652331622647 -0.041378114826322844 0.13066883017581968
leaf_weight=182.95902907735399 146.09136751952065 15.545695273394811 5.9553934633731824 4.5006597137544295 327.37440081417299 4.0280694221146378 98.635623211041093 30.093735232047038 9.135325116571039 838.53585504449438 411.9439709912549 5442.7034692467423 1175.5912579724682 204.53880023470265 3.1091523158247574 0.49801757386012369 1.9710438598995086 31.857631099410355 5.7012974554672828 4.5700159892439824 5.8504819422960281 445.05828245956218 6.0869368625280913 7.0249069972778662 1.1440766790474288 0.83873543489607971 65.092617999995127 0.27435527576017094 40.538056876510382 2.7840086370706558
leaf_count=3364566 585865 19899 43 645 24851 311 18193 6273 409 164524 108782 576653 194267 25153 1562 69 110 216 47 30 28 10792 479 2292 7728 62 20332 31 256 20
internal_value=-0.00212033 -0.0755188 -0.000482574 0.00952849 -0.00118667 0.000161343 0.0462096 -0.00731844 -0.0877485 -0.000571952 0.0133568 -0.0022114 -0.00901755 -0.0063553 -0.0336438 0.0599135 0.0786221 0.00109197 -0.0285642 0.00443762 0.0997657 0.00235473 -0.0311866 -0.0813677 -0.0792751 0.0210733 0.0752712 -0.080361 -0.0481495 0.0750601
internal_weight=9520.03 207.787 9312.25 611.908 8700.34 7132.36 111.799 1567.98 13.1634 7020.56 739.318 6281.24 1529.33 1380.13 149.201 38.6497 32.0648 542.315 54.9788 487.336 10.4205 476.916 6.58495 192.241 185.216 1.98281 69.5933 183.233 46.2394 8.7394
internal_count=5134488 3394578 1739910 32409 1707501 893723 18913 813778 720 874810 133633 741177 806847 219420 587427 6931 6383 11432 366 11066 58 11008 548 3374679 3372387 7790 20977 3364597 303 63
is_linear=0
shrinkage=0.08


Tree=73
num_leaves=31
num_cat=0
split_feature=12 3 3 3 1 7 8 1 10 0 10 1 5 4 9 5 5 7 12 3 3 5 3 13 3 9 10 10 13 5
split_gain=169.187 16.436 9.18705 28.7292 18.808 16.7579 13.809 67.5356 19.2702 13.0123 12.6639 10.9309 18.6845 10.502 9.21996 6.92744 6.67456 11.397 48.7822 5.81901 7.78394 11.2962 7.22922 5.49033 5.34096 4.77528 5.63843 4.67752 2.84931 2.05866
threshold=0.60736889692585916 0.92031746031746042 0.30901856763925734 0.36214605067064082 0.20601237842617157 0.99629629629629635 0.99629629629629635 0.99295774647887336 0.99593495934959353 0.89039039039039047 0.58643678160919555 0.19433516915814328 0.3246621621621622 0.38750000000000007 0.66376811594202911 0.096006144393241177 0.63003220611916277 0.73860013860013873 0.73499399759903972 0.35388994307400384 0.3504385964912281 0.40175438596491236 0.33589743589743598 0.20129451193967327 0.26794871794871805 0.77125645438898471 0.88548009367681513 0.75123762376237635 0.33771518383200033 0.074537037037037054
decision_type=2 2 2 2 2 2 2 2 2 2 2 2 2 2 2 2 2 2 2 2 2 2 2 2 2 2 2 2 2 2
left_child=1 28 4 19 5 11 8 10 9 -5 -8 14 -13 -10 -2 29 25 18 -18 20 22 -22 -4 -19 -17 26 -6 -27 -1 -7
right_child=2 -3 3 6 16 15 7 -9 13 -11 -12 12 -14 -15 -16 24 17 23 -20 -21 21 -23 -24 -25 -26 27 -28 -29 -30 -31
leaf_value=-0.082211074089888106 -0.011705506883594646 0.0028190250561560982 -0.026815804782879524 -0.0061857047133007303 -0.056417216329172293 0.051173551588402207 0.11602012627176964 0.064194378113108491 0.0083675767127986463 0.0010904717577328903 -0.00021220903079093652 -0.021437494419292082 0.24951698625468088 0.085284329147720592 0.061003546834258078 -0.017798907040607059 0.29456921856701895 -0.089948627453284816 4.8405179030635859 -0.082800522496021822 0.08897702405357176 -0.041881515654901211 -0.078235484959221127 0.087184533004238271 0.024137260962790844 0.12918257509985098 0.42197622711809191 -0.013767057148980353 0.051224999910952529 0.14168634987225445
leaf_weight=180.44002481846474 13.683413692106113 16.127949669396912 124.6594437608328 2155.85706990381 23.36462303669396 4.9079559519886962 6.0495613088714881 126.01610657456331 20.472124280873686 5818.053307092443 720.86843721073819 2.5481945998653819 4.514381901917659 25.526793605764396 60.567399807496258 47.29665219783783 0.21350235020872688 1.5044323742913546 0.016257918294286355 13.455131232040001 8.4189675436209672 8.4688406203713367 20.356496141546813 4.3814413266663905 32.996735751628876 1.5112272189144267 0.15874819434247811 47.865188125841087 1.0300194228730095 2.3920266330242157
leaf_count=3387227 13776 20693 53620 879691 29979 41 169 36578 542 634532 18667 1337 2029 1998 10663 312 902 155 14 10805 6526 2889 16461 85 203 296 40 4460 495 23
internal_value=-0.00132413 -0.0745754 0.000232897 -0.0001834 0.0154261 0.0304969 0.000450328 0.0101279 -0.000578901 -0.000876743 0.0007551 0.0566505 0.151756 0.051052 0.0476043 0.00621847 -0.0167899 0.0634865 0.616242 -0.0322489 -0.0280478 0.0233545 -0.0340338 0.0419092 -0.000565151 -0.0235243 -0.0531888 -0.0093919 -0.0814537 0.0808324
internal_weight=9493.72 197.598 9296.12 9048.2 247.922 168.907 8872.84 852.934 8019.91 7973.91 726.918 81.3134 7.06258 45.9989 74.2508 87.5934 79.0154 6.11563 0.22976 175.359 161.904 16.8878 145.016 5.88587 80.2934 72.8998 23.5234 49.3764 181.47 7.29998
internal_count=5135208 3408415 1726793 1662478 64315 28384 1572177 55414 1516763 1514223 18836 27805 3366 2540 24439 579 35931 1156 916 90301 79496 9415 70081 240 515 34775 30019 4756 3387722 64
is_linear=0
shrinkage=0.08


Tree=74
num_leaves=31
num_cat=0
split_feature=12 3 12 3 1 14 4 4 5 0 0 8 3 0 5 8 14 0 12 4 12 8 1 5 10 8 9 8 13 6
split_gain=150.839 12.1084 9.64911 8.90094 8.7024 7.66119 7.52522 45.4804 50.7719 52.4709 45.0524 43.6399 31.2798 18.9087 36.9472 21.7078 11.5059 11.7757 9.84056 8.53849 5.59549 4.20164 5.59506 3.97453 3.59663 24.585 5.81839 2.9663 2.83319 2.75038
threshold=0.60538387252535009 0.92031746031746042 0.68063171748190399 0.7593103448275863 0.50352112676056349 1.0000000180025095e-35 0.84523809523809534 0.73214285714285732 0.16869918699186995 0.79337712096332802 0.95419580419580419 0.99629629629629635 0.95293466223698786 0.83047895500725699 0.29679679679679688 0.76689497716894994 1.0000000180025095e-35 0.9439203354297695 0.8898225957049487 0.94444444444444453 0.63676588897827846 0.81375640520299575 0.61064030131826763 0.73123827392120078 0.75123762376237635 0.72513736263736273 0.76071647274954091 0.86769720390997962 0.33771518383200033 1.0000000180025095e-35
decision_type=2 2 2 2 2 2 2 2 2 2 2 2 2 2 2 2 2 2 2 2 2 2 2 2 2 2 2 2 2 2
left_child=1 28 3 21 23 20 7 13 18 -10 16 12 -12 14 -4 -15 19 -18 -9 -8 -6 24 27 -5 26 -26 -2 -23 -1 -7
right_child=2 -3 6 4 5 29 10 8 9 -11 11 -13 -14 15 -16 -17 17 -19 -20 -21 -22 22 -24 -25 25 -27 -28 -29 -30 -31
leaf_value=-0.081447042129688133 -0.077686056885437435 -0.0079807112709063786 -0.017646599042129361 0.18009206060458091 0.079602476379074943 -0.058845409721870856 0.0016958906060604414 0.16809282193540528 0.031674638572041912 -0.049686977649589979 0.03189611661766098 0.064188640760939664 -0.0010537197827239103 -0.0047290582682786202 0.0039050659991592624 0.019015732761738395 0.030976883344890328 0.58089863753385262 0.015506876895072207 0.10484159626997891 -0.0046333883635631167 0.019682582131950507 0.17368194236319873 -0.081708483636916435 0.50237912269908302 -0.080751707306631587 0.39289018102764012 -0.087105325944170281 0.05448731030066311 -0.012464544829843289
leaf_weight=162.89132042511301 29.534312731588219 16.128512195646181 755.08350158401299 2.2206304630308291 7.7171453972441695 16.815842787738802 6.0687178617081363 2.7616430402267715 59.274802231819194 351.87994962790253 191.57294156956777 69.094460420543328 4917.9417740858044 400.8836718653547 1562.7253686877884 639.47243780316785 59.193297882542538 0.25026319510652584 131.93312187220727 33.434224685130175 14.585752591432536 3.8039495004777555 1.0230875308625398 0.44560113855550287 0.54885861080037956 2.9483724118326791 0.16912297305680013 2.9602948189494782 0.98723766568218607 15.938350690586956
leaf_count=3373744 313442 19934 271837 76 8208 70741 159 458 6317 35223 17731 25632 558620 104925 252171 13260 5159 51 9020 1505 14164 4804 30 127 3903 15190 943 3169 435 2825
internal_value=-0.00158681 -0.074119 -0.000179923 -0.0250586 -0.00481553 -0.0116511 8.75488e-05 -0.00257533 -0.0239924 -0.0379573 0.00205739 0.00103568 0.000181681 0.000905889 -0.00311592 0.00986608 0.0555309 0.0332921 0.0186353 0.0889956 0.0245135 -0.053567 -0.000679831 0.136338 -0.0659718 0.0107654 -0.0750067 -0.0270519 -0.0806281 -0.0362763
internal_weight=9460.29 180.007 9280.28 98.7113 57.7233 55.0571 9181.57 3904.01 545.85 411.155 5277.56 5178.61 5109.51 3358.16 2317.81 1040.36 98.9465 59.4436 134.695 39.5029 22.3029 40.988 7.78733 2.66623 33.2007 3.49723 29.7034 6.76424 163.879 32.7542
internal_count=5133803 3394113 1739690 437622 96141 95938 1302068 693211 51018 41540 608857 601983 576351 642193 524008 118185 6874 5210 9478 1664 22372 341481 8003 203 333478 19093 314385 7973 3374179 73566
is_linear=0
shrinkage=0.08


Tree=75
num_leaves=31
num_cat=0
split_feature=12 11 1 8 10 1 1 2 11 8 13 2 11 1 10 2 1 4 2 4 8 7 0 12 5 10 3 8 5 2
split_gain=138.967 10.0944 39.6626 14.9585 24.0349 23.4421 20.9374 34.2436 23.464 14.5557 11.2974 14.0292 10.555 9.94543 8.05942 7.3894 7.27969 7.0694 48.9067 24.914 6.75811 6.27753 9.72947 6.97318 6.23806 5.99222 5.60093 4.38538 4.38001 3.54342
threshold=0.60331143951833621 0.63333333333333341 0.99295774647887336 0.99629629629629635 0.99593495934959353 0.99295774647887336 0.89059829059829065 0.89039039039039047 0.55000000000000016 0.65895721925133699 0.15277943555873852 0.24068965517241384 0.87500000000000011 0.89059829059829065 0.57019704433497542 0.73205084163517709 0.72871572871572876 1.0000000180025095e-35 0.5131670131670133 0.22649572649572652 0.70051546391752584 0.59491634491634493 0.84889995848899968 0.99629629629629635 0.80810147299509005 0.64038834951456314 0.82097069597069605 0.97590011614401873 0.41421362489486968 0.83752357008170975
decision_type=2 2 2 2 2 2 2 2 2 2 2 2 2 2 2 2 2 2 2 2 2 2 2 2 2 2 2 2 2 2
left_child=13 3 14 4 6 10 7 -2 -8 12 11 -5 -4 29 15 26 28 18 -16 -19 -17 22 -11 -23 -12 -14 -3 -18 -6 -1
right_child=1 2 9 5 16 -7 8 -9 -10 21 24 -13 25 -15 17 20 27 19 -20 -21 -22 23 -24 -25 -26 -27 -28 -29 -30 -31
leaf_value=-0.080972301293122689 -0.023791916813360108 -0.054601022356852581 0.21387909446714448 0.047817048187220726 0.15048805565587284 0.066960909401763025 -0.00061484228576083133 0.069492236906584404 -0.36267722242544587 0.36995981486183033 -0.00020856204987254289 0.34066678930707112 -0.11351025871281095 -0.0098562332362215309 0.00020946344374314415 -0.25295939490284614 0.17948119150085506 -0.083548855164299649 0.063133532498161782 -0.0012991554965072303 0.093248010003584986 0.020327213776741064 0.0054158893693869127 0.058584155630512218 -0.13662518375380367 0.016785644635800092 -0.20386389892497098 0.064463634642205947 0.52563155054263588 0.0349047699266525
leaf_weight=149.95707006353769 430.44437706288954 15.007696018483335 0.91940841526956951 15.153898762539031 0.41439969534985799 51.555042183375917 7121.1366105016241 26.750272530247457 1.1457376368343819 0.97678101435303577 140.88880561853875 1.1246457584202278 6.6544561161426827 14.291035460573765 834.32059838628447 0.40587442472315105 2.5313202161341897 25.294177962037793 87.326590014132307 345.72243160478502 3.2532979589886963 42.316595552838407 0.90057119354605675 109.12531012075488 2.1785062546841791 3.4198687491007149 1.8021276668805501 13.106719376519322 0.38353969296440482 1.7081548934766022
leaf_count=3349560 535190 48391 15 362 37 7654 892505 6460 12 12 6145 37 437 19703 202065 196 14 2165 4232 8253 75 4775 32 37956 29 60 173 570 17 7702
internal_value=-0.00109479 0.000202232 0.00626592 -0.000945326 -0.00152883 0.0200705 -0.00173839 -0.0183339 -0.000673086 0.0433206 0.00489954 0.0680493 -0.0455989 -0.0736556 0.00162925 -0.0481768 0.095108 0.00241791 0.00617155 -0.00690656 0.0548468 0.0496966 0.195087 0.0478942 -0.0022858 -0.0692795 -0.070603 0.0830815 0.330806 -0.0796672
internal_weight=9450.22 9284.26 1477.45 7806.81 7595.91 210.901 7579.48 457.195 7122.28 164.313 159.346 16.2785 10.9937 165.956 1313.13 20.469 16.436 1292.66 921.647 371.017 3.65917 153.319 1.87735 151.442 143.067 10.0743 16.8098 15.638 0.797939 151.665
internal_count=5134834 1757869 308837 1449032 1434805 14227 1434167 541650 892517 43287 6573 399 512 3376965 265550 48835 638 216715 206297 10418 271 42775 44 42731 6174 497 48564 584 54 3357262
is_linear=0
shrinkage=0.08


Tree=76
num_leaves=31
num_cat=0
split_feature=12 12 14 11 5 5 3 2 1 12 3 13 10 9 3 8 4 2 0 4 5 4 3 3 12 1 8 3 2 12
split_gain=129.358 9.89774 20.2807 28.0106 16.6491 16.0501 15.4187 14.5438 12.5922 12.2915 9.20481 8.24195 12.34 8.25894 6.92272 53.3184 29.1478 26.5013 28.9171 26.386 31.5468 25.6524 18.0927 14.147 11.709 8.13367 6.27446 5.98158 5.83081 8.66295
threshold=0.59781964687759215 0.790953232813698 1.0000000180025095e-35 0.45000000000000007 0.29679679679679688 0.52041666666666686 0.49018097805159805 0.59317129629629639 0.69804355850867494 0.68063171748190399 0.92031746031746042 0.12456747404844294 0.56620470863249295 0.8508192712154562 0.97915762049500665 0.99629629629629635 0.94444444444444453 0.92907444668008055 0.86729559748427687 0.64583333333333337 0.16441441441441443 0.84523809523809534 0.82683658170914553 0.90399385560675893 0.96808149405772503 0.32305502846299822 0.99629629629629635 0.62593283582089565 0.95311355311355306 0.72245564892623715
decision_type=2 2 2 2 2 2 2 2 2 2 2 2 2 2 2 2 2 2 2 2 2 2 2 2 2 2 2 2 2 2
left_child=10 2 3 7 28 6 -5 26 -9 -7 -1 13 -13 -6 16 19 17 22 -19 20 -16 -21 -3 27 -25 -17 -2 -18 -4 -30
right_child=1 14 4 5 11 9 -8 8 -10 -11 -12 12 -14 -15 15 25 23 18 -20 21 -22 -23 -24 24 -26 -27 -28 -29 29 -31
leaf_value=-0.08090594472072038 -0.065556210780201185 0.0036212750522621579 -0.055423822328813176 -0.025342887654626549 0.0017144343181274351 -0.0076258499496879373 0.052076359050415723 0.10825099362757108 -0.0070696147965410685 0.11037701103209768 -0.0090325888275603703 -0.081393363887400427 -0.014518781618588985 0.73692533703751717 -0.079453581342851423 -0.31142517529457314 0.15755541065711351 0.086428842370358083 0.013879814836659879 -0.015300005978367568 0.037852251546231432 -0.00035005265922260755 -0.012703564028935625 0.21779730478643125 0.06570607416434944 0.058595589012608265 0.45381909585805619 0.024458142061129076 -0.044098856125150014 0.19171911952947526
leaf_weight=137.03007863386665 30.125283034551106 1299.7558350983527 91.679699281100511 29.846748834937898 126.90434394399927 7.184082960640807 36.717559476857787 6.3088581914926172 153.59332362125588 26.445171016137465 12.43927732954762 21.85827521491774 91.925414987150361 0.097862251510376974 16.037796953169163 0.38165324926376243 2.1855719760787897 40.029590466423542 289.14964306504407 861.83800758277357 172.31725921740144 4974.065373156438 652.68102241619636 4.0638325309846559 15.972597184343613 99.976020393776707 0.14960469247307528 192.3115947223705 2.8213891708073779 1.5418268662760963
leaf_count=3315089 65304 116179 325167 62837 31045 16081 6713 5957 101823 6945 18394 143668 115714 21 1102 2 594 2236 19238 81886 10453 562292 67623 189 1463 34141 30 18011 2161 402
internal_value=-0.00109517 9.80879e-05 -0.00960489 0.00588888 -0.0229616 0.040121 0.0173624 -0.0121461 -0.0025197 0.0851685 -0.0749244 -0.0117286 -0.0273656 0.00228096 0.000804023 -0.000643253 0.0043551 0.00170425 0.0227021 -0.00160667 0.0278641 -0.00255784 -0.00183596 0.0325474 0.0965536 0.0571884 -0.0629897 0.0259538 -0.0511236 0.039232
internal_weight=9397.43 9247.97 627.199 290.371 336.829 100.194 66.5643 190.177 159.902 33.6293 149.469 240.786 113.784 127.002 8620.77 6124.62 2496.15 2281.62 329.179 6024.26 188.355 5835.9 1952.44 214.534 20.0364 100.358 30.2749 194.497 96.0429 4.36322
internal_count=5132760 1799277 883868 265690 618178 92576 69550 173114 107780 23026 3333483 290448 259382 31066 915409 689876 225533 205276 21474 655733 11555 644178 183802 20257 1652 34143 65334 18605 327730 2563
is_linear=0
shrinkage=0.08


Tree=77
num_leaves=31
num_cat=0
split_feature=12 1 3 4 2 4 13 8 5 5 10 8 1 1 0 9 2 2 2 12 10 9 3 9 4 7 3 5 8 1
split_gain=118.736 9.84787 8.97017 54.6467 38.83 24.4447 24.4204 20.1191 18.795 26.0574 13.6117 12.4142 43.992 17.7652 12.1023 11.2638 69.8652 10.4256 10.2264 9.22137 8.24776 12.7432 10.0591 8.10964 7.99958 7.88715 5.90545 6.63735 3.95362 3.90708
threshold=0.60331143951833621 0.81892697466467967 0.65345368916797508 0.080128205128205135 0.22048611111111113 0.22649572649572652 0.12026022866747688 0.7955767350928642 1.0000000180025095e-35 0.074537037037037054 0.75773524720893148 0.99629629629629635 0.99295774647887336 0.86425061425061434 0.35767590618336892 0.358051846032993 0.92422502870264067 0.48934240362811798 0.35767590618336892 0.83398950131233607 0.83157192123706769 0.63798951588035779 0.46027742749054229 0.82793451758969006 0.31666666666666671 0.99629629629629635 0.74322344322344336 0.87627551020408168 0.99629629629629635 0.20144927536231885
decision_type=2 2 2 2 2 2 2 2 2 2 2 2 2 2 2 2 2 2 2 2 2 2 2 2 2 2 2 2 2 2
left_child=1 -1 7 4 26 15 10 20 17 24 -6 13 -13 -7 -11 16 -5 23 -8 -19 29 -22 -23 -9 -10 -17 27 -4 -28 -2
right_child=2 -3 3 5 6 11 18 8 9 14 -12 12 -14 -15 -16 25 -18 19 -20 -21 21 22 -24 -25 -26 -27 28 -29 -30 -31
leaf_value=-0.079886596195976586 -0.0088179586719239287 -0.012095915924620636 -0.10404535907853885 -0.080491664285313846 0.93441470830845774 -0.021907740926443257 -0.003675619842617839 -0.026760725505091548 -0.083306879303149478 0.00032345601606963338 0.14191980369005569 -0.0026012020118204881 0.059630839885821241 0.00030857975698789193 -0.026203958135923928 -0.10939721461067435 6.4234409377438464 0.39769124627378083 0.055789518716475604 0.11227474686522439 1.1911884399885926 -0.038677774706142733 0.23968776918566911 0.06736864817683362 0.078115117998374381 -0.025098524676361575 -0.1057901005194047 0.014028526478387844 -0.26908336521096365 -0.066034133815336821
leaf_weight=129.76942144855457 8.9732807554337324 15.335269550312658 5.9095505490013256 0.075195008903395144 0.30868304122486634 237.80786314983834 20.683655702687247 8.8279664140573058 32.918206295282289 794.00304957010667 0.25189943405712256 260.02349803992547 100.91199770953972 7354.9886306584813 127.78004449514629 17.543078953633085 0.012299272231757641 0.85904034459963341 176.03076268155564 4.6245054800529033 0.062741258763707175 2.8587585419045354 1.171198696032661 17.410214495641412 2.0895347718615076 11.936366345733406 3.958304112606128 6.2901709166872024 1.2481662929058073 51.34064186701471
leaf_count=3348767 45699 27912 536 299 48 250889 1259 2751 7691 78815 7 6099 36531 933667 19701 1201 1 48 19562 112 16 1283 292 1351 36 163 182 305 6 347954
internal_value=-0.000916053 -0.0727222 0.00021026 0.00110304 0.0409333 3.19496e-05 0.0510396 -0.00674085 -0.00391811 -0.00592669 0.578305 0.000301853 0.0147979 -0.00038724 -0.00335385 -0.0725742 0.833781 0.0566649 0.049537 0.156987 -0.0500643 0.0598354 0.0422217 0.0356984 -0.073672 -0.0752643 -0.0736077 -0.0431665 -0.144937 -0.0575217
internal_weight=9396 145.105 9250.9 8197.98 214.681 7983.3 197.275 1052.92 988.513 956.791 0.560582 7953.73 360.935 7592.8 921.783 29.5669 0.0874943 31.7217 196.714 5.48355 64.4066 4.0927 4.02996 26.2382 35.0077 29.4794 17.4062 12.1997 5.20647 60.3139
internal_count=5133183 3376679 1756504 1250755 21905 1228850 20876 505749 110505 106243 55 1227186 42630 1184556 98516 1664 300 4262 20821 160 395244 1591 1575 4102 7727 1364 1029 841 188 393653
is_linear=0
shrinkage=0.08


Tree=78
num_leaves=31
num_cat=0
split_feature=12 6 2 11 10 4 11 7 0 8 14 8 6 8 7 8 10 13 0 5 10 14 2 2 3 2 11 12 4 10
split_gain=109.783 10.5934 8.27307 8.06241 30.542 42.509 40.8088 39.2645 37.9924 34.5957 16.4047 15.037 14.9793 108.078 9.36469 19.985 9.90712 4.72145 3.65251 2.41105 4.16417 2.04908 3.35328 9.25591 12.9483 3.22834 2.04315 1.47407 1.31647 1.29528
threshold=0.60331143951833621 1.0000000180025095e-35 0.075498575498575485 0.22500000000000003 0.87206764866339348 0.41428571428571431 0.70833333333333337 0.90645833333333348 0.90521114106019784 0.89442724458204348 1.0000000180025095e-35 0.99629629629629635 1.0000000180025095e-35 0.65895721925133699 0.82167318982387483 0.81375640520299575 0.99593495934959353 0.33771518383200033 0.93440860215053778 0.13100686498855837 0.8426212590299279 1.0000000180025095e-35 0.50301204819277123 0.45773809523809533 0.938137755102041 0.81892697466467967 0.87500000000000011 0.57919331037875077 0.73214285714285732 0.69614069369809484
decision_type=2 2 2 2 2 2 2 2 2 2 2 2 2 2 2 2 2 2 2 2 2 2 2 2 2 2 2 2 2 2
left_child=1 17 19 10 5 8 11 -7 -5 -8 14 -6 13 -12 15 -4 -16 -1 -14 20 -2 22 23 28 -25 27 -19 -24 -3 -21
right_child=2 21 3 4 6 7 9 -9 -10 -11 12 -13 18 -15 16 -17 -18 26 -20 29 -22 -23 25 24 -26 -27 -28 -29 -30 -31
leaf_value=-0.081343477038263487 -0.093386673810175541 -0.021093028701557718 0.0037685635662207577 0.0027805212762456776 -0.032777111806216112 0.03803293601835217 0.086989316882292139 -0.0079097433439544416 -0.087063013938677103 0.0016136474876792292 -0.07856169230855875 0.012244655145485004 -0.0051634725622337566 -0.0044399836070473228 -0.0028516707832624676 0.029670480663260234 0.081453970996977959 -0.090345543385200386 0.00365520954248536 -0.0029420047106584004 0.23110506251979715 -0.037937245481556345 -0.08525740732649402 1.7208394902200157 0.28599962282399882 0.13810248725525834 0.12073449328913986 0.0059699734785073656 0.18183136304141231 -0.07416614524873659
leaf_weight=121.11748964767139 0.52811245919474703 1.2064409061713375 1485.7389882470334 694.59449690538895 336.94335053747636 496.40507668111968 31.562419264315395 156.61682481796015 31.488921417971142 808.25556278956356 134.19078323491249 55.265688284882344 409.97670177745749 2037.8384619285534 1160.5016497254255 218.70611248532077 8.9901207935763505 0.40463974344674958 1126.4951546564698 1.8659902512699762 0.48605317552573979 6.861083779962426 2.079670994906337 0.044410790003894252 0.42981345672160387 0.80616374884266395 1.0683878444469883 2.4917340363681433 0.24639616906642903 13.151632685101502
leaf_count=3367963 101 238 274952 449598 15511 14523 2804 11532 820 43646 869444 3156 18333 21375 9045 1524 1181 256 16730 1841 8 6268 1244 207 9 6 128 351 1 1204
internal_value=-0.000891834 -0.0720433 0.000164715 0.000264842 0.00402633 0.0122041 -0.00512772 0.0270143 -0.00111583 0.00482227 -0.00122727 -0.0264332 -0.00474304 -0.00901932 0.00330944 0.00709217 -0.0022036 -0.0796121 0.00130212 -0.0572541 0.0621306 -0.00654282 0.0229453 0.113492 0.420371 -0.00950217 0.0627509 -0.0355321 0.0133222 -0.0653163
internal_weight=9346.36 136.756 9209.6 9193.57 2611.13 1379.11 1232.03 653.022 726.083 839.818 6582.44 392.209 3708.5 2172.03 2873.94 1704.45 1169.49 122.591 1536.47 16.0318 1.01417 14.1657 7.30463 1.92706 0.474224 5.37757 1.47303 4.57141 1.45284 15.0176
internal_count=5133999 3376671 1757328 1754174 541590 476473 65117 26055 450418 46450 1212584 18667 925882 890819 286702 276476 10226 3368347 35063 3154 109 8324 2056 455 216 1601 384 1595 239 3045
is_linear=0
shrinkage=0.08


Tree=79
num_leaves=31
num_cat=0
split_feature=12 6 1 2 11 4 3 4 4 8 4 12 11 14 11 0 7 4 0 8 0 0 7 3 8 5 2 13 2 14
split_gain=98.775 12.7053 7.62365 31.2227 23.8784 43.4695 31.4227 60.8125 21.6554 26.1747 23.8317 20.7202 20.6584 19.9742 24.6229 16.7927 16.4626 13.1269 26.8084 13.007 12.6035 8.9656 8.88056 7.24278 6.50058 10.5233 4.60901 2.99926 2.05068 2.0165
threshold=0.60331143951833621 1.0000000180025095e-35 0.9294019933554819 0.92907444668008055 0.63333333333333341 0.35416666666666669 0.89564428312159727 0.19090909090909094 0.61250000000000016 0.99629629629629635 0.58571428571428574 0.82519841269841276 0.55000000000000016 1.0000000180025095e-35 0.45000000000000007 0.95419580419580419 0.70438540332906541 0.5634920634920636 0.83935483870967753 0.77836257309941526 0.87570224719101131 0.39077412513255566 0.50725247004414553 0.28831168831168835 0.76689497716894994 0.11834733893557424 0.61861471861471873 0.35448791714614508 0.94826048171275656 1.0000000180025095e-35
decision_type=2 2 2 2 2 2 2 2 2 2 2 2 2 2 2 2 2 2 2 2 2 2 2 2 2 2 2 2 2 2
left_child=1 27 3 11 8 6 7 -6 10 12 20 13 -10 14 -2 -8 -12 23 -19 -15 -4 -5 -7 -13 25 -23 -24 -1 29 -3
right_child=2 28 4 21 5 22 15 -9 9 -11 16 17 -14 19 -16 -17 -18 18 -20 -21 -22 24 26 -25 -26 -27 -28 -29 -30 -31
leaf_value=-0.08052248984877805 -0.041031142268917416 0.026606225498317745 0.020507697802075037 0.85801996133866332 0.081374301972438251 -0.12457501009633835 0.014831943736903594 -0.52962471769512587 -0.0011083709374891482 0.064315915882834529 0.081473033103722656 0.015604846925833566 -0.31888276975217528 -0.065853694029710891 0.019435931896581073 -0.10863202532113395 0.023621893453248138 -0.087037746869655153 -0.0030020175209453082 -0.023668102224810625 -0.0095772631442737934 -0.01255258557138581 0.087822960659177371 -0.0017203408770555854 0.084386303097262236 0.2422122380069954 0.041293313751719962 0.13383730602063307 0.24315677467866872 -0.034873067503686996
leaf_weight=113.03847113430493 69.472921413630502 7.1810768051109326 182.9209973358229 0.091190334409474327 1.8778279116377223 1.9952811062321405 21.513058435200946 2.3437451273202896 6404.771698657758 39.298675645026378 50.503182559750712 175.18265333201271 1.3095688074827183 77.133113101504023 113.53903206268478 10.487592271529136 83.584225344937295 34.237816807646595 83.662877343900618 118.85621997704584 173.79060492308054 10.323496608936692 14.850218125357058 1303.5578184766928 28.432374924595933 1.1536093584509206 165.10191486560507 0.41929052667546685 0.22076100111007768 6.509668185064581
leaf_count=3369498 148429 2049 43010 8 125 318 1271 52 795959 7251 8953 4104 14 460847 88778 519 775 1284 7966 48048 14646 5635 1683 72620 1632 264 42668 43 1 6318
internal_value=-0.000917016 -0.0708828 5.47945e-05 -0.00429096 0.00127915 0.0273389 -0.0526943 -0.257842 0.000459473 -0.000774032 0.0166584 -0.00570772 -0.00117333 -0.0225235 -0.00351789 -0.025631 0.0454112 -0.00171611 -0.0274056 -0.0402706 0.00585024 0.0656833 0.043272 0.00033213 0.0638729 0.0130548 0.0451331 -0.0797303 0.0012744 -0.00262592
internal_weight=9297.36 127.369 9169.99 2015.64 7154.35 218.17 36.2222 4.22157 6936.18 6445.38 490.799 1975.64 6406.08 379.001 183.012 32.0007 134.087 1596.64 117.901 195.989 356.712 40.0007 181.947 1478.74 39.9095 11.4771 179.952 113.458 13.9115 13.6907
internal_count=5134768 3377909 1756859 839615 917244 46636 1967 177 870608 803224 67384 832076 795973 746102 237207 1790 9728 85974 9250 508895 57656 7539 44669 76724 7531 5899 44351 3369541 8368 8367
is_linear=0
shrinkage=0.08


Tree=80
num_leaves=31
num_cat=0
split_feature=12 7 3 2 4 2 4 1 5 8 3 9 3 2 12 3 9 3 1 5 2 10 1 1 5 2 8 5 2 0
split_gain=83.126 13.344 7.89697 27.5894 26.0199 37.5216 37.4082 30.7588 23.6346 21.6843 20.3216 24.2559 17.0697 15.537 14.074 15.3045 24.4241 13.0455 12.3895 10.7924 10.6471 17.6767 10.5115 18.576 10.1947 23.4411 10.1325 8.91141 8.05014 7.18881
threshold=0.59781964687759215 1.0000000180025095e-35 0.49018097805159805 0.26158232359230227 1.0000000180025095e-35 0.64660633484162899 0.31666666666666671 0.66274509803921566 0.76095238095238105 0.74527629233511605 0.82097069597069605 0.4377976190476191 0.83752357008170975 0.42462121212121218 0.89687399291008718 0.26794871794871805 0.82793451758969006 0.82446311858076571 0.60158730158730167 0.73401360544217698 0.20144927536231885 0.42923898531375176 0.35767590618336892 0.35585996955859972 0.21132376395534294 0.64174237130211986 0.99629629629629635 0.077935222672064791 0.25866188769414583 0.31400560224089641
decision_type=2 2 2 2 2 2 2 2 2 2 2 2 2 2 2 2 2 2 2 2 2 2 2 2 2 2 2 2 2 2
left_child=1 -1 3 8 5 10 24 29 20 -9 11 -4 -12 18 15 16 -5 -15 -8 -17 26 -22 23 -16 27 -26 -2 -6 -10 -7
right_child=2 -3 4 14 6 7 13 9 28 -11 12 -13 -14 17 22 19 -18 -19 -20 -21 21 -23 -24 -25 25 -27 -28 -29 -30 -31
leaf_value=0.013878712359501777 0.046894107062490566 -0.078384871600040582 0.22335308816969834 -0.080430897770734616 -0.034724904838693824 -0.43269634029258003 0.55634345769118954 -0.079282923895716215 -0.05457982094924068 0.044672107688696824 -0.24424195178594837 0.0074136871709198204 -0.041364737343971641 0.013339595306913038 -0.0053515652364693068 -0.04724937146629582 3.1680071139481822 -0.00065819819844443528 0.082677607717789939 0.27339259924684406 1.4845348355582562 -0.0030906438463021925 -0.052355658732408994 0.30534334302754473 -0.076328953919198028 0.029002425497275799 0.010636795600760919 -0.12092650924711439 0.30988483143080597 0.11335358322138502
leaf_weight=11.134193238668102 69.751956279154911 101.38666115383012 3.3759075715488498 0.03719013412410177 12.455269394188688 0.15484592691063781 0.36693517562434763 10.529788085805192 44.493238977132933 63.510077129350975 3.2073029674829767 240.39356299096926 15.391931790611123 452.22655558690531 156.49492081534117 136.60955912147438 0.024619352072477341 7378.3333257691293 9.5942213293837977 0.67514563058466492 0.051131507445460467 234.22455802633885 33.32457735396747 1.2413545952877019 31.670766677452775 23.596954443624782 168.47892612486612 19.999753453078483 0.39126880467301717 43.949906702247972
leaf_count=7979 49630 3326351 6540 86 2804 4 49 10862 11547 2391 82 51266 462 275044 8890 282589 2 979593 572 594 751 92646 3360 114 5441 2467 1642 5300 28 4689
internal_value=-0.000912944 -0.0692552 -7.29326e-05 -0.00743731 0.000676732 0.0211119 -0.000304046 0.0585484 0.00407399 0.0270435 0.00425425 0.0104042 -0.0763494 0.000277212 -0.0255729 -0.0451059 1.21346 0.000150195 0.100126 -0.0456725 0.00934386 -0.00276596 -0.0115313 -0.00290646 -0.052256 -0.031357 0.0212526 -0.0878449 -0.0514027 0.111436
internal_weight=9267.08 112.521 9154.56 845.798 8308.76 380.513 7928.24 118.145 517.391 74.0399 262.369 243.769 18.5992 7840.52 328.407 137.347 0.0618095 7830.56 9.96116 137.285 472.507 234.276 191.061 157.736 87.7227 55.2677 238.231 32.455 44.8845 44.1048
internal_count=5133775 3334330 1799445 451879 1347566 76296 1271270 17946 156244 13253 58350 57806 544 1255258 295635 283271 88 1254637 621 283183 144669 93397 12364 9004 16012 7908 51272 8104 11575 4693
is_linear=0
shrinkage=0.08


Tree=81
num_leaves=31
num_cat=0
split_feature=12 12 1 10 4 2 2 4 3 12 5 2 10 4 3 8 10 5 4 4 3 8 1 0 3 5 3 2 3 9
split_gain=78.1536 11.1922 16.0952 16.2774 13.8985 47.6827 11.2761 10.9252 8.8875 8.4706 9.68073 9.36633 12.7148 9.11517 10.7235 10.7203 9.02274 8.70084 33.9275 45.448 22.3518 29.3103 11.7875 8.38184 6.89244 6.72241 6.06843 4.83587 4.38853 9.66039
threshold=0.59781964687759215 0.8166139695314748 0.90399385560675893 0.66369047619047639 1.0000000180025095e-35 0.53694939934473984 0.95713410900183726 0.41428571428571431 0.92031746031746042 0.85839598997493749 0.29679679679679688 0.8447574334898279 0.88548009367681513 0.94444444444444453 0.98076211616722164 0.86769720390997962 0.9417420814479639 0.045983086680761107 0.94444444444444453 0.73214285714285732 0.97915762049500665 0.99629629629629635 0.938137755102041 0.65166835187057648 0.82446311858076571 0.42997198879551829 0.8452991452991454 0.83752357008170975 0.86576576576576592 0.58561221975856137
decision_type=2 2 2 2 2 2 2 2 2 2 2 2 2 2 2 2 2 2 2 2 2 2 2 2 2 2 2 2 2 2
left_child=8 2 3 28 5 -5 7 25 27 10 11 12 -3 15 -15 -12 -13 20 19 -19 22 -22 -11 -9 -6 -4 -20 -1 -2 -30
right_child=1 9 6 4 24 -7 -8 23 -10 17 13 16 -14 14 -16 -17 -18 18 26 -21 21 -23 -24 -25 -26 -27 -28 -29 29 -31
leaf_value=-0.078554180684105093 -0.055590490170693702 -0.015019577142008165 0.003492565094776788 -0.015870324563432375 -0.016031860422367147 0.10355045883104728 0.18374077441043155 0.035653923399557322 -0.0023145847917827029 0.0039975016012641197 -0.00089212242789908126 0.02595937039130387 0.06134049304301116 -0.11289759048957225 0.27023297285655695 0.0460788558118327 -0.17401770162987981 0.00033497266704614104 -0.019751927172159133 -0.028247740745079578 -0.00032995624222682959 0.062159872663915677 0.025900819826179613 -0.0010696889747848716 -0.07237973324367214 -0.091967242384874859 0.072949039706620755 0.15104818843418696 -0.036352870942384853 0.10880596742438092
leaf_weight=93.847459619299116 86.520386385131133 151.83043635145441 7.421757923744738 146.39931820769743 27.546460376543109 25.061482894860092 2.1473942785887621 44.290234324729681 11.391417767976234 282.29051361961319 52.187220589068602 97.917259580957762 15.368437747354617 0.61361410196695865 1.9640674049587687 76.952234142052475 1.4655816168524314 1889.0706682279051 5.0555235902720588 438.71505815970886 4906.8867134520551 48.512552449246868 354.98839390536887 390.31771076388395 28.030022639537492 12.975886128009732 42.623606269597076 0.59078200112889945 24.974232800546819 3.3248123186240255
leaf_count=3312175 510203 46720 3473 204672 4970 748 127 13858 18393 17450 11594 23379 1425 34 282 5583 24 103123 223 27811 559319 24099 25810 147553 1051 6697 2058 4082 56386 232
internal_value=-0.00071146 7.78022e-05 -0.00896836 -0.0220986 -0.00968433 0.00158475 0.000850329 -1.28206e-05 -0.0690661 0.000941727 0.0123272 0.0035603 -0.00800078 0.0300705 0.179029 0.0270972 0.0230103 0.000372608 -0.00368367 -0.00505198 0.00209549 0.000281809 0.0161985 0.00267276 -0.0444509 -0.0572338 0.0631198 -0.0771178 -0.0466457 -0.0192984
internal_weight=9271.28 9165.45 799.01 341.857 227.037 171.461 457.153 455.006 105.83 8366.44 398.299 266.582 167.199 131.717 2.57768 129.139 99.3828 7968.14 2375.46 2327.79 5592.68 4955.4 637.279 434.608 55.5765 20.3976 47.6791 94.4382 114.819 28.299
internal_count=5133554 1798904 949970 778262 211441 205420 171708 171581 3334650 848934 89041 71548 48145 17493 316 17177 23403 759893 133215 130934 626678 583418 43260 161411 6021 10170 2281 3316257 566821 56618
is_linear=0
shrinkage=0.08


Tree=82
num_leaves=31
num_cat=0
split_feature=12 6 13 8 3 5 2 5 4 4 2 2 3 5 8 5 13 2 3 11 4 7 8 13 9 13 2 5 5 2
split_gain=73.2328 9.09999 8.31364 116.341 16.0777 10.8235 36.4629 16.5486 10.5246 73.4094 26.8252 9.95295 12.9364 9.84758 9.27964 7.56451 7.44551 6.93667 5.7824 5.59942 4.78379 3.58796 61.0288 3.55533 3.54432 3.37965 3.303 16.6928 2.7045 1.90666
threshold=0.59781964687759215 1.0000000180025095e-35 0.16750943749946745 0.53390804597701169 0.36214605067064082 0.77315608919382517 0.19859154929577463 0.84409722222222239 0.73214285714285732 0.84523809523809534 0.83047895500725699 0.25158227848101272 0.74322344322344336 0.63003220611916277 0.99629629629629635 0.71010186757215632 0.1661187777141396 0.56048780487804895 0.35388994307400384 0.29166666666666669 0.68333333333333346 0.43978021978021981 0.45499549954995505 0.14493435635123619 0.70997889659330737 0.33771518383200033 0.17192118226600986 0.89009661835748799 0.79008567931456553 0.70222854433380755
decision_type=2 2 2 2 2 2 2 2 2 2 2 2 2 2 2 2 2 2 2 2 2 2 2 2 2 2 2 2 2 2
left_child=1 25 5 19 13 11 26 23 10 -10 -6 12 14 18 -2 -15 -9 24 -5 -4 -19 -21 -23 -8 -13 -1 28 -28 -7 -3
right_child=2 29 3 4 8 6 7 16 9 -11 -12 17 -14 15 -16 -17 -18 20 -20 21 -22 22 -24 -25 -26 -27 27 -29 -30 -31
leaf_value=-0.079161847792173154 0.04490520103726147 -0.012167448158155871 -0.079383081604928143 -0.023211638795325985 -0.001372075685488319 -0.0080958075122936953 -0.092674102865519553 0.16364588110733042 -0.033701851005721151 0.0019662405021441593 0.017298803838139247 -0.083275494394581082 1.1531689837353252 0.04951934127428629 0.0080067456712887668 -0.03629452143996123 0.52768116047118574 -0.0031796082279716303 -0.082498955655873646 -0.083665402512339129 0.0048784470852674105 2.613011056727264 0.014845607316836346 0.054519230514869232 -0.010790123045653235 0.10464760446279782 -0.089177275017563284 0.22487883638447398 -0.079233771980544904 0.093233912173182429
leaf_weight=87.816928266796822 68.080161112220594 9.5706749194323475 127.111072035912 206.39397643578468 1470.6945335874861 3.7947820797071463 2.1151827215908252 5.7856912401985028 417.02546621534566 3226.4497995507845 740.43214082236955 8.8333973343196721 0.06464318210782849 20.7834974402158 121.41478668875061 9.6159679516094894 0.38340110064018507 614.18592294977498 11.094392187336778 1.3086688350131219 2029.7482721572378 0.059407433804154031 2.2218780484836316 2.0859362129031069 8.4445361873840721 0.6449015326834332 4.10640708430219 1.471243908141332 34.659441765870724 1.2408051482962026
leaf_count=3325989 85812 6999 1104682 76659 314106 1151 2044 408 7840 67862 18767 37005 5 1297 1021 413 8 26817 9961 1483 23762 109 1461 1013 5064 238 2247 70 8936 976
internal_value=-0.00101343 -0.0693543 -0.000271015 -0.00191835 -0.000318838 0.00326342 -0.0320842 0.102873 0.000526104 -0.00211626 0.00488018 0.00393797 0.0216493 -0.0202747 0.0212633 0.0223747 0.18627 0.00267638 -0.026236 -0.0766003 0.00300656 0.0219298 0.082505 -0.0195898 -0.0478485 -0.0778218 -0.0638689 -0.00633718 -0.0722137 -7.08111e-05
internal_weight=9237.64 99.2733 9138.36 6233.19 6102.49 2905.17 54.4021 10.3702 5854.6 3643.48 2211.13 2850.77 189.56 247.888 189.495 30.3995 6.16909 2661.21 217.488 130.701 2643.93 3.58995 2.28129 4.20112 17.2779 88.4618 44.0319 5.57765 38.4542 10.8115
internal_count=5134205 3334202 1800003 1604640 496905 195363 15877 3473 408575 75702 332873 179486 86838 88330 86833 1710 416 92648 86620 1107735 50579 3053 1570 3057 42069 3326227 12404 2317 10087 7975
is_linear=0
shrinkage=0.08


Tree=83
num_leaves=31
num_cat=0
split_feature=12 3 5 2 5 2 3 2 3 5 14 13 4 3 4 5 5 5 2 3 3 10 2 1 0 13 3 7 2 3
split_gain=65.9319 12.2722 6.48018 37.9695 19.5014 22.2743 19.8383 7.24107 15.0599 8.50007 8.59109 7.56938 7.31633 45.4284 31.7323 6.9907 10.7671 6.64553 21.7132 17.2504 6.60332 6.44212 5.71224 5.67399 10.3622 5.50883 3.86166 3.42489 3.16913 2.81556
threshold=0.60331143951833621 0.7593103448275863 0.79008567931456553 0.21114551083591335 0.84409722222222239 0.28370221327967809 0.72377109317681587 0.20761494252873566 0.36214605067064082 0.71010186757215632 1.0000000180025095e-35 0.28183884040675278 1.0000000180025095e-35 0.72850122850122856 0.22649572649572652 0.73746867167919816 0.74239631336405543 0.87627551020408168 0.17192118226600986 0.74322344322344336 0.35388994307400384 0.59594926350245514 0.19859154929577463 0.10620300751879698 0.10960960960960965 0.11312317169976187 0.56465997770345611 1.0000000180025095e-35 0.70222854433380755 0.74322344322344336
decision_type=2 2 2 2 2 2 2 2 2 2 2 2 2 2 2 2 2 2 2 2 2 2 2 2 2 2 2 2 2 2
left_child=1 -1 7 17 5 29 -7 9 15 10 11 -2 13 -10 -14 20 -17 -4 -19 -20 -9 27 -12 -11 -25 -6 -27 28 -3 -5
right_child=2 21 3 4 25 6 -8 8 12 23 22 -13 14 -15 -16 16 -18 18 19 -21 -22 -23 -24 24 -26 26 -28 -29 -30 -31
leaf_value=-0.079752930426973304 0.032626164022869809 -0.019513621344055754 -0.079585940252960841 -0.069440641355431806 0.40069958357111035 0.20928505911422896 -0.015828140214276185 -0.019935679043928626 -0.0020007043068045955 -0.075753929587983382 -0.0042367653448754936 0.20466048094934031 -0.076615501622418744 0.050574624515823244 -1.2194885808062289e-05 0.72954130275791629 0.045467361429046289 -0.075181998770802616 0.20865443946460197 -0.13538521361287939 -0.082618491510113315 0.10696963690973642 0.042506546238679055 0.26937925682667557 -0.0095525893572241342 0.24113006216313204 0.10842811782726414 -0.086498463272605769 0.11040354823701071 -0.21371660997126218
leaf_weight=79.055194968325395 112.880885072198 11.074857547060679 37.320740472925536 7.4843320835098037 0.55134046927559932 4.7278433260325965 5.3299470932324766 171.00151329191795 531.6030168404186 8.407629101759083 93.739930364270549 1.6609398965956632 34.761336162751832 131.12710410236468 7885.1954082287148 0.19550182419698003 0.59671850269660354 12.793422390737762 3.7070905950313309 1.2463309340018893 11.477803938443683 2.6484274450203875 20.367426579734456 0.86830160670797241 46.495381983588231 1.8260216115340879 6.0647365334953065 4.5572556747306399 1.3479298754537001 0.97890244521477132
leaf_count=3296468 16970 2172 9070 1552 42 169 167 100185 290230 1611 23430 118 5972 18384 1258223 34 241 1764 133 28 11213 1765 7055 70 8787 70 153 77916 529 76
internal_value=-0.000655389 -0.0656955 4.74258e-05 -0.0223365 0.055446 0.00951239 0.0899903 0.000250309 -0.000157295 0.0128128 0.0196432 0.0351208 0.000327253 0.0084018 -0.000348413 -0.0228489 0.214281 -0.0604217 -0.0201201 0.122091 -0.0238784 -0.00907807 0.00410661 -0.0151899 -0.00443903 0.156219 0.139137 -0.0271784 -0.00541701 -0.0861284
internal_weight=9231.09 98.6837 9132.41 82.0307 26.9631 18.521 10.0578 9050.38 8765.96 284.42 228.649 114.542 8582.69 662.73 7919.96 183.272 0.79222 55.0676 17.7468 4.95342 182.479 19.6285 114.107 55.7713 47.3637 8.4421 7.89076 16.98 12.4228 8.46323
internal_count=5134597 3378850 1755747 13224 2229 1964 336 1742523 1684482 58041 47573 17088 1572809 308614 1264195 111673 275 10995 1925 161 111398 82382 30485 10468 8857 265 223 80617 2701 1628
is_linear=0
shrinkage=0.08


Tree=84
num_leaves=31
num_cat=0
split_feature=12 10 8 10 8 7 8 7 14 8 8 14 11 11 5 12 3 12 11 7 4 4 10 5 7 0 4 3 3 11
split_gain=61.7309 9.46745 46.7029 8.11376 14.5003 11.2586 10.4814 32.5013 32.0586 21.7744 25.1193 15.2668 11.2298 7.89574 9.70685 11.6783 8.8104 8.67677 7.85836 7.80219 6.3285 22.6349 16.3904 16.2167 14.2356 9.67265 6.27197 5.28859 31.9663 5.84611
threshold=0.57267080745341625 0.96039215686274526 0.92990501146413374 0.9417420814479639 0.91864313292884725 0.95861872146118743 0.92990501146413374 0.86769720390997962 1.0000000180025095e-35 0.97590011614401873 0.99629629629629635 1.0000000180025095e-35 0.45000000000000007 0.18333333333333338 0.26365441906653431 0.90366769774635447 0.89725545390570038 0.85839598997493749 0.18333333333333338 0.90645833333333348 0.94444444444444453 0.73214285714285732 0.99593495934959353 0.16035714285714289 0.92549648451955113 0.97332859174964448 0.73214285714285732 0.43288288288288296 0.41897974493623408 0.18333333333333338
decision_type=2 2 2 2 2 2 2 2 2 2 2 2 2 2 2 2 2 2 2 2 2 2 2 2 2 2 2 2 2 2
left_child=26 3 13 6 27 -6 7 8 -2 11 -11 -8 -9 16 15 -15 -3 -16 -7 -18 21 25 24 -23 -22 -4 -1 28 -5 -29
right_child=1 2 20 4 5 18 9 12 -10 10 -12 -13 -14 14 17 -17 19 -19 -20 -21 22 23 -24 -25 -26 -27 -28 29 -30 -31
leaf_value=-0.075990905172363371 0.0059255323416972294 0.19729232132455374 0.0026899767586335637 0.075050588518190423 -0.024780091743672933 0.053200710391094592 0.00048863665510020203 -0.025022291335241892 -0.0071993505836384112 -0.028278157903741798 0.0033332063019175838 0.019841216901627795 0.011336343457153571 -0.32395096470975882 0.42175793110422055 -0.0099034611367970048 0.049168976460017902 0.047398436275551327 -0.014489652635197447 0.1138988922770139 -0.052511249244176855 0.029155229626717575 0.069770119231746697 -0.055725215836387045 0.0081409586022591438 -0.11367891412490494 0.22119863290411235 0.048184996733431219 1.6135314470917366 -0.023919882212087726
leaf_weight=73.544799402468925 2253.9745749021704 4.048909841105341 825.71579873068549 1.0216141509881698 284.77666512873839 21.557796818204224 468.30857101604488 512.60510594496736 2525.7134799707865 234.2313286048593 513.73323521215207 589.01829191885918 60.817386119510047 0.96366357944498204 0.4850504603236917 3.547886787680909 30.340735917910933 2.164170823583845 22.362395657866728 19.626687053591013 25.87556139298249 17.804508317844011 26.545895004062913 75.457046415889636 577.77498885674868 4.596876533702015 0.45730811258908843 26.224423511477653 0.09442342777037982 9.9181625202763808
leaf_count=3095031 509143 22 21794 326 5180 194 8865 7503 1417164 2886 28631 8011 4147 94 63 176 129 152 941 94 296 617 14588 1639 5503 170 34 131 29 422
internal_value=-0.00138175 -0.000792505 0.00476533 -0.00198538 -0.0136042 -0.0189656 -0.0013914 -0.00316911 -0.00101 0.00387994 -0.00656616 0.0112696 -0.0211661 0.073327 -0.00560888 -0.0769838 0.0837913 0.115941 0.0187355 0.0745942 0.00206582 -0.00215162 0.00824663 -0.0395207 0.00554109 0.00204572 -0.0741544 0.0336945 0.205215 0.0283981
internal_weight=9213.31 9139.31 1614.95 7524.36 365.955 328.697 7158.4 5353.11 4779.69 1805.29 747.965 1057.33 573.422 61.1771 7.16077 4.51155 54.0163 2.64922 43.9202 49.9674 1553.77 923.574 630.196 93.2616 603.651 830.313 74.0021 37.2586 1.11604 36.1426
internal_count=5133975 2038910 45337 1993573 7223 6315 1986350 1937957 1926307 48393 31517 16876 11650 730 485 270 245 215 1135 223 44607 24220 20387 2256 5799 21964 3095065 908 355 553
is_linear=0
shrinkage=0.08


Tree=85
num_leaves=31
num_cat=0
split_feature=12 3 3 12 6 11 1 1 2 1 4 5 8 0 1 3 0 2 7 7 0 4 14 12 8 13 4 5 1 7
split_gain=52.6294 10.1598 8.13946 154.474 118.164 6.65489 26.8391 11.0437 28.1458 21.1203 20.4242 24.1001 21.8473 20.1031 17.2299 18.2929 16.1485 11.6059 10.4807 10.0126 8.24546 7.18016 6.16557 29.157 25.4694 16.9287 13.1566 11.3166 8.99708 5.33334
threshold=0.59781964687759215 0.72377109317681587 0.72850122850122856 0.37553418803418809 1.0000000180025095e-35 0.63333333333333341 0.99295774647887336 0.9294019933554819 0.86425061425061434 0.86425061425061434 0.61250000000000016 0.42365967365967372 0.99629629629629635 0.86425061425061434 0.90399385560675893 0.9439203354297695 0.79337712096332802 0.77581480353335375 0.99629629629629635 0.51229590808304792 0.92031746031746042 0.47222222222222227 1.0000000180025095e-35 0.8898225957049487 0.92990501146413374 0.50588561141116206 0.64583333333333337 0.76095238095238105 0.96362433862433872 0.54085850556438808
decision_type=2 2 2 2 2 2 2 2 2 2 2 2 2 2 2 2 2 2 2 2 2 2 2 2 2 2 2 2 2 2
left_child=1 -1 3 4 -3 7 22 8 9 16 11 13 17 -9 15 -10 -2 -12 -16 -8 -11 -13 24 26 25 -7 -24 -25 -26 -4
right_child=5 2 29 -5 -6 6 19 10 14 20 12 21 -14 -15 18 -17 -18 -19 -20 -21 -22 -23 23 27 28 -27 -28 -29 -30 -31
leaf_value=-0.079276334391015113 -0.020850536578876092 -0.080001524949170927 -0.03178167246470201 -0.080003898057127168 22.509752791693565 0.053687183462725739 -0.1210563196762187 0.050261258714210014 0.041167404861331733 -0.062888542444868925 0.0099940748900136586 -0.065545553770363252 0.062046744251442042 0.011816333661863574 -0.008696643181776504 -0.067189270713218022 0.020179748690730488 -0.0026566981451531034 -0.50876357352484569 0.040952984134818328 0.17323929594362331 -0.010238181120671793 -0.037379484464777207 0.0076238174414576931 -0.00035219350671506595 -0.0098564345755141405 -1.1949522174099612 -0.042110371616498256 -0.097905727508723714 0.10096665658041833
leaf_weight=64.380229335020431 375.81694879361385 0.0025484352336232466 15.830155913754881 0.096675518049323728 0.0035413940058788285 102.42932028097584 2.4855563413584596 126.70787236376418 118.99223659529343 74.500954173394348 503.76523952819844 19.143015558191109 34.636718818801455 278.11752210500708 121.50458058252843 10.883306486153741 73.376953563256393 5896.718707552136 0.26882708817720313 137.5620535586495 0.95863430942699679 69.795425761505612 131.71886006417208 459.23287653725129 519.71061584282143 36.356443146476522 0.062868577311745777 31.274999198038131 6.1218289239332071 2.2070116375566604
leaf_count=3232884 496258 134 94591 4340 3 65453 341 19903 16177 44989 89016 6737 7222 19796 10573 1088 29266 707258 4 42867 83 21853 198227 10848 10807 1026 5 253 355 2438
internal_value=-0.000774082 -0.0643761 -0.0114938 0.698461 13.0565 -0.00019936 0.00481899 -0.00112873 -0.0101771 -0.0207269 -0.000114958 0.0155652 -0.00131809 0.0238494 0.0118177 0.0320873 -0.0141481 -0.00166099 -0.00980059 0.0380777 -0.0598888 -0.0221425 0.00119961 -0.00452298 0.00655774 0.0370412 -0.0379317 0.00445274 -0.00148793 -0.0155387
internal_weight=9214.66 82.5202 18.1399 0.102765 0.00608983 9132.14 1426.96 7705.19 776.302 524.653 6928.88 493.764 6435.12 404.825 251.649 129.876 449.194 6400.48 121.773 140.048 75.4596 88.9384 1286.91 622.29 664.618 138.786 131.782 490.508 525.832 18.0372
internal_count=5134795 3334390 101506 4477 137 1800405 330182 1470223 598438 570596 871785 68289 803496 39699 27842 17265 525524 796274 10577 43208 45072 28590 286974 209333 77641 66479 198232 11101 11162 97029
is_linear=0
shrinkage=0.08


Tree=86
num_leaves=31
num_cat=0
split_feature=12 3 12 3 5 2 5 2 5 2 5 0 2 3 7 8 11 3 0 12 8 8 12 3 0 1 14 10 2 5
split_gain=50.1886 12.812 7.59574 7.40119 6.72827 25.4618 22.7033 15.4736 7.5871 19.841 6.77448 12.0976 41.8861 15.5163 6.71836 5.61164 20.465 6.14984 5.22138 3.50674 994.228 3.45836 62.8726 672.886 4.38411 3.2817 3.62688 4.11942 3.42473 3.34266
threshold=0.57267080745341625 0.92031746031746042 0.65989690721649474 0.70479302832244017 0.79008567931456553 0.21114551083591335 0.84409722222222239 0.28370221327967809 0.87627551020408168 0.17192118226600986 0.40967365967365971 0.87298335467349564 0.92084377610693402 0.90521114106019784 0.84356174698795205 0.96178188899707895 0.45000000000000007 0.42761904761904768 0.52704678362573121 0.35025773195876292 0.30839160839160845 0.77303030303030318 0.57517123287671246 0.49018097805159805 0.61143790849673219 0.52240802675585296 1.0000000180025095e-35 0.79469617140850035 0.43288288288288296 0.54631217838765023
decision_type=2 2 2 2 2 2 2 2 2 2 2 2 2 2 2 2 2 2 2 2 2 2 2 2 2 2 2 2 2 2
left_child=1 19 3 21 10 8 7 -7 -6 -10 11 12 -4 -13 -8 16 -12 -17 -3 20 -1 -2 23 -23 -24 28 27 -27 -5 -28
right_child=2 18 4 25 5 6 14 -9 9 -11 15 13 -14 -15 -16 17 -18 -19 -20 -21 -22 22 24 -25 -26 26 29 -29 -30 -31
leaf_value=-79.903901054159689 -0.072534241334269209 0.074861347185852786 -0.0078850165985536111 -0.082976547493955333 -0.077448324431763194 -0.094588132316313092 0.34005210389286683 0.061642087937129983 -0.067431846144113447 0.11866739082468987 -0.0011562126282357906 0.01581332791797008 0.065846124997792965 0.00019895217133479725 0.12781801466228851 -0.0057632984035817124 0.036605808608749589 0.011498039650940862 -0.081590665400432485 -0.081749639066816454 -0.080001322165051833 -0.080369894925811189 -0.029155490351026485 58.912080843340021 0.38975302947770857 0.022604850560556833 -0.051628613941841407 -0.16948177921724944 0.16005720898055123 0.010623568230496904
leaf_weight=0.0010022023157166817 22.078150123571053 5.0157071173234717 1877.4325658649614 0.50184779460323525 33.914671347702097 7.3469299911230399 1.121147229685447 9.0616183407910267 12.492438475663223 5.1897022071789243 224.84545838552731 438.76543332278379 50.641605013108347 5680.5983288850985 6.4252212436404079 310.37077027984196 155.28474487563653 229.97966430784436 1.8757914200905359 57.48101912061837 0.27931038529641228 0.014142156715023613 6.9098960370429268 0.0013561140567617267 0.163677950069541 19.176443902719715 16.243927390057255 0.74218717060830286 1.424158127952978 8.3620429582297202
leaf_count=36 503730 8210 547922 710 4346 798 85 233 914 95 81770 42201 6131 646246 66 4244 48913 7853 6220 3062336 16866 206 23045 32 8 27477 83711 28 250 8684
internal_value=-0.000588304 -0.0708251 -9.03367e-05 -0.02534 0.00012079 -0.023653 0.0445066 -0.00831002 -0.0552975 -0.0128118 0.000321076 -0.00042256 -0.00594844 0.00131852 0.159349 0.00682243 0.0142697 0.00158334 0.0322768 -0.0831262 -0.365396 -0.0569247 -0.00831033 5.08153 -0.0194622 -0.00550731 -0.00992986 0.0154475 0.0967314 -0.030473
internal_weight=9183.74 64.6528 9119.09 75.6178 9043.47 75.5517 23.9549 16.4085 51.5968 17.6821 8967.92 8047.44 1928.07 6119.36 7.54637 920.481 380.13 540.35 6.8915 57.7613 0.280313 29.1672 7.08907 0.0154983 7.07357 46.4506 44.5246 19.9186 1.92601 24.606
internal_count=5133366 3093668 2039698 647881 1391817 6537 1182 1031 5355 1009 1385280 1242500 554053 688447 151 142780 130683 12097 14430 3079238 16902 527021 23291 238 23053 120860 119900 27505 960 92395
is_linear=0
shrinkage=0.08


Tree=87
num_leaves=31
num_cat=0
split_feature=12 8 7 3 3 12 3 11 0 14 12 8 7 11 10 11 11 5 8 8 8 13 11 8 6 8 13 13 5 12
split_gain=110.738 1650.19 40229.6 414247 10.0343 6.79817 11.2749 5.25143 20.8358 10.2755 23.3624 17.8397 8.83016 32.5557 32.2734 66.6087 50.9729 22.3961 17.6356 8.60295 4.92905 3.67184 3.31779 3.20313 3.10471 4.60556 3.04578 3.23765 3.011 2.79055
threshold=0.57601438109912695 0.77303030303030318 0.57267080745341625 0.49018097805159805 0.92031746031746042 0.65989690721649474 0.70479302832244017 0.87500000000000011 0.99295774647887336 1.0000000180025095e-35 0.89687399291008718 0.96178188899707895 0.90645833333333348 0.29166666666666669 0.92031746031746042 1.0000000180025095e-35 0.22500000000000003 0.14907407407407411 0.99629629629629635 0.67669683257918567 0.62554347826086965 0.26598818562619836 0.63333333333333341 0.76689497716894994 1.0000000180025095e-35 0.71892556179775291 0.38560854990208776 0.16150470235306721 0.41763565891472876 0.37553418803418809
decision_type=2 2 2 2 2 2 2 2 2 2 2 2 2 2 2 2 2 2 2 2 2 2 2 2 2 2 2 2 2 2
left_child=1 4 -3 -4 29 6 23 12 9 11 -11 -9 14 17 16 -16 -7 -14 -15 20 -10 -6 24 -2 25 -8 27 -25 -24 -1
right_child=5 2 3 -5 21 7 22 8 19 10 -12 -13 13 18 15 -17 -18 -19 -20 -21 -22 -23 28 26 -26 -27 -28 -29 -30 -31
leaf_value=-0.19095649981660973 -0.082851765946281797 -0.090054139729004903 -0.080263032581485455 -1303.3182193323623 -0.0028010642580707863 -0.0036288138133818955 -0.070392998130794596 0.030193310609397537 0.0047099179551021702 -0.035197244900030691 0.0026838579875417636 0.0011646655882144646 0.0040881646119903916 -0.034420680340895758 0.055173924580106525 -0.051768551173405043 0.019443840173303726 -0.017664842468440363 0.0069799307293622864 0.058391537018813937 -0.14895329180816885 0.17611206801558671 0.1194745907005567 0.02285697620675824 0.0082091814227863418 0.019896391832590836 0.28399931716308352 -0.085691092217012821 0.011738488212455631 -0.08009988565166376
leaf_weight=1.4945072106420401 19.532560061859844 0.45636597746215457 0.016998476210574154 0.0017187955563713322 6.2107900246483032 4563.7939009089932 10.000469551207969 184.57343588518415 4.933861730125499 131.67804096666077 499.2566577483085 509.52230307704303 1387.5787255855394 318.98495454539079 165.9792645596317 48.069464228858124 707.85634150904298 387.50192401808454 82.980339033296332 58.408910581027158 1.8320838618092237 0.8325514928837946 2.5098531884468676 3.6522935140346808 23.554209915717365 5.6631996124124262 0.204205781163182 3.3917281807816835 4.9044713049115671 52.669795077786148
leaf_count=73845 468982 3871 336 45 14029 1080556 113547 32178 193 70162 15146 16212 11771 8165 978 4139 113796 5149 4577 29540 50 423 858 8008 4661 581 10 18911 867 3033695
internal_value=-0.00110302 -0.107933 -4.80463 -119.756 -0.0714781 -0.00038098 -0.0246273 -0.00018436 0.00433926 0.00216715 -0.00522205 0.00888394 -0.00100505 -0.00531592 0.000705749 0.0311576 -0.000530709 -0.000660539 -0.0258741 0.0484992 -0.036899 0.0183472 -0.000868289 -0.0659978 -0.0101465 -0.0377489 -0.0205797 -0.0294094 0.0482087 -0.0831587
internal_weight=9188.05 61.6827 0.475083 0.0187173 61.2076 9126.36 73.413 9052.95 1390.21 1325.03 630.935 694.096 7662.74 2177.05 5485.7 214.049 5271.65 1775.08 401.965 65.1749 6.76595 7.04334 46.6322 26.7808 39.2179 15.6637 7.24823 7.04402 7.41432 54.1643
internal_count=5135281 3126244 4252 381 3121992 2009037 616425 1392612 163481 133698 85308 48390 1229131 29662 1199469 5117 1194352 16920 12742 29783 243 14452 120514 495911 118789 114128 26929 26919 1725 3107540
is_linear=0
shrinkage=0.08


Tree=88
num_leaves=31
num_cat=0
split_feature=12 3 10 8 10 9 10 11 11 10 7 9 7 7 4 9 11 8 10 10 8 11 2 3 7 3 2 10 0 10
split_gain=40.0021 12.7697 7.76641 37.5022 13.3407 22.5236 41.7603 108.399 14.1534 31.5661 20.5729 13.612 13.388 12.3275 10.121 8.58428 13.7308 6.16602 49.0819 32.7254 16.7674 7.93826 7.72052 5.89311 9.27642 5.62635 4.44368 4.40346 4.18202 4.64852
threshold=0.57267080745341625 0.92031746031746042 0.96039215686274526 0.92990501146413374 0.9417420814479639 0.92549648451955113 0.92031746031746042 0.18333333333333338 0.22500000000000003 0.87206764866339348 1.0000000180025095e-35 0.90168461750897555 0.95861872146118743 0.9417420814479639 0.94444444444444453 0.90168461750897555 0.18333333333333338 0.97590011614401873 0.97259759759759767 0.97259759759759767 0.94474969474969483 0.87500000000000011 0.25677655677655681 0.42761904761904768 0.90645833333333348 0.37617924528301894 0.58578637510513054 0.99593495934959353 0.73499399759903972 0.97259759759759767
decision_type=2 2 2 2 2 2 2 2 2 2 2 2 2 2 2 2 2 2 2 2 2 2 2 2 2 2 2 2 2 2
left_child=1 -1 4 15 5 8 7 -7 10 -10 -2 23 25 -8 -14 28 -17 19 22 21 -21 -5 -19 -6 -25 -13 -18 -20 29 -4
right_child=2 -3 3 17 11 6 13 -9 9 -11 -12 12 14 -15 -16 16 26 18 27 20 -22 -23 -24 24 -26 -27 -28 -29 -30 -31
leaf_value=-0.082483002158473678 0.0024717526280579219 0.028609344362006597 0.24221185667405049 -0.024546830569293729 -0.084984315412312772 0.21903915834014723 -0.03202912764154122 0.019075717259754162 0.011198825887202078 -0.017984688141283695 -0.0074782605936190875 0.060976717105969344 -0.018253801228605017 0.028778213611445818 0.058676660485559848 0.11691722719952104 0.11255413359850205 -0.012046521661658196 -0.0068430424091963935 0.12443612326220807 0.013851512444667275 0.028816394356927948 0.064071023168754973 0.021296760736983909 0.16599841107678739 -0.029831828674872496 -0.075040763947336733 0.0049450116075629045 0.027892853589382913 -0.0061107006909015141
leaf_weight=48.334471110250888 2651.6062443094511 7.6733045776727513 1.2529053885955392 285.20738837559475 2.992376803114893 22.142161015653983 62.621900145721156 80.170654472603928 1335.2504202354985 288.44833189778728 2668.1624491653024 4.4400142748490898 22.38291814137483 32.365493197226897 21.417341694701463 27.37914535030723 1.0457029311510257 9.3257044507190567 319.23196041904157 9.108168756705707 240.04603613016661 19.031602226663381 99.724935141275637 42.752467769372743 3.0367994670523322 264.44093067303766 3.5570648440625519 556.11187848856207 28.096408345852979 0.78458482696441922
leaf_count=3079883 49073 14386 40 3478 528 200 1446 3584 712209 19038 1200131 917 588 819 515 126 241 133 3146 273 3513 878 1943 693 105 3917 80 31222 197 45
internal_value=0.000139476 -0.0672629 0.00055422 0.00561453 -0.000524926 0.000234078 0.026888 0.0623511 -0.0005233 0.00601441 -0.00251874 -0.0155192 -0.0216511 -0.01131 0.0193635 0.0665568 0.0954248 0.00315289 0.00695107 -0.00360346 0.0178941 -0.0212087 0.0575617 0.0237853 0.0308935 -0.0283323 -0.0324211 0.000645988 0.0359185 0.146589
internal_weight=9158.14 56.0078 9102.13 1599.9 7502.23 7140.77 197.3 102.313 6943.47 1623.7 5319.77 361.463 312.681 94.9874 43.8003 62.1158 31.9819 1537.79 984.394 553.393 249.154 304.239 109.051 48.7816 45.7893 268.881 4.60277 875.344 30.1339 2.03749
internal_count=5133347 3094269 2039078 45315 1993763 1986500 6049 3784 1980451 731247 1249204 7263 5937 2265 1103 729 447 44586 36444 8142 3786 4356 2076 1326 798 4834 321 34368 282 85
is_linear=0
shrinkage=0.08


Tree=89
num_leaves=31
num_cat=0
split_feature=12 1 1 8 10 4 5 0 4 2 13 0 4 0 0 1 1 4 5 5 1 4 8 4 14 4 5 2 1 1
split_gain=39.0365 11.1158 7.35771 27.777 16.4827 16.0189 28.4686 12.0121 10.7713 49.1372 29.6167 26.0344 25.096 50.7314 42.32 19.9444 17.7952 40.0245 17.3203 16.1031 15.3895 10.5079 10.4693 10.3928 8.39747 10.4227 5.84616 5.68852 4.97777 5.92255
threshold=0.59781964687759215 0.81892697466467967 0.95742753623188415 0.99629629629629635 0.99593495934959353 0.61250000000000016 0.37638888888888894 0.7193750000000001 1.0000000180025095e-35 0.48934240362811798 0.50588561141116206 0.83047895500725699 0.38750000000000007 0.69416099773242645 0.54085850556438808 0.33549783549783552 0.91476997578692509 0.41428571428571431 0.69309262166405039 0.067424242424242428 0.40936473165388831 0.35416666666666669 0.77836257309941526 0.27922077922077926 1.0000000180025095e-35 0.22649572649572652 0.063508064516129045 0.70222854433380755 0.97825059101654854 0.96609195402298853
decision_type=2 2 2 2 2 2 2 2 2 2 2 2 2 2 2 2 2 2 2 2 2 2 2 2 2 2 2 2 2 2
left_child=1 27 8 4 5 6 -4 -7 9 15 20 12 13 -10 -14 22 23 -18 -17 -12 -11 24 -2 -13 26 -26 -5 -1 29 -6
right_child=2 -3 3 21 28 7 -8 -9 11 10 19 16 14 -15 -16 18 17 -19 -20 -21 -22 -23 -24 -25 25 -27 -28 -29 -30 -31
leaf_value=-0.083097430951957693 -0.046791934038148915 0.0095827491670341554 0.033527224153824989 -0.081877916305318058 0.084802119605763282 0.025385596389208721 -0.01369403308990951 -0.00057320313686591356 -0.04364401649970983 -0.0091077667028120861 -0.084275156338136092 -0.091798843878036843 0.15836644586396015 0.034798440303796481 -0.048011115923247902 -0.033559523679208621 -0.081492804667872801 0.00080007600157820571 0.096049038671975673 0.024831200993206778 0.098176990020555646 0.0536985117214989 0.002124796908334425 0.018205239237613559 0.080933399860597513 -0.15670413598201979 0.081291052920184695 0.056265718364138413 0.093340712611135676 -0.34178880910272041
leaf_weight=50.573385491534964 28.974939998352966 11.28453634152447 236.44635789676249 1.9441762398928402 0.46428773459046802 116.18770739326646 124.85599947548326 6305.1755335935377 104.98078949395767 9.9920634833470086 9.9962956623639894 5.6094160636785082 6.5418164507573229 106.08927007675447 227.76241082558681 174.98900795585268 45.204177338346199 231.7199939912316 6.8574398324435597 64.639920475747203 59.587292186351988 86.402444549661595 833.5345589566914 273.38183665748511 1.615694364067165 4.3925774127710611 5.0703594186343253 1.9466435758333762 14.938764098507818 0.37775853928178549
leaf_count=3278965 259515 26141 22770 89 23 27319 35336 778489 37913 987 442 382 405 10445 280647 148265 1318 16304 628 2774 12412 36634 95855 27761 150 123 809 28533 1788 22
internal_value=-9.77476e-05 -0.062454 0.000340053 0.00162263 0.0010087 0.000818698 0.0172089 -0.000103506 -0.00369996 0.00144976 0.0452222 -0.00981289 -0.0242249 -0.00421681 -0.042249 -0.00459479 0.0017334 -0.0126331 -0.028672 0.0102182 0.0827702 0.0436016 0.0004815 0.0159935 -0.0233883 -0.0928006 0.0360665 -0.077932 0.0826734 -0.106575
internal_weight=9151.54 63.8046 9087.73 6897.87 6798.45 6782.67 361.302 6421.36 2189.86 1188.57 144.216 1001.29 445.374 211.07 234.304 1044.36 555.915 276.924 181.846 74.6362 69.5794 99.4253 862.509 278.991 13.0228 6.00827 7.01454 52.52 15.7808 0.842046
internal_count=5133244 3333639 1799605 903552 865747 863914 58106 805808 896053 520878 16615 375175 329410 48358 281052 504263 45765 17622 148893 3216 13399 37805 355370 28143 1171 273 898 3307498 1833 45
is_linear=0
shrinkage=0.08


Tree=90
num_leaves=31
num_cat=0
split_feature=12 1 4 0 4 5 13 0 3 11 8 3 1 12 4 0 10 14 8 8 3 13 7 13 8 1 3 0 0 12
split_gain=38.8666 7.31768 6.68779 35.948 20.1349 40.8357 38.4024 20.7515 16.5741 16.4366 15.4508 22.1727 20.913 29.0223 18.2553 14.4738 12.8645 11.0052 10.372 10.1379 26.2889 9.57473 8.11636 6.98589 6.97758 6.07695 5.71171 7.58097 4.98994 4.22055
threshold=0.57267080745341625 0.81892697466467967 0.94444444444444453 0.92422502870264067 0.73214285714285732 0.16035714285714289 0.75084549611802121 0.80243902439024406 0.87609649122807032 0.87500000000000011 0.77303030303030318 0.69028213166144214 0.99295774647887336 0.93643953676272573 0.68333333333333346 0.91476997578692509 0.99593495934959353 1.0000000180025095e-35 0.78979857050032498 0.72513736263736273 0.7653316645807261 0.50588561141116206 0.69320132013201341 0.93166251556662527 0.99629629629629635 0.86729559748427687 0.85053191489361712 0.90521114106019784 0.90521114106019784 0.37553418803418809
decision_type=2 2 2 2 2 2 2 2 2 2 2 2 2 2 2 2 2 2 2 2 2 2 2 2 2 2 2 2 2 2
left_child=1 29 4 17 10 15 7 -7 -8 16 11 28 22 -14 -13 25 24 26 -11 20 -19 -21 -12 -17 -5 -6 -4 -28 -2 -1
right_child=2 -3 3 9 5 6 8 -9 -10 18 12 14 13 -15 -16 23 -18 19 -20 21 -22 -23 -24 -25 -26 -27 27 -29 -30 -31
leaf_value=-0.25252486832501009 -0.067173045805450013 0.0026627433517537997 -0.029022662032501784 -0.00019615828612944052 0.48384714573356313 0.032789821706730782 0.015637845025176417 -0.022217059598079882 -0.065376647675982849 -0.022635927905006192 0.034773737133005723 -0.0075203629973021472 0.030714504608572914 -0.0069447526478574198 0.18772819732975027 0.011875024606568578 0.085862066309647198 1.1174872328743333 0.058752409724654155 0.31280144321465458 -0.010314748311183118 0.056271956248705922 -0.0020508278518524539 0.13012604774067663 0.047669774498103799 0.10496144975966715 0.08977453453392531 0.29524762138175198 0.13344935073375497 -0.080802256692058788
leaf_weight=0.93702557740129933 45.529106431964237 7.2018670673769511 2.4587993411696507 5041.5071581175362 0.2785093765560277 59.938628876334406 17.969245277810842 163.96167158014578 160.65893465583213 12.633713019255081 39.089135918530701 809.55801363863361 342.07106797106098 212.22224162449129 3.0763817065890171 101.83156575294561 11.189682558644561 0.13294190097076608 48.461153241689317 0.96843761205673473 26.47897718774766 24.201817924156785 1911.7919803691402 3.3010073518380514 19.566547339782119 9.948901329698856 30.20925996602455 1.1946443897613779 0.80751753925142011 40.816755734607568
leaf_count=73709 629856 19324 75 566126 4 8007 403 32242 2918 802 40638 565196 4838 9638 401 6752 2086 18 29002 9 4302 571 128569 292 4312 1006 1358 47 80 3001462
internal_value=-0.000719999 -0.0718105 -0.000337594 0.00153275 -0.00285208 -0.0175364 -0.0295624 -0.00749159 -0.0572269 0.000675153 -0.000591526 -0.00985041 0.00258315 0.0162959 -0.00678121 0.0244262 0.000178336 0.0529352 0.0419222 0.0297448 -0.00468073 0.0661421 -0.00131299 0.0155879 -1.11045e-05 0.115279 0.0883975 0.097591 -0.0636768 -0.084656
internal_weight=9149.99 48.9556 9101.04 5219 3882.03 517.888 402.528 223.9 178.628 5133.36 3364.15 858.971 2505.17 554.293 812.634 115.36 5072.26 85.6449 61.0949 51.7822 26.6119 25.1703 1950.88 105.133 5061.07 10.2274 33.8627 31.4039 46.3366 41.7538
internal_count=5134043 3094495 2039548 608708 1430840 51624 43570 40249 3321 602328 1379216 1195533 183683 14476 565597 8054 572524 6380 29804 4900 4320 580 169207 7044 570438 1010 1480 1405 629936 3075171
is_linear=0
shrinkage=0.08


Tree=91
num_leaves=31
num_cat=0
split_feature=12 3 9 7 8 7 12 3 10 12 7 10 8 7 14 8 8 10 10 1 5 5 5 5 3 4 8 12 3 5
split_gain=36.7294 7.50353 6.18867 22.7056 88.5735 18.6437 44.0334 338.922 583.934 9.7271 10.2982 9.20492 8.42522 16.3522 15.7296 11.1561 10.4312 10.9391 9.50967 8.09868 7.71005 14.4129 5.64685 5.43903 6.04803 5.4027 5.40121 4.81724 112.351 3864.35
threshold=0.57267080745341625 0.92031746031746042 0.65868005738880919 1.0000000180025095e-35 0.51554445876288668 0.63211600429645554 0.57601438109912695 0.49018097805159805 0.70396452790818997 0.72245564892623715 0.40602355072463775 0.56691542288557228 0.8402898550724639 0.82167318982387483 1.0000000180025095e-35 0.85313725490196091 0.69679945522642162 0.73879598662207369 0.88548009367681513 0.85053191489361712 0.042572463768115944 0.072299651567944254 1.0000000180025095e-35 0.36788399570354463 0.81016731016731025 0.47222222222222227 0.63686313686313689 0.37553418803418809 0.72377109317681587 0.27842377260981915
decision_type=2 2 2 2 2 2 2 2 2 2 2 2 2 2 2 2 2 2 2 2 2 2 2 2 2 2 2 2 2 2
left_child=1 27 3 19 -5 6 7 -4 -9 22 -11 -8 16 14 -14 -15 17 -7 -18 20 -2 -22 -6 24 -21 -25 -13 28 -1 -30
right_child=2 -3 5 4 9 12 11 8 -10 10 -12 26 13 15 -16 -17 18 -19 -20 23 21 -23 -24 25 -26 -27 -28 -29 29 -31
leaf_value=-0.081901695455975199 -0.030767999045750252 0.0041997899460636109 -0.080001244467199084 -0.076873208348574917 0.077271892365045294 0.0030929632431336814 0.90373396408243334 -0.080001103586585853 77.528237057646791 0.33541347551769052 -0.0026893094168247561 -0.098963204158140722 0.033764417936498647 -0.039944958513163049 0.0033043543851081257 0.002052784850560087 -0.010615127870940773 0.13149091836121576 0.022378012022892451 -0.023882186712642944 0.25779493010759941 0.046208317574075418 -0.041459304388980968 -0.065866719429092765 0.0019706874403185954 0.019339218053701181 0.053409824388690234 -0.080679308716915449 -159.34650566783242 -0.08079034176575535
leaf_weight=0.78859308677757312 4.6566124924138448 7.1769421753542693 0.018575784295534414 116.01716723527443 2.6877387387394256 10.600100880328684 0.080696438123594727 0.001558719398417451 0.0010308183864253806 0.5768187663416019 1274.9771331950797 1.5373520870834898 209.42459329476696 40.92198285413906 225.15145904506062 3749.10725894809 630.33559084587796 7.0850525831046971 61.353192904636671 59.337202980314032 2.5930612501833812 10.030694063480039 55.521761356582829 4.9160746219858984 2412.8666413933388 152.63686196980416 47.206054405198302 38.211439473109294 0.0010046044069795803 0.033105314168096811
leaf_count=72794 2459 14376 1307 1134752 18526 14512 20 123 64 941 76138 3303 16327 807 13447 99020 112935 1649 766 2433 1508 8129 458408 483 30212 3905 38616 3006383 68 767
internal_value=0.000161043 -0.0709802 0.000523118 -0.00178028 -0.0098278 0.00241694 0.0515989 3.69977 30.8135 -0.00399587 -0.00253642 0.0500174 0.00193005 0.0032847 0.0179832 0.00159932 -0.00613742 0.0545319 -0.00768862 0.00262735 0.0572155 0.0896706 -0.0359771 0.00226864 0.00135017 0.0166806 0.048604 -0.0848031 -0.276335 -4.77148
internal_weight=9125.85 46.2111 9079.64 4096.82 1449.78 4982.82 48.8453 0.0211653 0.00258954 1333.76 1275.55 48.8241 4933.98 4224.61 434.576 3790.03 709.374 17.6852 691.689 2647.04 17.2804 12.6238 58.2095 2629.76 2472.2 157.553 48.7434 39.0341 0.822703 0.0341099
internal_count=5135178 3094388 2040790 1737894 1688765 302896 43433 1494 187 554013 77079 41939 259463 129601 29774 99827 129862 16161 113701 49129 12096 9637 476934 37033 32645 4388 41919 3080012 73629 835
is_linear=0
shrinkage=0.08


Tree=92
num_leaves=31
num_cat=0
split_feature=12 9 3 7 9 12 3 9 8 3 11 4 8 14 13 10 2 4 7 0 0 11 13 0 5 11 10 3 10 9
split_gain=208.36 29938.3 240608 342019 7288.2 91015.7 970295 80.5269 720.168 9.73233 6.38224 19.8578 12.6889 15.1691 16.5677 11.4089 7.98394 16.0765 18.5897 14.8253 14.1274 13.9074 11.3078 10.9301 8.60102 15.2836 7.85193 7.19189 6.83273 8.97397
threshold=0.57601438109912695 0.72255689424364122 0.49018097805159805 0.55753467843631788 0.66376811594202911 0.57267080745341625 0.49018097805159805 0.65868005738880919 0.75123762376237635 0.92031746031746042 0.87500000000000011 0.81666666666666676 0.71892556179775291 1.0000000180025095e-35 0.47377020983832147 0.66369047619047639 0.63224516988674229 0.10555555555555557 0.66946778711484611 0.64461454346637515 0.26766169154228864 0.70833333333333337 0.93166251556662527 0.63702239789196324 0.82426470588235301 0.63333333333333341 0.42923898531375176 0.37248718959400873 0.6906926406926408 0.71623364658190547
decision_type=2 2 2 2 2 2 2 2 2 2 2 2 2 2 2 2 2 2 2 2 2 2 2 2 2 2 2 2 2 2
left_child=1 4 -3 -4 7 -6 -7 9 -9 -1 16 12 13 15 -15 -12 20 18 -18 -19 24 -21 27 -20 26 -26 -2 -22 29 -13
right_child=10 2 3 -5 5 6 -8 8 -10 -11 11 28 -14 14 -16 -17 17 19 23 21 22 -23 -24 -25 25 -27 -28 -29 -30 -31
leaf_value=-0.078404865968463397 0.73561383832263161 -0.080001365007569505 -0.080001105157837926 -1960.4308595179268 -0.080041806622611206 -0.080001103118261765 -2249.7892957979607 -0.080001284181279345 64.014702490331516 0.021777710844028238 -0.0579715319519854 0.014639925985927053 0.0045425064871899377 -0.058429109522342648 -0.25652759709201089 0.093231060929078402 -0.053672766701294998 -0.049633788673719995 0.1276166183837471 5.9242499205832501e-05 -0.065112535942187494 -0.62958633492903782 0.071510788100964201 0.04027571991741935 -0.069687882176666216 1.1748763161687124 0.019275188648947984 -0.020482706661312741 0.064802620846893769 -0.29124749963551549
leaf_weight=36.433053871172433 0.098032318910553751 0.018535572471590878 0.0012895368327008319 0.0010202255334661459 0.18308019721416613 0.013335868738067802 0.0013512857003661347 0.011095175569606819 0.0012481530538934757 7.4801824390797256 6.5536873087621643 12.636475181119746 1304.5865627889043 12.495778514568881 3.447385556064547 6.229643271907662 10.258099101932201 38.659777960247993 12.965616686211431 7202.4802492366125 25.757486933681776 0.22451632819138367 8.0060431754100119 31.324389936169609 9.1201851407104151 0.06358986566738245 94.612000887001159 224.69970740142935 46.755159706575796 0.64515899063553739
leaf_count=3093065 1207 1618 114 107 15219 1038 155 1043 102 14373 45039 2672 144502 200378 36 10018 14629 76000 430 1102267 55706 25 74 676 4672 8 102152 219718 27902 100
internal_value=-0.00041477 -0.173797 -96.0247 -865.97 -0.128513 -15.4516 -207.064 -0.0595237 6.40123 -0.0613398 0.000430803 0.00541102 0.00338442 -0.0492089 -0.101264 0.0157134 -0.000475301 0.000100353 0.0433683 -0.000225578 -0.0120659 3.96157e-05 -0.0220808 0.0658442 0.0128489 -0.0610703 0.0200167 -0.0250725 0.0504183 -0.000218639
internal_weight=9095.76 44.1442 0.0208453 0.00230976 44.1233 0.197767 0.0146872 43.9256 0.0123433 43.9132 9051.62 1393.35 1333.31 28.7265 15.9432 12.7833 7658.27 7295.91 54.5481 7241.36 362.357 7202.7 258.463 44.29 103.894 9.18378 94.71 250.457 60.0368 13.2816
internal_count=5135045 3126834 1839 221 3124995 16412 1193 3108583 1145 3107438 2008211 430647 399973 255471 200414 55057 1577564 1194027 15735 1178292 383537 1102292 275498 1106 108039 4680 103359 275424 30674 2772
is_linear=0
shrinkage=0.08


Tree=93
num_leaves=31
num_cat=0
split_feature=12 9 9 8 7 12 3 8 5 5 3 2 12 7 2 0 5 9 3 2 4 0 5 1 4 3 2 0 5 4
split_gain=423.597 32617.5 938254 7.5754e+06 8.85498 5.24505 9.73663 6.42486 7.96307 13.9783 5.0958 15.2993 13.149 31.833 12.5774 11.9364 8.87237 8.2595 7.10624 13.1941 9.51715 4.44563 5.6199 4.24761 5.45247 9.01237 3.6322 3.04851 3.07836 2.92362
threshold=0.57517123287671246 0.65868005738880919 0.66376811594202911 0.72513736263736273 1.0000000180025095e-35 0.68063171748190399 0.69028213166144214 0.78979857050032498 0.15470085470085473 0.15075757575757578 0.28831168831168835 0.28370221327967809 0.71819765994523299 0.71623364658190547 0.12632978723404256 0.22903981264637005 0.46737588652482276 0.66376811594202911 0.36214605067064082 0.22378716744913932 1.0000000180025095e-35 0.23132664437012265 0.76986128625472905 0.52240802675585296 0.47222222222222227 0.69309262166405039 0.68042553191489374 0.43288288288288296 0.56787469287469305 0.73214285714285732
decision_type=2 2 2 2 2 2 2 2 2 2 2 2 2 2 2 2 2 2 2 2 2 2 2 2 2 2 2 2 2 2
left_child=1 4 3 -3 29 6 7 -2 9 -9 11 12 13 -7 21 -13 -17 -14 19 -16 -20 -12 -23 27 26 -26 -25 -8 -29 -1
right_child=5 2 -4 -5 -6 10 23 8 -10 -11 14 15 17 -15 18 16 -18 -19 20 -21 -22 22 -24 24 25 -27 -28 28 -30 -31
leaf_value=0.008506218586465537 -0.078347059135324096 -0.080001213991639786 -0.082545525516990639 -6769.5652782841344 -0.076786117158416711 0.10947926346186507 -0.00016293381524628761 0.1017198031349822 -0.040602667371325771 1.4078068630298211 -0.074895437154664748 0.11398738044656989 -0.026979332156049449 1.1744052294357996 0.0088950388532021349 1.3540531085381635 0.42212640924747574 0.016731350551551231 0.0094944126787539652 -0.032075614642901165 1.3991738194926177e-05 -0.084289840257658052 0.3532062309707748 -0.070641185153190469 0.81299690281049641 0.0084987453616875448 0.0052888927555811704 0.11390988172586214 0.39266887785170751 0.21614871553714934
leaf_weight=6.4904629162829215 22.005735097575556 0.0093113120547049233 0.30040249660260088 0.001193591487208324 33.569854865697835 2.9536818477135962 1.1090429359692273 2.1614858952016207 7.0062667508241248 0.053747295067296252 17.191560599960216 0.38676231115095916 33.266499147517607 0.1912802172009832 89.059927261398116 0.11146902657492319 0.15813517257629428 164.36057350107876 742.12393557778341 115.60498601003201 7805.4465151013701 0.3953899900225214 0.35811182641191408 10.968107086352576 0.089296724336690114 44.698458774071923 6.3758600913124601 1.1493713017353 0.3252925011111073 0.4650752693414687
leaf_count=6431 541145 949 17593 226 3083401 6192 824 4244 14077 147 1715 31 3000 227 9186 43 7 8275 132100 33574 1107292 34 13 49353 742 89511 23351 235 47 2
internal_value=-0.000720608 -0.2578 -26.0709 -769.245 -0.0597641 0.000437166 -0.0181687 -0.0548568 0.00119922 0.133409 0.000636137 0.0132168 0.0119562 0.174249 0.000347191 0.398823 0.807436 0.00937355 0.000484371 -0.0142472 0.000837108 -0.0665592 0.123636 -0.000465481 -0.00464497 0.0101027 -0.0427283 0.100041 0.175401 0.02239
internal_weight=9108.39 40.8363 0.310907 0.0105049 40.5254 9067.55 95.9427 31.2272 9.2215 2.21523 8971.61 201.428 200.772 3.14496 8770.18 0.656367 0.269604 197.627 8752.24 204.665 8547.57 17.9451 0.753502 64.7154 62.1317 44.7878 17.344 2.58371 1.47466 6.95554
internal_count=5133967 3108602 18768 1175 3089834 2025365 723676 559613 18468 4391 1301689 17775 17694 6419 1283914 81 50 11275 1282152 42760 1239392 1762 47 164063 162957 90253 72704 1106 282 6433
is_linear=0
shrinkage=0.08


Tree=94
num_leaves=31
num_cat=0
split_feature=12 3 3 12 13 8 3 5 5 14 7 14 8 0 4 5 4 0 7 5 5 9 4 1 5 13 11 14 7 6
split_gain=19.9877 9.22546 20.5624 891.548 5.75379 97.8898 9.696 9.26135 8.93069 8.69558 7.70569 30.394 11.8066 5.48945 6.29384 20.8532 17.5634 5.45269 4.9044 4.81367 4.80286 4.55923 3.39326 3.37424 6.27944 3.91081 2.64371 2.21989 2.43794 2.17099
threshold=0.58092087124345193 0.72377109317681587 0.72850122850122856 0.37987341772151906 0.16889201657674568 0.51554445876288668 0.36214605067064082 0.63003220611916277 0.77871939736346529 1.0000000180025095e-35 0.70991117344553545 1.0000000180025095e-35 0.8257418909592823 0.73499399759903972 0.68333333333333346 0.25290697674418611 0.61250000000000016 0.17467581998474449 0.97590011614401873 0.045983086680761107 0.15075757575757578 0.54076207354895889 0.73214285714285732 0.11942959001782534 0.93142633228840133 0.087451404430809496 0.45000000000000007 1.0000000180025095e-35 0.43978021978021981 1.0000000180025095e-35
decision_type=2 2 2 2 2 2 2 2 2 2 2 2 2 2 2 2 2 2 2 2 2 2 2 2 2 2 2 2 2 2
left_child=1 -1 3 -3 8 26 7 17 13 -9 11 -8 -12 18 16 -16 -15 -7 19 -2 -20 22 29 -10 25 -25 -6 28 -28 -4
right_child=4 2 21 -5 5 6 10 9 23 -11 12 -13 -14 14 15 -17 -18 -19 20 -21 -22 -23 -24 24 -26 -27 27 -29 -30 -31
leaf_value=-0.080668973050729439 0.074815124783548112 73.046216895910973 -0.085130690351235591 -0.080002059731238001 -0.080043785466426196 0.067605215620186454 0.028297969263822772 -0.013977753443371018 -0.062464947173069975 0.070198342454191529 -0.012781789091870893 -0.0096492886316611268 0.00041158585560255751 0.0086645569510560537 0.0025055715549250168 0.053808375478854212 -0.020670646160196159 -0.024254132920477799 0.054130794447878917 0.01700374153454836 -0.0078961348303736023 0.14151187376875266 0.18327379502112606 0.34542995021536516 0.54755058724231886 -0.021466814277946375 -0.083511320049670226 -0.081652007152999778 0.13487873866458561 -0.0046063818210869481
leaf_weight=29.11554003284391 9.6384420236936403 0.0010939988792405533 3.1736996310814867 0.043291768082326598 103.44395979132878 4.2211926728505196 269.04439377397011 17.403388578534759 15.778622648780582 14.314216627236421 477.51166783671215 271.30465362443738 4775.1816656769079 260.8808069389197 1968.5105333948013 52.048114472345333 261.60186684631481 204.08507240560448 8.8011394552886468 211.23541491668857 86.63536686077714 1.2487432550369693 0.49821999573032449 0.18709466338623926 0.12564241795189346 29.973880093813023 0.48139376125072897 1.1818614056419383 1.0209644038923213 6.5968621785414143
leaf_count=3090287 9324 166 75052 3798 1115495 30 89968 783 5416 932 33923 224617 132501 6918 22648 1002 5821 98320 60 193144 497 2017 32 1797 14 11419 277 1997 234 2517
internal_value=-0.000708174 -0.0566608 0.00379737 1.72238 -0.000456531 -0.00184463 -0.000504802 -0.0162607 0.00247655 0.0240111 0.000148015 0.00924497 -0.000787797 0.00303951 0.00180328 0.00382709 -0.00602329 -0.0223927 0.0129785 0.0195265 -0.00217602 -0.00282563 -0.0203779 -0.0324677 -0.0168398 -0.0191909 -0.0780098 0.000373742 0.064901 -0.0307625
internal_weight=9085.29 40.6775 11.5619 0.0443858 9044.61 6139.19 6033.07 240.024 2905.42 31.7176 5793.04 540.349 5252.69 2859.35 2543.04 2020.56 522.483 208.306 316.31 220.874 95.4365 11.5175 10.2688 46.0652 30.2866 30.161 106.128 2.68422 1.50236 9.77056
internal_count=5131006 3173869 83582 3964 1957137 1699077 581074 100065 258060 1715 481009 314585 166424 239414 36389 23650 12739 98350 203025 202468 557 79618 77601 18646 13230 13216 1118003 2508 511 77569
is_linear=0
shrinkage=0.08


Tree=95
num_leaves=31
num_cat=0
split_feature=12 3 9 3 4 0 0 12 7 2 13 8 3 3 2 8 11 2 14 4 4 14 2 13 7 7 2 2 2 9
split_gain=18760.1 23715.5 734849 9.52475e+06 3527.85 2335.6 103.354 24.6194 8.3054 5.62416 4.53916 87.9304 9.89137 7.87983 12.0014 8.99355 4.64235 3.31963 3.58718 2.79223 2.09254 1.91373 1.94146 1.89224 2.03642 1.37749 1.36326 1.11766 0.801565 2.11837
threshold=0.37987341772151906 0.72377109317681587 0.29895799763669573 0.75716625716625729 0.47222222222222227 0.35948717948717951 0.36032786885245899 0.60538387252535009 1.0000000180025095e-35 0.075498575498575485 0.16750943749946745 0.51554445876288668 0.39736842105263165 0.31662489557226403 0.12632978723404256 0.99629629629629635 0.45000000000000007 0.42179392142327654 1.0000000180025095e-35 0.47222222222222227 0.64583333333333337 1.0000000180025095e-35 0.57932875667429451 0.30278755969299842 0.51639784946236567 0.99629629629629635 0.58578637510513054 0.59317129629629639 0.83752357008170975 0.72928921568627469
decision_type=2 2 2 2 2 2 2 2 2 2 2 2 2 2 2 2 2 2 2 2 2 2 2 2 2 2 2 2 2 2
left_child=1 -1 4 -4 5 -3 -6 8 17 25 13 16 -13 15 -15 -11 -12 18 -2 -20 -8 22 -19 28 -25 -9 -26 -23 -10 -30
right_child=7 2 3 -5 6 -7 20 9 23 10 11 12 -14 14 -16 -17 -18 21 19 -21 -22 27 -24 24 26 -27 -28 -29 29 -31
leaf_value=-0.081176179863584177 0.081351471278187648 -50.34863541661376 -6059.6246481836042 -0.080005379224161552 -2.4663985964471427 -11.838809415912353 0.31103905611351368 -0.076231023045815027 -0.080384876282612275 0.049552417175146871 -0.079165735045136437 -0.012336698041963448 0.0012738711543709531 -0.078106716732238693 0.002499988442811961 0.0066217337315838381 0.026211322675614174 -0.029835461127988943 -0.080298364307182929 0.80806128354851992 -0.086079619395171655 -0.012768863870435684 0.057216542571302362 0.20977031478707919 -0.0913667282733822 -0.026968121376572507 0.033936125397153682 -0.086285441786248973 -0.085891733048896482 0.19920829128505349
leaf_weight=0.7138094253244931 0.36898028075665934 0.014323135766062478 0.0017955144540922055 0.02202500466910351 0.13445167417830817 0.034019502233149979 0.20244049354323579 6.5902892622161717 35.055283788793759 48.392775311319383 94.596896225864839 363.59505083018394 5682.7663478815193 11.872395426966248 2754.5704594112576 88.0593463673722 2.7535110922362938 2.8064625638053249 0.03025897249449272 0.089979453052364988 0.14628525855368935 3.2639186631517978 3.943748664443774 0.25091740448306099 1.1467182014334869 8.0945079028606415 1.0781818876566829 2.2261793265915912 0.54522059338705631 0.24031542241573334
leaf_count=89285 88 66 410 704 50 100 37 2994 3282986 44948 1079884 148521 333543 3754 123526 720 1940 824 133 23 10 2817 1081 223 2175 69 1675 3247 7763 1
internal_value=-0.0012742 -9.72697 -22.1252 -456.829 -2.64362 -23.2486 -0.582057 8.03752e-05 -0.0553219 0.00039248 0.00047278 -0.000759005 0.000455406 0.00307974 0.00215406 0.0218471 -0.0761852 0.000663686 0.205013 0.584498 0.144454 -0.00750372 0.0210239 -0.0739214 -0.00627976 -0.0490765 -0.0306452 -0.0425791 -0.078594 0.00132761
internal_weight=9113.61 1.26915 0.555341 0.0238205 0.53152 0.0483426 0.483177 9112.34 51.0462 9061.29 9046.61 6143.71 6046.36 2902.89 2766.44 136.452 97.3504 12.7295 0.489219 0.120238 0.348726 12.2403 6.75021 38.3166 2.47582 14.6848 2.2249 5.4901 35.8408 0.785536
internal_count=5133597 90662 1377 1114 263 166 97 5042935 3303036 1739899 1736836 1563888 482064 172948 127280 45668 1081824 8213 244 156 47 7969 1905 3294823 4073 3063 3850 6064 3290750 7764
is_linear=0
shrinkage=0.08


Tree=96
num_leaves=31
num_cat=0
split_feature=12 3 1 12 9 10 1 2 14 12 12 10 0 2 3 4 2 5 5 4 4 14 4 6 4 14 6 3 10 8
split_gain=346.717 6165.15 93111.7 66.3064 117.451 5895.89 42865.4 49.1413 208.432 21.8899 4.84728 179.744 809.007 4.68894 4.52247 4.18788 3.4985 2.12242 1.81916 1.53806 0.00110902 4.78959e-05 1.19941e-07 4.46664e-09 4.4151e-10 3.24796e-10 3.18188e-11 2.68289e-11 1.70048e-11 1.53916e-11
threshold=0.36867654573326525 0.72377109317681587 0.69282051282051282 0.37987341772151906 0.2934556574923548 0.32811353070712018 0.4503521126760564 0.48934240362811798 1.0000000180025095e-35 0.57267080745341625 0.57517123287671246 0.70750469043151976 0.37089947089947101 0.075498575498575485 0.18465909090909091 0.73214285714285732 0.81892697466467967 0.31072796934865904 0.070197044334975381 0.64583333333333337 0.58571428571428574 1.0000000180025095e-35 0.31666666666666671 1.0000000180025095e-35 0.47222222222222227 1.0000000180025095e-35 1.0000000180025095e-35 0.99253731343283602 0.46076923076923082 0.38790740176667687
decision_type=2 2 2 2 2 2 2 2 2 2 2 2 2 2 2 2 2 2 2 2 2 2 2 2 2 2 2 2 2 2
left_child=1 24 -3 4 5 7 -7 21 -9 15 11 22 -13 17 -15 16 19 -12 -18 -5 27 -2 -11 29 26 -26 -1 -6 -29 -4
right_child=3 2 23 9 20 6 -8 8 -10 10 13 12 -14 14 -16 -17 18 -19 -20 -21 -22 -23 -24 -25 25 -27 -28 28 -30 -31
leaf_value=-0.080000447333845412 -0.083832269947555965 -796.92793940905392 -0.080003881354316159 -0.07787014361999213 -0.08000051976461682 -0.08000050984040985 -559.2560158271657 20.915599602235243 -0.081076384678745603 -0.080014556720938546 0.01570253951216859 -0.080000849329585941 79.556986306239182 0.045471315946154438 0.00059472797571582657 0.16243446147423377 -0.081769539040522754 -0.061665579431039383 0.17898320390652184 -0.005209102943187759 -0.087792362217875536 -0.08125301660984309 -0.08028725698913329 -0.080106226013379717 -0.08005572830010671 -0.080006309050339661 -0.080006966004366034 -0.080004029645237576 -0.080015407580425468 -0.080014087091625483
leaf_weight=0.28271309452874571 0.090213340634509601 0.0010039276835607696 0.0095791523163883223 29.050108821102647 0.23522953880673142 0.0070815085650792545 0.0010014621075503591 0.0038102942302780099 0.014696987629703478 0.13243440908081439 2.8546894639011944 0.004358654703537467 0.0010045583276223624 14.394861702032356 9033.5832103083012 0.50854352977330464 0.24993110634568338 11.065837256522171 0.54382666151013836 1.9923141342774204 0.22724626950730453 0.094182700287223295 0.011194823124242248 0.0037715036591906845 0.0016025788718252443 0.0018151864273931997 0.0048749512043286805 0.0045264051670540475 0.0010324132053938229 0.0010493487484382067
leaf_count=50771 76 295 420 2995214 37185 1134 134 36 66 13412 462 470 92 2741 2017291 31 2440 4199 3990 1717 40 186 54 18 88 154 124 93 14 28
internal_value=0.000218081 -2.69081 -52.0134 0.000308741 -0.790206 -2.35727 -69.3607 0.31191 4.24174 0.000367764 0.000602248 0.456905 14.8364 0.000594745 0.000666124 -0.0653278 -0.068966 -0.0457997 0.0968798 -0.0732067 -0.0837838 -0.0825149 -0.0800358 -0.0800314 -0.0800009 -0.0800295 -0.0800006 -0.0800006 -0.0800061 -0.0800049
internal_weight=9095.38 0.30641 0.0154039 9095.07 0.679021 0.210986 0.00808297 0.202903 0.0185073 9094.39 9062.05 0.148992 0.00536321 9061.9 9047.98 32.3447 31.8362 13.9205 0.793758 31.0424 0.468035 0.184396 0.143629 0.0144 0.291006 0.00341777 0.287588 0.240788 0.00555882 0.0106285
internal_count=5132975 51898 761 5081077 38964 1632 1268 364 102 5042113 2038721 14028 562 2024693 2020032 3003392 3003361 4661 6430 2996931 37332 262 13466 466 51137 242 50895 37292 107 448
is_linear=0
shrinkage=0.08


Tree=97
num_leaves=31
num_cat=0
split_feature=12 2 2 9 0 12 7 10 1 10 2 3 10 13 5 1 3 5 13 0 2 1 3 3 4 7 11 12 8 2
split_gain=918.572 14820.6 1606.63 56110.6 21017.6 402.354 55918.7 1.87801e+06 5.15066e+06 3215.22 377.884 2118.72 57969.1 45.0813 951.747 39.5841 7.7831 5.74277 12.5412 11.1169 33.0852 41.0927 22.0954 14.8311 10.9275 10.025 9.44962 8.84928 8.15906 6.68467
threshold=0.37987341772151906 0.59317129629629639 0.53694939934473984 0.28248081841432232 0.36882591093117417 0.57517123287671246 0.57267080745341625 0.71081871345029246 0.32200460829493094 0.70042735042735049 0.48934240362811798 0.68237250554323736 0.32811353070712018 0.13527072745278426 0.70087719298245621 0.7435215946843855 0.95040983606557383 0.36055555555555557 0.59383018303113244 0.78319623971797891 0.86425061425061434 0.78319623971797903 0.99253731343283602 0.73401360544217698 0.38750000000000007 0.69852141769949994 0.29166666666666669 0.89687399291008718 0.99629629629629635 0.12632978723404256
decision_type=2 2 2 2 2 2 2 2 2 2 2 2 2 2 2 2 2 2 2 2 2 2 2 2 2 2 2 2 2 2
left_child=1 2 10 4 -4 6 16 9 -9 -8 13 12 -12 -1 -15 -13 -2 19 29 20 21 -7 -22 25 26 -21 -20 -26 -25 -19
right_child=5 -3 3 -5 -6 17 7 8 -10 -11 11 15 -14 14 -16 -17 -18 18 24 23 22 -23 -24 28 27 -27 -28 -29 -30 -31
leaf_value=-0.081338842632743255 -0.07984187240853205 -241.21523784392406 -138.50691484549506 -0.085872006317622568 -605.67833089611258 -0.0043615595108692194 -0.08003311480760697 -0.080000814137464668 -6668.1007718679484 -129.90934993794869 -404.48654365142363 0.74975054318711842 -0.084054567075589032 -0.080000493713127577 -79.932272807568694 -1.273581709412055 0.02697297650821873 -0.023139612770291671 0.29778873188393612 -0.012889533661538702 0.05188683020102159 -0.051086649807635637 -0.49837756198084554 -0.00067309420614143623 0.041667985595781255 0.063636793560983729 0.064457377934641402 0.0050719162477515711 0.015563492121564449 0.0029787077528735883
leaf_weight=0.75214406724498561 24.280410548893549 0.0016585463645896184 0.0011555513050249674 0.068902181453673425 0.0013207797845062041 518.01322577258043 0.12987677704722855 0.002715779602112888 0.0010197928640991449 0.0012323869832471237 0.0023734147475806258 0.09533324309796945 0.051346341453154309 0.02054692285574089 0.0010018500511250741 0.17636052889839063 5.32297714262313 66.728851642357313 1.1778610181063438 15.29475588416244 58.082715812985043 156.96065402846898 0.47081034630536933 6733.8439743266099 61.767392802110408 38.618036317173392 19.51993652805686 134.09332436765544 204.07834746688604 1042.5254235571051
leaf_count=85322 2991632 244 56 597 35 520447 13264 315 215 152 90 187 573 3401 37 34 10829 17838 15 14905 12055 164643 6 814925 685 749 653 5082 36658 435479
internal_value=-0.00127315 -2.24065 -1.90203 -13.5326 -387.678 -0.0009841 -0.294766 -51.6949 -1820.42 -1.30039 -1.14672 -3.43398 -17.9511 -0.184702 -3.79251 -0.563625 -0.0606355 -1.88613e-05 0.0048454 -0.000853657 -0.010223 -0.0152272 0.0474623 0.0001293 0.0224549 0.0419267 0.0777357 0.016613 -0.000195497 0.00140752
internal_weight=9082.09 1.17214 1.17048 0.0713785 0.00247633 9080.91 29.7382 0.134845 0.00373557 0.131109 1.09911 0.325414 0.0537198 0.773693 0.0215488 0.271694 29.6034 9051.18 1325.81 7725.36 733.527 674.974 58.5535 6991.84 216.559 53.9128 20.6978 195.861 6937.92 1109.25
internal_count=5131123 90576 90332 688 91 5040547 3016407 13946 530 13416 89644 884 663 88760 3438 221 3002461 2024140 459752 1564388 697151 685090 12061 867237 6435 15654 668 5767 851583 453317
is_linear=0
shrinkage=0.08


Tree=98
num_leaves=31
num_cat=0
split_feature=12 1 12 10 0 9 7 8 10 11 9 1 8 9 9 9 4 0 2 1 4 12 0 5 11 4 12 1 7 0
split_gain=18.0342 8.65719 6.49859 402.568 572.522 4.55456 15.031 69.1608 10.4963 51.4944 43.6705 34.867 19.9077 18.8538 8.14207 6.58352 4.90109 22.0824 12.9291 3.96888 22.1817 721.893 3.80762 2.03481 1.98379 1.54366 1.27157 0.696703 0.681185 0.187391
threshold=0.57267080745341625 0.75716625716625729 0.57517123287671246 0.70750469043151976 0.28370221327967809 0.65868005738880919 1.0000000180025095e-35 0.49532546963739632 0.83157192123706769 0.18333333333333338 0.90168461750897555 0.97825059101654854 0.75123762376237635 0.72255689424364122 0.53747392071898581 0.70997889659330737 0.68333333333333346 0.97332859174964448 0.96051948051948066 0.7435215946843855 0.47222222222222227 0.40491259795057272 0.52704678362573121 0.64365079365079381 0.45000000000000007 0.47222222222222227 0.47662734818698121 0.7593103448275863 1.0000000180025095e-35 0.5122242098986286
decision_type=2 2 2 2 2 2 2 2 2 2 2 2 2 2 2 2 2 2 2 2 2 2 2 2 2 2 2 2 2 2
left_child=1 19 3 -2 -5 6 16 24 9 10 -7 -11 15 -14 -9 -10 18 -18 -4 -1 -21 -22 23 28 -8 -25 -27 -24 29 -3
right_child=2 22 5 4 -6 8 7 14 12 11 -12 -13 13 -15 -16 -17 17 -19 -20 20 21 -23 27 25 -26 26 -28 -29 -30 -31
leaf_value=-0.080953797495537258 -0.080013749789866875 0.089301082937379164 -0.0068480202585625176 -0.080000749217467942 78.597424142941122 -0.0056013542890100514 -0.07915025471047836 0.002069772453301099 -0.11137937379328319 0.0091831225681505042 0.21129505907777554 0.049006159344760443 0.053147893719613246 -0.001948958861296044 -0.010491006753162897 0.11339180584367804 0.033699632213936036 0.0010773227515050855 0.057793595625852671 -0.16024095727568022 -59.891443175943209 -0.080011319324884395 0.088636192281588005 -0.080645779253860753 0.0051311312597620163 0.08875093244331117 -0.02050143471456339 -0.082079792482682393 -0.080011960412091188 0.16642956247438759
leaf_weight=22.263656705407357 0.11693115389925779 0.25128587081794851 605.47695282166296 0.0014166031928652947 0.0010168100961891469 962.75634619709854 86.227237963047855 663.99246129322341 0.89571834154048602 334.86132745294526 5.9779400426195926 242.68953078665072 40.221404026742675 3384.3434050764063 657.16021728556461 12.100226383674451 142.77784857718507 1900.2492059972137 20.472268544137478 0.53852524128091062 0.0013375339335084382 0.03750016150729607 0.16438051492298233 0.75006329730710675 1.8251987675666885 1.8295309588029343 1.0868278082125469 2.2090466298466254 0.087157130429098451 1.0196874723060316
leaf_count=3048431 13521 225 25298 205 363 8381 1111112 259568 26 182053 40 8870 1768 100551 301765 300 2236 21570 130 4361 153 3667 1072 3770 2064 1889 1984 20212 8036 106
internal_value=-0.000284898 -0.0619631 -7.90871e-05 0.590202 32.7956 -8.68623e-05 -0.00206953 -0.00875352 0.00153551 0.00700952 -0.00426291 0.0259169 -0.000926809 -0.00130185 -0.00417814 0.0978999 0.00145958 0.00335715 -0.00473385 -0.086324 -0.293405 -2.13986 0.0132504 0.0526961 -0.0774032 0.021711 0.0480363 -0.0702562 0.136344 0.15118
internal_weight=9092.39 30.239 9062.15 0.119365 0.00243341 9062.03 4078.18 1409.21 4983.85 1546.29 968.734 577.551 3437.56 3424.56 1321.15 12.9959 2668.98 2043.03 625.949 22.841 0.577363 0.0388377 7.39798 5.02455 88.0524 3.66642 2.91636 2.37343 1.35813 1.27097
internal_count=5133727 3093906 2039821 14089 568 2025732 1723743 1674509 301989 199344 8421 190923 102645 102319 561333 326 49234 23806 25428 3056612 8181 3820 37294 16010 1113176 7643 3873 21284 8367 331
is_linear=0
shrinkage=0.08


Tree=99
num_leaves=31
num_cat=0
split_feature=12 7 10 3 2 1 5 8 10 11 7 5 0 3 8 4 11 5 13 7 5 9 0 10 12 5 3 7 13 3
split_gain=619.139 110871 9.76701e+06 7.32319 4.55437 39.6182 14.5619 13.4774 21.9549 13.8822 15.9672 13.5337 12.1446 11.8685 16.6376 17.2466 11.5439 8.82399 8.76999 8.66847 8.6354 6.96407 10.7789 8.328 6.92518 19.9786 18.0261 6.04877 5.67117 9.73152
threshold=0.57517123287671246 0.57267080745341625 0.70750469043151976 0.92031746031746042 0.68042553191489374 0.66274509803921566 0.050641025641025648 0.90501253132832093 0.92031746031746042 0.45000000000000007 0.88669519548725939 0.52041666666666686 0.42462121212121218 0.77032967032967048 0.90501253132832093 0.94444444444444453 0.45000000000000007 0.18834459459459463 0.15773803956471533 0.92549648451955113 0.38956639566395673 0.45129664769133465 0.22070015220700154 0.59032006245121005 0.90990259740259749 0.12660256410256412 0.96076923076923093 0.72314791079210472 0.93166251556662527 0.77303030303030307
decision_type=2 2 2 2 2 2 2 2 2 2 2 2 2 2 2 2 2 2 2 2 2 2 2 2 2 2 2 2 2 2
left_child=1 3 -3 -1 7 6 12 8 11 -10 -11 18 -6 14 15 -7 -13 27 -2 -14 -16 22 -9 -24 26 -26 -15 -8 -23 -30
right_child=4 2 -4 -5 5 13 17 21 9 10 -12 16 19 24 20 -17 -18 -19 -20 -21 -22 28 23 -25 25 -27 -28 -29 29 -31
leaf_value=-0.079033448929058017 -0.0039096800776607966 -0.080028267937791026 -6993.5400907476478 0.017604109621976841 -1.3736894793277019 -0.012137572169290362 -0.0205088682670404 -0.046793848738103369 -0.025965051765426225 0.12920820857761478 0.61681820059115477 -0.031409056035800298 -0.41010249898615447 -0.0071510656584588264 0.068513502467894574 0.23631492950926117 0.017353188394514881 0.14210271129523144 -0.041059495740152538 0.083001644263855784 -0.061670661336653256 -0.0012772367265048729 0.15808555109432304 0.027383482630389287 0.00026715685026699104 -0.015311540044627137 0.012827824662615624 0.086636801406474936 0.10589299321243231 -0.01219229164185865
leaf_weight=22.049083783017007 52.855351238166577 0.11348306181684975 0.0012926362408727235 6.4976084670497576 0.054845739154187778 53.046682984540894 4.5938002106786398 5.1894468835707839 3.9741165174636972 6.6278943094075657 0.45960051985457528 48.996300093304853 0.42946158784252475 461.26683773782952 47.743428046116605 1.8504991660083749 84.933347755573777 14.939845172953026 176.39549753413053 0.48677556542679667 3.5000208276323965 1029.0723384130997 6.0220360719995352 6.47437308354165 5628.1253933955595 581.25447596759477 774.0264073927392 12.679380472633055 8.5406417154590617 9.3632279764860851
leaf_count=3080884 97840 13520 552 14488 1 117922 4302 247 973 378 42 54434 366 243273 730 164 118995 795 534274 44 76 44316 731 420 627067 24945 149676 1154 323 261
internal_value=-0.00130295 -0.372536 -78.8423 -0.0570374 -0.000123721 0.000659164 0.08788 -0.00425005 -0.017309 0.0937187 0.160828 -0.0206906 -0.217346 0.000275848 0.0268386 -0.00376262 -0.000485801 0.0970812 -0.0324944 -0.148128 0.0596217 0.000340314 0.0501222 0.090369 -0.000102863 -0.00119115 0.00536757 0.0581414 -0.000500617 0.0441377
internal_weight=9051.56 28.6615 0.114776 28.5467 9022.9 7584 33.1841 1438.9 374.242 11.0616 7.08749 363.18 0.971083 7550.81 106.141 54.8972 133.93 32.213 229.251 0.916237 51.2434 1064.66 17.6859 12.4964 7444.67 6209.38 1235.29 17.2732 1046.98 17.9039
internal_count=5133193 3109444 14072 3095372 2023749 1170515 6662 853234 806936 1393 420 805543 411 1163853 118892 118086 173429 6251 632114 410 806 46298 1398 1151 1044961 652012 392949 5456 44900 584
is_linear=0
shrinkage=0.08


Tree=100
num_leaves=31
num_cat=0
split_feature=12 3 3 12 11 5 2 5 1 3 5 2 4 11 1 12 11 4 4 8 8 14 11 5 2 5 5 10 2 2
split_gain=13.948 5.41838 26.3173 966.418 3.79912 3.26617 14.2259 28.7669 25.7659 17.3095 25.1774 24.1855 15.9631 31.1312 18.0821 7.40449 8.4775 7.00275 13.2152 12.2488 19.6691 6.75442 7.66031 14.8058 6.51561 21.9713 14.1713 6.1708 6.08882 5.23927
threshold=0.59781964687759215 0.72377109317681587 0.72850122850122856 0.39455151964418095 0.45000000000000007 0.29679679679679688 0.8447574334898279 1.0000000180025095e-35 0.85053191489361712 0.78346121057118523 0.21498599439775914 0.72481884057971024 0.35416666666666669 0.70833333333333337 0.89512961508248245 0.72245564892623715 0.29166666666666669 0.86607142857142871 0.76388888888888895 0.72513736263736273 0.70750469043151987 1.0000000180025095e-35 0.29166666666666669 0.3133928571428572 0.19859154929577463 0.84045454545454557 0.79008567931456553 0.7814295977011495 0.72834224598930497 0.7228132387706856
decision_type=2 2 2 2 2 2 2 2 2 2 2 2 2 2 2 2 2 2 2 2 2 2 2 2 2 2 2 2 2 2
left_child=1 -1 3 -3 -4 6 7 29 15 11 -11 -9 14 -14 -10 16 -8 18 24 20 -20 22 -19 -24 26 -26 -7 -23 -29 -2
right_child=5 2 4 -5 -6 17 8 9 12 10 -12 -13 13 -15 -16 -17 -18 21 19 -21 -22 27 23 -25 25 -27 -28 28 -30 -31
leaf_value=-0.07481925403937599 0.0040692640864422478 79.468191792515128 -0.034546249025973294 -0.080002593884829901 0.078220581362803229 -0.00019674679203386382 -0.086707666703113112 -0.012839377266548635 0.018719363260006106 -0.050351632102015896 -0.0096749385555093288 0.045897745934670824 0.00048716704625173182 0.040040520620655655 -0.046692941915084031 0.074837705987106359 0.093548881892780239 0.10605336973654242 0.042318793493715118 -0.089239826735133698 0.978793361641071 -0.014203859882201669 -0.48904599182938413 0.029464521168031152 0.0046566240453737601 0.11337188956968117 -0.053250695952638816 -0.11421324507021419 0.097974185366487457 0.026366205592802287
leaf_weight=21.539714855635189 168.832907256417 0.0010056796108156565 12.29965162525764 0.03479235016243365 2.2640059998318511 201.61969689736907 4.1853488094238847 320.4171067189875 38.603669464569975 183.03872211447106 208.11494508631904 52.170190450314067 5933.8640681377692 130.14622622796742 90.340591921238229 38.58399660298528 2.7782123525030329 12.617405699056691 2.4964051180650162 16.406109270406887 0.15229659434407938 18.952879908294566 0.38961963797919352 3.6944698752486147 1431.9390338566345 11.997140819010381 38.351207435687684 0.99339709500782092 6.7232984945876524 112.31522652181593
leaf_count=3231931 42209 264 90735 4206 5994 38673 5384 279363 1438 104012 50579 67686 670460 35538 10006 4595 65 584 918 285 3 2445 30 188 447723 592 10542 19 168 26690
internal_value=0.000284252 -0.0493167 -0.0116908 2.15476 -0.017016 0.000482767 -0.000262254 -0.00890133 0.00118471 -0.016955 -0.0287094 -0.00461492 0.000743793 0.00133606 -0.0271096 0.0611347 -0.0147917 0.00359001 0.00278155 -0.0634678 0.0961648 0.0353341 0.0752287 -0.0200011 0.00353122 0.0055599 -0.00867562 0.0103506 0.0706586 0.0129766
internal_weight=9065.86 36.1392 14.5995 0.035798 14.5637 9029.72 7283.39 1044.89 6238.5 763.741 391.154 372.587 6192.95 6064.01 128.944 45.5476 6.96356 1746.33 1702.96 19.0548 2.6487 43.3711 16.7015 4.08409 1683.91 1443.94 239.971 26.6696 7.7167 281.148
internal_count=5133325 3333130 101199 4470 96729 1800195 1298025 570539 727486 501640 154591 347049 717442 705998 11444 10044 5449 502170 498736 1206 921 3434 802 218 497530 448315 49215 2632 187 68899
is_linear=0
shrinkage=0.08


Tree=101
num_leaves=31
num_cat=0
split_feature=12 2 0 3 3 7 3 3 13 1 12 3 7 10 11 9 11 2 14 9 7 10 10 9 5 3 7 12 0 5
split_gain=8963.21 676791 23614.6 30835.2 1.36764e+06 1706.27 95211.2 677129 64.0522 917.141 13.7049 11.911 5.69154 18.082 27.5474 23.7307 19.4989 41.3612 16.9099 13.992 11.0194 24.0247 34.7544 22.4318 13.7571 18.8002 14.2036 4.65772 8.33496 9.38337
threshold=0.39455151964418095 0.60791925465838526 0.37884436160298235 0.72377109317681587 0.81302966101694929 0.37987341772151906 0.72377109317681587 0.83935483870967753 0.13527072745278426 0.45867486338797819 0.65989690721649474 0.70479302832244017 0.88669519548725939 0.90125367590156336 1.0000000180025095e-35 0.8508192712154562 0.18333333333333338 0.44033898305084751 1.0000000180025095e-35 0.81106578276389618 0.92549648451955113 0.87206764866339348 0.9417420814479639 0.90168461750897555 0.044466403162055343 0.81016731016731025 0.9417420814479639 0.6224318658280924 0.62115563839701782 0.050641025641025648
decision_type=2 2 2 2 2 2 2 2 2 2 2 2 2 2 2 2 2 2 2 2 2 2 2 2 2 2 2 2 2 2
left_child=1 2 5 -4 -5 8 -7 -8 -1 -10 11 -2 13 16 19 -16 18 -18 -12 -15 21 23 -23 -14 26 -26 -22 28 -13 -30
right_child=10 -3 3 4 -6 6 7 -9 9 -11 12 27 20 14 15 -17 17 -19 -20 -21 24 22 -24 -25 25 -27 -28 -29 29 -31
leaf_value=-0.098164725076178072 -0.06591834683699048 -1757.4458189090694 -0.080001362712293508 -2236.9408647717587 -0.082710989991284622 -0.080000400965335214 -2213.4856428614776 -0.080005062680016822 -0.080000358508381289 -78.692318019193848 0.0046810868266771834 0.012196690506106956 -0.0059252433088981607 -0.018199431695136305 0.040438962502327584 -0.04569920382467399 -0.015617650273860901 0.023397878919494422 -0.005456139859357583 0.051749226184848916 0.025716702742835138 -0.041643286351787961 0.0054961173351963603 0.038002358657645285 0.0034549445161277752 -0.015379518700813825 0.0028717648528191115 -0.031224822847153177 1.3759000619913462 0.22556445956781393
leaf_weight=0.9708086285258346 36.776743078213123 0.0014112030489742402 0.049946739820143159 0.0018239847057174635 0.042751140550080891 0.3253139597190966 0.0010120151305272884 0.0070238123903436644 0.014246590486436617 0.0010176522264373497 1870.5273211181557 26.089467679425209 368.62896372500109 21.02407771977596 32.937764033122221 54.072284317866433 243.62917809762985 607.58746219761815 2409.9751086164415 141.364553119638 205.94324487895938 259.47430050704861 162.96367655994254 93.212050143221859 754.30443978612311 616.32208034646465 1129.3339217077591 24.625374250324967 0.054934446736296105 0.26100476202373102
leaf_count=86869 3370542 380 9217 263 207 65106 191 178 3235 286 247217 143752 7976 111 2637 5001 191561 22666 828016 695 4522 4937 3709 2675 16793 20386 33057 59107 671 1606
internal_value=-0.000753197 -6.36658 -4.6189 -43.2458 -91.6135 -1.85171 -6.79967 -278.832 -0.179013 -5.32101 0.000241373 -0.0312106 0.000549212 0.0021951 0.023231 -0.0130915 0.00117276 0.0122311 -0.0010263 0.0426931 -0.00191771 -0.00967074 -0.0234583 0.00294054 0.000615952 -0.00501424 0.0063952 -0.00619744 0.0171428 0.425581
internal_weight=9060.52 1.41536 1.41394 0.0945219 0.0445751 1.31942 0.33335 0.00803583 0.986073 0.0152642 9059.11 87.8075 8971.3 5381.12 249.399 87.01 5131.72 851.217 4280.5 162.389 3590.18 884.279 422.438 461.841 2705.9 1370.63 1335.28 51.0308 26.4054 0.315939
internal_count=5133569 165932 165552 9687 470 155865 65475 369 90390 3521 4967637 3575678 1391959 1297904 8444 7638 1289460 214227 1075233 806 94055 19297 8646 10651 74758 37179 37579 205136 146029 2277
is_linear=0
shrinkage=0.08


Tree=102
num_leaves=31
num_cat=0
split_feature=12 3 12 12 10 14 11 10 13 13 2 3 12 9 1 4 1 3 2 2 4 1 8 13 14 0 0 4 12 5
split_gain=13.4563 5.80204 4.97417 9.60169 817.877 9.3031 14.5036 13.1465 11.8972 9.29396 7.54136 6.81524 5.34449 20.8658 7.49695 16.9576 11.3835 4.32344 19.7911 14.9856 24.2102 19.2342 14.3158 9.89422 3.06417 3.26789 2.49899 2.97858 2.01046 4.45125
threshold=0.57267080745341625 0.92031746031746042 0.8166139695314748 0.57517123287671246 0.6906926406926408 1.0000000180025095e-35 0.45000000000000007 0.80473787496495675 0.59383018303113244 0.50588561141116206 0.81302966101694929 0.88303693570451447 0.85839598997493749 0.97182539682539681 0.94201680672268928 0.61250000000000016 0.86526825332795487 0.80277777777777792 0.7228132387706856 0.87298335467349564 0.94444444444444453 0.86729559748427687 0.76239567992145318 0.85199108883319419 1.0000000180025095e-35 0.52240802675585296 0.42462121212121218 0.64583333333333337 0.37553418803418809 0.22335600907029482
decision_type=2 2 2 2 2 2 2 2 2 2 2 2 2 2 2 2 2 2 2 2 2 2 2 2 2 2 2 2 2 2
left_child=1 28 3 4 -2 6 7 -5 11 -8 -10 -7 13 14 16 -16 -4 18 23 20 -19 -21 -20 -14 25 26 -3 -28 29 -1
right_child=2 24 12 5 -6 8 9 -9 10 -11 -12 -13 17 -15 15 -17 -18 19 22 21 -22 -23 -24 -25 -26 -27 27 -29 -30 -31
leaf_value=-0.59327879226935964 -0.080023622704671379 -0.084101242090494799 0.0033806414407184472 -0.00032985388090700805 66.258715441388972 -0.031112485395766613 0.030993976191417447 -0.047417186768920594 0.062387228182174105 -0.039286898690822018 -0.083825817698572488 -0.00943759519034266 -0.0010086287363529802 0.61946108674943801 0.06336655403304578 0.0075180896137103893 -0.058838760251686557 -0.016960805711849717 -0.036123187688958718 0.093169735764393358 0.018827755873726672 -8.5402668793445341e-05 0.049680713008516307 0.038796956318086016 -0.057988207070964332 -0.08303744134275115 0.072651456371818107 0.27565756934833174 -0.07898744281696142 -0.1099601756860126
leaf_weight=0.15640152033898991 0.086839889257588676 0.40420694476978347 132.89310710216887 200.45049308068724 0.0012059322953064102 160.24335692521777 116.77086548732859 46.808917124392792 17.935305071994666 13.426894302130675 2.582766422070562 220.73026694639748 957.87726599142115 0.35791408782824774 41.947724492369161 204.07221871323782 21.924060317163821 733.90541817456688 14.49272638059483 14.18923418966733 144.84950094785017 5857.4690045756361 88.060032401292119 41.704404166084714 2.7226466188674854 0.83018017500398844 1.5806778644800945 0.65392434933164612 16.804798414335853 0.55370149346662012
leaf_count=22838 13156 600 27834 197122 890 711046 130644 14323 190 447 31 123122 42489 20 4154 49390 7763 32402 7933 1554 10508 662658 1543 974 11662 1003 919 181 3005557 50943
internal_value=-0.000834343 -0.0610278 -0.000676366 -0.006787 0.828594 -0.00688142 0.00213541 -0.009244 -0.0153585 0.0237461 0.0439823 -0.0185544 -9.96082e-05 0.00890666 0.00836149 0.0170406 -0.00543041 -0.000559748 0.00408591 -0.00131824 -0.0110616 0.000139954 0.0375549 0.000652134 0.00553747 0.0553958 0.0989475 0.132058 -0.084559 -0.216412
internal_weight=9056.49 23.7065 9032.78 779.037 0.0880458 778.949 377.457 247.259 401.492 130.198 20.5181 380.974 8253.74 401.195 400.837 246.02 154.817 7852.55 1102.13 6750.41 878.755 5871.66 102.553 999.582 6.19164 3.46899 2.63881 2.2346 17.5149 0.710103
internal_count=5133896 3093703 2040193 1190971 14046 1176925 342536 211445 834389 131091 221 834168 849222 89161 89141 53544 35597 760061 52939 707122 42910 664212 9476 43463 14365 2703 1700 1100 3079338 73781
is_linear=0
shrinkage=0.08


Tree=103
num_leaves=31
num_cat=0
split_feature=12 12 10 3 2 3 0 5 12 2 5 5 12 12 13 5 5 12 0 14 7 5 12 5 7 2 4 2 9 12
split_gain=2251.15 543277 4.40908e+07 9.08774 2.99737 4.65756 13.5586 21.8542 14.5284 6.27965 8.43366 5.7233 4.38812 12.985 3.24992 12.4594 3.13941 2.40049 4.89391 8.03121 2.19051 2.65711 2.17595 13.9727 827.571 2.0966 1.9769 1.55259 0.302922 0.546755
threshold=0.57517123287671246 0.57267080745341625 0.68457101658255248 0.92031746031746042 0.075498575498575485 0.18465909090909091 0.091966173361522255 0.63003220611916277 0.8898225957049487 0.091966173361522255 0.93142633228840133 0.24283374283374287 0.93643953676272573 0.8898225957049487 0.080014040014040042 0.61043360433604354 0.85329985652797713 0.55403151065801681 0.54669987546699883 1.0000000180025095e-35 0.99629629629629635 0.57947368421052647 0.37553418803418809 0.22335600907029482 1.0000000180025095e-35 0.10128205128205127 0.73214285714285732 0.81892697466467967 0.92549648451955113 0.951918631530282
decision_type=2 2 2 2 2 2 2 2 2 2 2 2 2 2 2 2 2 2 2 2 2 2 2 2 2 2 2 2 2 2
left_child=1 3 -3 22 20 6 7 11 -9 14 16 -6 13 -8 15 -7 -11 18 27 -20 28 -22 23 24 -1 -14 -24 -5 -2 -30
right_child=4 2 -4 17 5 9 12 8 -10 10 -12 -13 25 -15 -16 -17 -18 -19 19 -21 21 -23 26 -25 -26 -27 -28 -29 29 -31
leaf_value=-67.566164305000697 -0.085451971698568358 -0.080028723469753676 -16686.37856087527 0.013686905325148702 0.18559410808344987 0.35479124463635964 -0.061583811323587999 1.4199511958036928 0.40916654281034365 0.00051092304296517128 0.30021487161146299 0.00026255556204479431 -0.10429695380487805 0.25101721275545813 -0.096595589973985929 -0.056187270886766658 0.030657477319855731 -0.081539381564760025 1.1756595610842993 -0.080395190588668855 0.045114226712553628 -0.051760841828655826 -0.080572325361572106 -0.11589809683932613 -0.080480749760202044 -0.0096136899193110976 0.14563925437955672 0.11616555499749297 0.00027355387448214788 -0.088448894615668613
leaf_weight=0.0011854283525901668 4.1495071230219747 0.082989057437770408 0.0010259914706693954 4.5049595732161825 1.9338824332698994 0.53404524305687839 2.1797180810626728 0.10656044843744883 0.62356953136622906 8922.1033809053642 0.60125241340574476 2.3774266729269584 2.6762921013869345 1.3945134623209012 6.4198224034807936 4.0705809760752345 22.163067876026616 1.1208261681513247 0.063463571055763168 0.066947294406418112 3.292774923145771 4.0294731482863426 15.109207917619084 0.7610334932917171 0.061337932852275401 3.3959976998157799 0.25136230258795045 1.1977311484151867 0.85209376690909244 0.92939932754961774
leaf_count=87 4418 13004 1085 8324 204 208 1908 127 7 2011532 34 423 23 30 827 2110 3803 2978 118 1076 22 43 3005903 50914 22905 23 11 1876 24 19
internal_value=-0.00148434 -0.788134 -203.853 -0.0507985 0.000549049 0.000605216 0.0456176 0.15194 0.556688 0.000531394 0.000605764 0.0833949 -0.00994821 0.0603798 -0.0598095 -0.00852192 0.000585623 0.0256879 0.0462916 0.530855 -0.037468 -0.00819665 -0.0836628 -0.210348 -1.35999 -0.0513443 -0.0768706 0.0352104 -0.0736056 -0.0460127
internal_weight=9007.06 23.2221 0.084015 23.1381 8983.83 8970.58 14.688 5.04144 0.73013 8955.89 8944.87 4.31131 9.64652 3.57423 11.0244 4.60463 8944.27 6.95393 5.8331 0.130411 13.2532 7.32225 16.1841 0.823557 0.0625234 6.07229 15.3606 5.70269 5.931 1.78149
internal_count=5134066 3108281 14089 3094192 2025785 2021259 2745 761 134 2018514 2015369 627 1984 1938 3145 2318 2015335 14372 11394 1194 4526 65 3079820 73906 22992 46 3005914 10200 4461 43
is_linear=0
shrinkage=0.08


Tree=104
num_leaves=31
num_cat=0
split_feature=12 3 3 12 8 10 7 10 9 14 2 10 10 9 7 5 8 5 8 8 4 5 4 0 12 13 2 2 14 12
split_gain=8.06946 5.32439 44.4675 860.198 4.50857 43.1485 11.193 20.1538 22.5793 18.0319 14.311 21.0447 14.1374 10.2152 10.1749 13.0699 9.48973 25.6982 9.31371 9.26903 7.70948 7.52168 12.8806 9.36846 7.06767 5.89857 18.3684 6.4516 4.63497 3.03796
threshold=0.57919331037875077 0.72377109317681587 0.72850122850122856 0.41774643267180583 0.94474969474969483 0.97259759759759767 0.88669519548725939 0.92031746031746042 0.90168461750897555 1.0000000180025095e-35 0.20144927536231885 0.87206764866339348 0.96039215686274526 0.92549648451955113 0.9417420814479639 0.80810147299509005 0.96178188899707895 0.6478537360890303 0.92990501146413374 0.96178188899707895 0.5634920634920636 0.044466403162055343 0.73214285714285732 0.57307060755336625 0.7590571802706243 0.21212893854403295 0.22048611111111113 0.58578637510513054 1.0000000180025095e-35 0.93643953676272573
decision_type=2 2 2 2 2 2 2 2 2 2 2 2 2 2 2 2 2 2 2 2 2 2 2 2 2 2 2 2 2 2
left_child=1 -1 3 -3 5 6 7 9 -9 -2 11 -8 -12 18 15 16 17 -6 20 25 -7 23 -23 -21 -18 26 -16 -27 -20 -15
right_child=4 2 -4 -5 14 13 10 8 -10 -11 12 -13 -14 29 19 -17 24 -19 28 21 -22 22 -24 -25 -26 27 -28 -29 -30 -31
leaf_value=-0.080314751163159157 0.0038580044774678634 72.438964314098399 -0.010483993638641975 -0.080001066313681965 0.019708355670387045 -0.046851418971391362 0.26392329463767006 0.043496856687632451 -0.060122828556853386 -0.0057503898500364335 -0.014161603730040972 -0.010670819087937766 0.026412409602084314 0.26708143541322271 -0.001857074290674803 -0.085182515299669123 0.18668290774665092 0.25505775580676732 0.035503290670599083 0.058684160589413815 0.12236450681624403 0.0005720643629130431 -0.027557246657719053 0.0062520563296357161 0.0022875477427675285 -0.075488618611280742 0.53414979085968517 -0.011303849669732214 -0.13566366520515208 0.14997130774757264
leaf_weight=13.346218806608491 2358.4862114968792 0.0011031597056793121 9.6534165414976041 0.020500436635984443 330.18189901430014 1.9968417804921088 2.9974659752624566 111.7987256141987 15.300791414716512 2659.723051386819 784.08659650047775 4.4204890183464158 59.103632688929792 1.8850790247670364 1.9429971980280236 8.9451435781083983 1.3353874562599219 2.9962654069822738 2.4019003137946129 22.403004299500026 12.571948576834984 998.19919526798185 116.32395266729873 823.80148081490188 350.60640106379287 10.340433129458686 0.51833218010142434 326.14453751349356 1.7502851823810477 5.7173997081117705
leaf_count=3073716 496216 469 77741 3474 5203 79 349 3064 720 1374375 12976 583 723 54 185 217 190 288 169 694 114 25409 3450 29600 18622 1144 65 3439 12 76
internal_value=-0.000253913 -0.0475575 -0.0023705 3.62309 -0.000133128 -0.00139447 -0.00184315 -0.000437763 0.0310227 -0.00123458 -0.0103443 0.100288 -0.0113176 0.100805 0.00240419 0.0108937 0.0121481 0.0218248 0.0690472 -0.00015802 0.0991713 0.00195367 -0.00236382 0.00764018 0.00298721 -0.0123737 0.111021 -0.0132763 -0.0366493 0.179009
internal_weight=9039 23.0212 9.67502 0.0216036 9015.98 6022.24 5995.92 5145.31 127.1 5018.21 850.608 7.41795 843.19 26.3235 2993.74 694.065 685.12 333.178 18.721 2299.67 14.5688 1960.73 1114.52 846.204 351.942 338.946 2.46133 336.485 4.15219 7.60248
internal_count=5133416 3155400 81684 3943 1978016 1889510 1889006 1874375 3784 1870591 14631 932 13699 504 88506 24520 24303 5491 374 63986 193 59153 28859 30294 18812 4833 250 4583 181 130
is_linear=0
shrinkage=0.08


Tree=105
num_leaves=31
num_cat=0
split_feature=12 2 3 3 0 3 3 2 8 3 12 12 3 3 3 2 10 8 0 2 5 1 13 3 9 2 2 1 14 2
split_gain=22021.9 213169 365637 841648 28574.7 148851 1.35114e+07 5588.07 9605.32 2685.71 207353 7.68038 6.63581 4.59602 15.3804 10.4199 18.7278 24.5367 8.9923 8.19861 11.4234 6.40858 5.64842 5.21864 5.24155 3.81512 2.40284 2.22902 1.7686 2.5849
threshold=0.41774643267180583 0.58578637510513054 0.72377109317681587 0.78629976580796257 0.39314988290398134 0.73252032520325217 0.69666329625884738 0.55351882160392807 0.37987341772151906 0.72377109317681587 0.39455151964418095 0.60538387252535009 0.74322344322344336 0.30901856763925734 0.36214605067064082 0.29459980713596917 0.99593495934959353 0.78979857050032498 0.24283374283374284 0.14415584415584423 0.85329985652797713 0.26568627450980403 0.23158166804967967 0.35388994307400384 0.8771316745876433 0.14907407407407411 0.69804355850867483 0.95040983606557383 1.0000000180025095e-35 0.48435972629521024
decision_type=2 2 2 2 2 2 2 2 2 2 2 2 2 2 2 2 2 2 2 2 2 2 2 2 2 2 2 2 2 2
left_child=1 4 -3 -4 7 6 -6 9 -9 -1 -11 12 -2 15 23 18 17 -17 21 22 -21 -13 -16 24 -15 -20 28 -28 29 -14
right_child=11 2 3 -5 5 -7 -8 8 -10 10 -12 13 26 14 19 16 -18 -19 25 20 -22 -23 -24 -25 -26 -27 27 -29 -30 -31
leaf_value=-0.080017845940920776 -0.074352174122017056 -0.080000857582477269 -3004.684316129159 -0.080001425873980347 -0.080000772479869656 -0.085065409441118234 -8563.8638190962665 -0.080001086818697387 -308.46436100854874 -0.49533341489419974 -352.46269440838762 0.014480884538815198 0.10292493560853043 -0.038063694885259916 -0.06224069648702283 2.007991967335069 0.87072852667828649 -0.083731897495758517 0.10352045391456133 0.00015454210538133996 0.065961358206457515 0.61059678041179599 0.1998166058924101 -0.082586868400144522 -0.007430408623810311 -0.038027033033832522 0.033959731384619142 0.22718763522698124 -0.0534374731142057 -0.015793499115805739
leaf_weight=1.2252287142848119 16.583602858833942 0.0041004601140457201 0.0010117804813044827 0.0014543250304086541 0.084745616256668543 0.30622251103773124 0.0011957331266785323 0.0017143611932376448 0.0010376661101645368 0.63141951292317244 0.010897243563249503 234.11463549930704 1.4727787935107688 66.429894005300412 17.165980528659933 0.03831285083651792 0.25056715775281191 0.56782307760295225 1.2732625543467317 8532.2224924434158 16.915917929991338 0.11547674581197398 0.54305125225800921 9.5706725355566942 77.399028790416196 28.419754684440704 2.5524975335490576 0.44934138729149697 5.0256372153990183 5.781730253384012
leaf_count=357905 2913998 1286 338 172 21492 1059 335 571 303 1885 658 44235 2238 77627 4040 351 6 115 571 1576827 1181 54 9 11033 3738 20491 23724 52 57262 10600
internal_value=-0.00208425 -7.88238 -463.031 -1232.79 -6.56136 -26.1955 -119.231 -2.44447 -116.358 -2.27661 -6.46665 -0.000101233 -0.0393071 3.78114e-05 -0.000277471 0.0104213 0.288972 0.0484825 0.00951711 0.000172114 0.000284752 0.0147748 -0.0542047 -0.0253852 -0.0215789 -0.0319574 -0.00127722 0.0628838 -0.0169612 0.0083082
internal_weight=9019.16 2.26903 0.00656657 0.00246611 2.26246 0.392164 0.0859413 1.8703 0.00275203 1.86755 0.642317 9016.89 31.8656 8985.03 8720.25 264.78 0.856703 0.606136 263.923 8566.85 8549.14 234.23 17.709 153.4 143.829 29.693 15.282 3.00184 12.2801 7.25451
internal_count=5134156 386004 1796 510 384208 22886 21827 361322 874 360448 2543 4748152 3007874 1740278 1674455 65823 472 466 65351 1582057 1578008 44289 4049 92398 81365 21062 93876 23776 70100 12838
is_linear=0
shrinkage=0.08


Tree=106
num_leaves=31
num_cat=0
split_feature=12 5 0 12 9 10 10 10 8 9 2 7 8 9 7 3 7 13 3 12 2 2 4 4 2 0 2 4 4 6
split_gain=10.7729 52.1434 3898.18 6.04498 4.31017 42.8841 19.7991 19.2085 29.9751 26.0757 12.4333 11.7434 11.3463 9.88089 8.60503 8.76761 7.36092 3.85537 3.84647 3.2591 3.13933 1.76579 1.67044 1.45747 1.35762 0.816928 0.0156453 0.00469493 0.00346008 0.000306658
threshold=0.37553418803418809 0.22335600907029482 0.37248718959400873 0.54953443503061838 0.97182539682539681 0.97259759759759767 0.97259759759759767 0.9417420814479639 0.91864313292884725 0.92549648451955113 0.25677655677655681 0.97590011614401873 0.94474969474969483 0.8771316745876433 0.88669519548725939 0.91476997578692509 0.95861872146118743 0.13124919892335304 0.92031746031746042 0.40155038759689932 0.091966173361522255 0.81892697466467967 0.73214285714285732 0.73214285714285732 0.96362433862433872 0.39314988290398134 0.48934240362811798 0.41428571428571431 0.58571428571428574 1.0000000180025095e-35
decision_type=2 2 2 2 2 2 2 2 2 2 2 2 2 2 2 2 2 2 2 2 2 2 2 2 2 2 2 2 2 2
left_child=1 2 -1 18 6 10 7 9 -9 -5 17 -12 13 -8 15 -7 -14 -6 22 25 -16 23 28 -21 -23 -20 -3 -28 -2 -30
right_child=3 26 -4 4 5 14 12 8 -10 -11 11 -13 16 -15 20 -17 -18 -19 19 21 -22 24 -24 -25 -26 -27 27 -29 29 -31
leaf_value=-0.080806244486266582 -0.08007213384181032 -0.081012994164202171 -158.31941130697041 -0.0012082706308313869 0.059643830674620243 -0.032642350830638107 -0.068406819533647328 0.034730905903756076 -0.02066103418278839 0.027853196358963495 0.01258688911911568 0.06872825059546124 0.0036938794638243962 0.094509505586675396 -0.041759842750531115 0.18728793933325413 0.040575565419940472 -0.059264519577180208 -0.081211114922825817 -0.041545539178640851 -0.0015344241710736845 0.14586071166491482 0.13157928302079128 0.15558432382056173 -0.089368893808906905 0.39612273035901874 -0.10861047829754622 -0.087045434614833592 -0.084473221221291722 -0.088517029370834041
leaf_weight=0.068234942169027799 9.8053299155231404 0.27585549952519073 0.0010111261082110931 6876.9639252968063 2.1850069714710108 1.8683343371376384 2.6779543510056127 70.040938560530776 582.60013892245479 203.44297562073916 32.330773218185641 90.85899030265864 92.331233580585831 21.60093877883628 12.581412708386777 3.0602850873256102 55.421358985942788 8.667912839795461 0.026593360217701867 3.5342925281438515 950.01889443324762 0.72655326598032832 0.24298494248432767 0.25752442365046579 0.20032258287028526 0.16733626799941703 0.389994793255937 0.07744118674463607 0.8441953401911072 0.13991092385276716
leaf_count=22199 2704471 50453 803 2285825 15 42 98 1151 10481 6068 689 1496 4289 377 108 97 997 109 340 7531 32425 324 5 11 1574 180 734 96 1117 40
internal_value=-0.00044666 -0.291729 -2.39139 -0.000420429 -0.000333302 0.00435485 -0.000986595 -0.00158375 -0.0147164 -0.000373241 0.0467623 0.0539941 0.0258564 0.0765399 -0.00152033 0.103917 0.017528 -0.0353248 -0.0496346 0.00924795 -0.00206018 -0.00396177 -0.0758545 -0.0281573 0.0950213 0.330666 -0.0961215 -0.105038 -0.080526 -0.0850481
internal_weight=9023.41 0.812538 0.0692461 9022.6 9006.65 1101.57 7905.08 7733.05 652.641 7080.41 134.043 123.19 172.031 24.2789 967.529 4.92862 147.753 10.8529 15.945 4.91262 962.6 4.71869 11.0324 3.79182 0.926876 0.19393 0.743291 0.467436 10.7894 0.984106
internal_count=5134145 74285 23002 5059860 2344267 34981 2309286 2303525 11632 2291893 2309 2185 5761 475 32672 139 5286 124 2715593 9960 32533 9440 2705633 7542 1898 520 51283 830 2705628 1157
is_linear=0
shrinkage=0.08


Tree=107
num_leaves=31
num_cat=0
split_feature=12 3 10 6 12 9 12 0 10 8 9 10 13 10 8 10 8 9 8 2 11 14 10 11 9 5 4 5 5 10
split_gain=6.03947 10.3255 11.5608 5.30619 9.01121 985.905 6.07941 6.81305 3.94146 17.9704 12.4687 34.9354 20.3171 14.785 24.1659 15.5445 14.2946 33.2904 12.3578 11.0235 8.86836 28.1835 20.3518 7.84958 11.5441 8.00488 18.8355 7.41183 13.3858 13.3373
threshold=0.63438086303939978 0.56465997770345611 0.66369047619047639 1.0000000180025095e-35 0.37553418803418809 0.29666299963329673 0.6224318658280924 0.62115563839701782 0.96039215686274526 0.92990501146413374 0.8771316745876433 0.92031746031746042 0.85199108883319419 0.87206764866339348 0.92990501146413374 0.9417420814479639 0.96178188899707895 0.90168461750897555 0.91864313292884725 0.26158232359230227 0.22500000000000003 1.0000000180025095e-35 0.88548009367681513 0.18333333333333338 0.90168461750897555 0.26365441906653431 0.41428571428571431 0.58898944193061853 0.58411949685534603 0.99593495934959353
decision_type=2 2 2 2 2 2 2 2 2 2 2 2 2 2 2 2 2 2 2 2 2 2 2 2 2 2 2 2 2 2
left_child=1 -1 3 4 5 -3 7 -5 10 23 11 20 -13 16 19 -16 17 -12 -14 -15 22 -22 -2 24 -10 26 -25 28 -11 -30
right_child=8 2 -4 6 -6 -7 -8 -9 9 27 13 12 18 14 15 -17 -18 -19 -20 -21 21 -23 -24 25 -26 -27 -28 -29 29 -31
leaf_value=-0.074139715410153628 -0.0027956163613008095 -79.646709032229836 0.095975266063071163 0.014817896953351284 -0.062660397445918378 -0.084421996353351098 -0.084473786122356231 0.36930775342050043 0.016829387463768556 0.0031195554444992599 -0.0036526985055105928 0.021455577085787766 0.058719655358983873 0.057310999875469594 0.0099273500912878138 -0.017604559798906329 -0.018712226847668045 0.067082019531494716 0.15895649530326506 -0.0356579728104384 -0.0051192653086676067 0.018452195319841186 0.032139303565008832 -0.47797584019821848 0.090414981949971995 0.079118523762418902 -0.027424607140464186 -0.014301910628058204 -0.037042577583603124 0.25966466182228531
leaf_weight=19.244868468216723 4755.0014351367481 0.001005445643146737 6.3909724796121727 16.202891748196784 9.6027482304815752 0.11569384737069711 4.2878269941793397 0.35458078822557482 25.762485532555729 1344.4070035475015 133.37814443086972 59.433084865995625 19.042810358805582 8.4058280989993346 255.62258407002082 269.73973412899068 96.296679920982569 62.55383440235164 13.418447691889012 281.96361009418615 727.74089401481979 586.09196014849476 109.17448978958419 0.70596037633367714 29.007496505975723 2.5369365909136832 3.7390373160596937 167.08198848558823 1.559097779681905 2.5643832746427506
leaf_count=3247918 1133225 595 5732 8700 326891 3933 1005 144 112 41965 2102 2247 244 1718 6589 5282 4748 1145 283 5735 133380 195945 742 156 135 212 121 2567 29 64
internal_value=-0.000478492 -0.0266218 -0.0018766 -0.0223371 -0.0711521 -0.769906 0.000423752 0.0224094 -0.000314424 0.00331535 -0.00109046 0.00029205 0.0492556 -0.00891402 -0.0144453 -0.00420851 0.00652613 0.0189303 0.100154 -0.0329666 -0.000436254 0.0053958 -0.00201152 0.0456184 0.0558021 -0.0342677 -0.0989817 0.00159176 0.00356097 0.147479
internal_weight=9011.43 56.2006 36.9557 30.5647 9.71945 0.116699 20.8453 16.5575 8955.23 1577.36 7377.86 6269.9 91.8943 1107.96 815.732 525.362 292.229 195.932 32.4613 290.369 6178.01 1313.83 4864.18 61.7519 54.77 6.98193 4.445 1515.61 1348.53 4.12348
internal_count=5133664 3594918 347000 341268 331419 4528 9849 8844 1538746 45361 1493385 1466066 2774 27319 19324 11871 7995 3247 527 7453 1463292 329325 1133967 736 247 489 277 44625 42058 93
is_linear=0
shrinkage=0.08


Tree=108
num_leaves=31
num_cat=0
split_feature=2 1 3 5 14 3 11 5 8 9 10 3 2 5 2 10 8 0 0 2 5 12 3 5 13 0 0 11 7 11
split_gain=7.09966 35.9012 15.7009 13.204 11.744 23.9142 23.0424 11.1563 20.5349 23.3494 15.167 11.271 30.1706 10.2276 9.84078 10.6613 8.98529 23.2921 41.0248 12.4989 10.5569 10.0308 9.28767 8.41905 8.1261 9.60245 7.82945 7.28791 6.71094 29.1497
threshold=0.68042553191489374 0.61064030131826763 0.81120250685468098 0.050641025641025648 1.0000000180025095e-35 0.82972848596410509 0.45000000000000007 0.52041666666666686 0.91864313292884725 0.97182539682539681 0.56691542288557228 0.41444372153545878 0.33520599250936339 0.03509852216748769 0.20144927536231885 0.88548009367681513 0.73375527426160347 0.91476997578692509 0.92907444668008055 0.7228132387706856 0.40967365967365971 0.99629629629629635 0.74133811230585434 0.16869918699186995 0.098497136975999905 0.084219858156028407 0.64461454346637515 0.29166666666666669 0.88669519548725939 0.29166666666666669
decision_type=2 2 2 2 2 2 2 2 2 2 2 2 2 2 2 2 2 2 2 2 2 2 2 2 2 2 2 2 2 2
left_child=7 3 16 4 -2 -6 -7 8 9 14 11 13 -13 -10 15 -1 17 20 -19 21 -3 -18 -21 -16 25 -12 -9 -5 29 -4
right_child=1 2 28 27 5 6 -8 26 10 -11 24 12 -14 -15 23 -17 19 18 -20 22 -22 -23 -24 -25 -26 -27 -28 -29 -30 -31
leaf_value=0.0023122878504677328 -0.051014505371414769 -0.021074122690843546 -0.00075939048941635117 0.014531704043903351 -3.0182502473385155 -2.2214255311840949 0.080908095115559076 0.0017318539172833502 0.785641615982269 1.8894466645847972 -0.012996245196852947 0.86781584126183742 0.13147157667473378 -0.082801771764538984 -0.016956824967551958 0.18268380472585757 -0.046645078740537187 1.1758158967720596 0.1213527208385656 0.08923791602487853 0.1013303858464786 0.040194220318872896 0.033191542337938695 -0.047152861806058988 -0.0057889053875090227 0.1213672850989132 0.09343920799050702 0.12789982092017332 -0.0037827195125569851 0.020218252347501055
leaf_weight=15.882528579621125 0.59130003021891753 64.515532057358541 4289.0303363962921 4.4516122775019111 0.026190599812255466 0.035468783288706618 0.12902631424367428 602.31084684198345 0.09231300702367562 0.040547724813221886 6.5609332596432051 0.41545454310926322 2.4937471195130456 1.4507505520814445 100.57920380571647 2.4163427627672709 20.197025709936497 0.253621274408942 3.4252971760215587 23.683104088806431 4.8482982470086418 14.715601939591577 94.149971748061944 143.2708654426213 559.56032313474452 7.0747342059439688 6.0175559116032664 19.642004009851235 2533.4327125254786 470.43593111004611
leaf_count=184979 214 185927 914482 8046 55 306 18 895271 28 1 79 51 200 423 957342 388 365 81 850 387 7184 218 1596 1869594 27323 110 1708 1356 60607 15225
internal_value=-0.000480696 0.00050424 0.000186793 0.0964532 -0.227071 -0.773009 -0.415526 -0.00561127 -0.0115873 -0.0301552 -0.00315949 0.143926 0.236627 -0.0308476 -0.0304521 0.0261301 0.0209637 -0.00211448 0.194046 0.0319996 -0.0125185 -0.0100425 0.0444562 -0.0346981 -0.00430196 0.056717 0.00263902 0.106954 -0.000456461 0.00131409
internal_weight=8991.73 7543.56 7518.69 24.8756 0.781986 0.190686 0.164495 1448.17 839.838 262.189 577.648 4.45227 2.9092 1.54306 262.149 18.2989 225.788 73.0427 3.67892 152.746 69.3638 34.9126 117.833 243.85 573.196 13.6357 608.328 24.0936 7292.9 4759.47
internal_count=5134414 1196917 1186922 9995 593 379 324 3937497 3040518 3012304 28214 702 251 451 3012303 185367 196608 194042 931 2566 193111 583 1983 2826936 27512 189 896979 9402 990314 929707
is_linear=0
shrinkage=0.08


Tree=109
num_leaves=31
num_cat=0
split_feature=1 4 8 3 4 4 1 3 10 5 4 0 5 0 3 5 8 2 3 1 0 1 2 4 5 1 0 4 12 4
split_gain=5.22385 13.1684 29.0434 24.9511 37.2635 18.2555 17.0778 23.3865 14.3289 13.1737 12.0451 16.1946 13.8342 11.9509 11.6818 10.362 9.72269 9.28791 12.5745 36.2189 25.178 29.6943 20.5312 20.19 18.1859 15.9909 15.9665 13.849 10.4191 9.90569
threshold=0.9294019933554819 0.41428571428571431 0.99629629629629635 0.89564428312159727 0.19090909090909094 0.61250000000000016 0.93440860215053767 0.88067796610169491 0.99593495934959353 0.37965517241379315 0.19090909090909094 0.95419580419580419 0.059714795008912663 0.86425061425061434 0.98147512864494013 0.52440476190476204 0.88153818115545846 0.92907444668008055 0.90521114106019784 0.82446311858076571 0.81120250685468098 0.80322580645161301 0.76689497716894983 0.16025641025641027 0.17902930402930406 0.84292763157894746 0.31643132220795894 0.27922077922077926 0.88084316295325482 0.5634920634920636
decision_type=2 2 2 2 2 2 2 2 2 2 2 2 2 2 2 2 2 2 2 2 2 2 2 2 2 2 2 2 2 2
left_child=17 3 5 4 -2 9 -6 -8 14 13 16 15 -13 -3 -7 -12 -5 18 20 26 21 22 -1 24 -22 -23 -20 -21 -25 -29
right_child=1 2 -4 10 6 8 7 -9 -10 -11 11 12 -14 -15 -16 -17 -18 -19 19 27 23 25 -24 28 -26 -27 -28 29 -30 -31
leaf_value=-0.0051576658699661986 0.053614100762238444 0.045332682519728711 0.046077517846078928 -0.028764970888838386 -0.60427427042522519 0.011278704828588624 -0.10891885433415124 -0.48365597324800519 0.086114324560030209 -0.0094006762874726622 0.015151580359408659 -0.0059766152333403386 -0.17452031705421522 0.013671319698957116 -0.0015475658652000996 -0.061963174710739484 0.087666887698363533 0.040898954712714604 -0.11682626422593037 -0.14441361990995283 -0.22569199766906295 -0.08488597774968111 0.045702661109108464 -0.0032802001952172699 0.059468566896457541 -0.020632467593885564 0.056381575665131321 -0.022210524114098854 0.033036131547299272 -0.065786758177360863
leaf_weight=1270.2672441648106 3.5652938021152325 108.59669382029824 91.537011083972175 7.68801866129981 0.85343745298268903 492.31416988384626 3.6623857179986183 1.5033496621299489 12.230093998776281 102.24679162467692 32.998551890462288 5.0269046369940034 8.2026086678742995 256.55039497010148 5909.6251994850554 16.844595090129907 11.391169609734787 29.355569694820815 3.7118908570391076 7.503951135035094 3.9525353880235334 43.250983461303576 52.912552973564289 68.147284953010967 2.2438922094079317 58.073012455464777 41.343749372280925 129.75303024346931 195.90866390948577 44.952592342926437
leaf_count=3951378 962 13128 37723 6052 51 108912 1048 85 1663 36749 6103 82 149 12859 701117 8713 579 15048 633 314 906 83316 25458 24557 104 51514 2700 27789 8346 5726
internal_value=-9.63844e-05 0.000915644 0.0013118 -0.0291969 -0.151346 0.000716333 -0.272748 -0.217976 -0.000395949 0.0159805 -0.0149461 -0.031794 -0.110478 0.0230876 -0.000561216 -0.0109095 0.0407503 -0.00376037 -0.00444246 -0.0221128 -0.00207289 -0.00632007 -0.00312382 0.020314 -0.122428 -0.0480596 0.0421119 -0.0379938 0.0236637 -0.0334229
internal_weight=9016.21 7064.84 6973.1 91.7363 9.58447 6881.56 6.01917 5.16574 6414.17 467.394 82.1518 63.0727 13.2295 365.147 6401.94 49.8431 19.0792 1951.38 1922.02 227.265 1694.76 1424.5 1323.18 270.252 6.19643 101.324 45.0556 182.21 264.056 174.706
internal_count=5133764 935975 912151 23824 2146 874428 1184 1133 811692 62736 21678 15047 231 25987 810029 14816 6631 4197789 4182741 37162 4145579 4111666 3976836 33913 1010 134830 3333 33829 32903 33515
is_linear=0
shrinkage=0.08


Tree=110
num_leaves=31
num_cat=0
split_feature=1 8 4 10 3 2 3 4 2 5 0 13 1 4 2 4 13 4 3 3 0 13 4 10 5 4 7 5 2 4
split_gain=3.79905 20.4784 12.0789 11.754 11.7478 12.1327 26.0106 47.8151 24.7732 24.5174 22.7328 29.9003 17.411 29.5965 20.4729 13.2621 11.3672 10.002 12.5587 8.28471 7.91823 11.3845 7.6122 21.0633 19.5035 47.9565 18.1233 17.1889 16.9139 7.24542
threshold=0.95040983606557383 0.99629629629629635 0.35416666666666669 0.99593495934959353 0.95293466223698786 0.86425061425061434 0.82446311858076571 0.41428571428571431 0.64660633484162899 0.19782608695652179 0.73499399759903972 0.59383018303113244 0.88416815742397159 0.35416666666666669 0.88416815742397148 0.22649572649572652 0.59383018303113244 0.31666666666666671 0.938137755102041 0.94201680672268906 0.83047895500725699 0.50588561141116206 0.73214285714285732 0.57659713168187754 0.16869918699186995 0.94444444444444453 0.90645833333333348 0.044466403162055343 0.99295774647887336 0.68333333333333346
decision_type=2 2 2 2 2 2 2 2 2 2 2 2 2 2 2 2 2 2 2 2 2 2 2 2 2 2 2 2 2 2
left_child=4 3 17 22 5 6 10 8 -8 -9 11 -1 19 16 -15 -12 -14 -3 -19 29 21 -6 23 27 28 -26 -25 -2 -24 -7
right_child=1 2 -4 -5 20 12 7 9 -10 -11 15 -13 13 14 -16 -17 -18 18 -20 -21 -22 -23 24 26 25 -27 -28 -29 -30 -31
leaf_value=-0.00073597890655601058 0.055432428012666589 0.063432311883878656 0.051773579181624174 0.074513049019481387 -0.061474360124540529 0.046345776429737619 -0.071902476568603116 -0.079763130817603389 0.017762343122814783 0.0049423585093872962 -0.058567678717337791 -0.062971742834509112 0.07260456580124626 -0.10987599425212909 0.017318968350589679 0.041379198311763225 -0.056797205809210029 -0.14750630290252356 0.016960500035852998 -0.072394421462628908 -0.058515249569542134 0.057132407465383735 0.018427559826178812 0.027122508253075536 -0.02878058447175439 0.039031640545442191 0.00066521509587728585 -0.009991895998077328 -0.00046490338444554714 0.69514079293777631
leaf_weight=1156.9399335218961 27.237234595964082 5.9483859057072559 77.261162862530909 13.775559921050442 9.6132011026884374 84.44840393775462 23.324974481521735 104.35848922250761 127.614209208381 27.666907097002991 9.2226940540349442 51.609510465059429 4.6921518515846392 8.3528736424268555 266.21102697145488 107.94994821101136 58.657915774732828 5.8264861712232232 6.0640391586348414 3.8776205135825412 39.506987841512455 11.22961874376051 323.57492839381302 380.09388851065523 371.46123689526576 81.36307127695909 293.77041969425045 455.68836390771207 4836.0551948205612 0.11030504056543478
leaf_count=3951442 3257 614 36976 1877 2705 19934 13588 66732 39918 19903 225 535 1723 1813 17719 64469 1499 107 640 1340 4153 352 26708 8578 40639 5542 3506 238689 558363 17
internal_value=0.000299303 0.00120784 0.0380737 0.000690972 -0.00268298 -0.00165144 -0.00483146 -0.0268501 0.00390624 -0.0620125 -0.000131772 -0.00339368 0.0103473 0.00207682 0.0134494 0.0335123 -0.0472128 -0.0212611 -0.06363 0.0419487 -0.0374674 0.00242816 0.000540742 0.00644988 -0.000677197 -0.0165961 0.0155885 -0.00630193 0.000719896 0.0471921
internal_weight=8973.51 6878.12 95.1001 6783.02 2095.39 2035.04 1608.69 282.965 150.939 132.025 1325.72 1208.55 426.35 337.914 274.564 117.173 63.3501 17.8389 11.8905 88.4363 60.3498 20.8428 6769.24 1156.79 5612.45 452.824 673.864 482.926 5159.63 84.5587
internal_count=5133563 925496 38337 887159 4208067 4200857 4156812 140141 53506 86635 4016671 3951977 44045 22754 19532 64694 3222 1361 747 21291 7210 3057 885282 254030 631252 46181 12084 241946 585071 19951
is_linear=0
shrinkage=0.08


Tree=111
num_leaves=31
num_cat=0
split_feature=12 9 10 7 10 10 9 10 8 9 12 5 14 7 5 8 5 4 0 1 1 5 0 3 10 1 0 12 5 10
split_gain=6.89401 4.50685 27.8839 15.8654 13.9264 14.8468 17.7177 50.3582 16.6569 13.534 11.8696 11.0493 10.0129 9.3436 8.08123 6.83833 6.36744 5.59762 5.24056 4.62001 4.11951 11.6884 7.81964 3.8532 4.18967 11.107 985.056 3.77992 3.98697 3.54979
threshold=0.59781964687759215 0.97182539682539681 0.97259759759759767 0.88669519548725939 0.97259759759759767 0.9417420814479639 0.92549648451955113 0.92031746031746042 0.91864313292884725 0.8771316745876433 0.96808149405772503 0.36899313501144165 1.0000000180025095e-35 0.97590011614401873 0.63733075435203113 0.92990501146413374 0.3465463108320252 0.94444444444444453 0.53427230046948371 0.96362433862433872 0.227922077922078 0.79205974842767313 0.17467581998474449 0.49018097805159805 0.66369047619047639 0.3816526610644258 0.37786843447220814 0.86526825332795487 0.50423728813559332 0.96039215686274526
decision_type=2 2 2 2 2 2 2 2 2 2 2 2 2 2 2 2 2 2 2 2 2 2 2 2 2 2 2 2 2 2
left_child=23 4 13 27 5 6 9 -8 12 -2 17 15 -7 29 -13 -12 -15 19 -10 -6 22 -22 -5 -1 -25 26 -26 -4 -29 -3
right_child=1 2 3 20 10 8 7 -9 18 -11 11 14 -14 16 -16 -17 -18 -19 -20 -21 21 -23 -24 24 25 -27 -28 28 -30 -31
leaf_value=-0.08194959569410154 0.00017490128228593655 0.0536172014571022 0.26587301155506771 0.004610217981800775 0.0076137244256795295 0.0024070423623954837 0.061208227074531579 -0.018967083246432793 0.012468743165821359 -0.012643489977643349 0.095202736158703657 0.30663750548913365 0.066817518071584051 0.060825713309496321 0.038066486145111128 0.027182797892624115 0.0050271001670199444 0.11721162759318535 -0.019283500296653832 -0.036124488572931143 0.00091315253888110432 0.12025020243807971 -0.028997252257106362 -0.034357297140775671 -0.080534085564512609 0.051567169012358138 79.888780071374981 0.14727285614444954 -0.080311814236542309 -0.0076308927518558339
leaf_weight=9.5362686366216511 6219.6559464932161 7.6012123804539433 1.2905855001299631 90.819406964932568 42.419742021040292 45.448502880055457 105.71789628447732 95.367891364672687 35.443690481304657 575.97375439936877 10.563193994807078 1.6780863008461886 23.398878571169917 81.601653219258878 1.2520048283040521 90.513484461116605 15.589240759145467 2.3534720034804186 541.59826569177676 24.315932774799876 773.80356546567054 5.288602026179432 86.521920377854258 13.82939921522283 0.067648635276781888 2.2124689558762611 0.0010003903951201201 2.5590415876358752 0.61009975231718261 29.794445267645642
leaf_count=2765386 1726083 385 20 588 1763 779 3821 2292 4028 14327 91 36 395 1325 18 2978 235 73 6466 838 31302 105 715 556268 7565 4746 233 105 10 398
internal_value=-0.000227778 -0.000108576 0.00469695 -7.97524e-05 -0.000782138 -0.00129035 -0.000219037 0.0231839 -0.0128956 -0.000911541 0.0216568 0.0387309 0.024298 0.0388006 0.191879 0.0342913 0.0518757 -0.00404657 -0.0173332 -0.00832281 -0.0007817 0.00172323 -0.0117863 -0.0416454 -0.0177883 0.0826624 1.08482 0.15046 0.10346 0.00481867
internal_weight=8936.83 8911.18 1095.48 960.893 7815.7 7642.6 6996.72 201.086 645.889 6795.63 173.096 104.007 68.8474 134.587 2.93009 101.077 97.1909 69.0891 577.042 66.7357 956.433 779.092 177.341 25.6468 16.1105 2.28112 0.068649 4.45973 3.16914 37.3957
internal_count=5133374 1799176 35188 32845 1763988 1758191 1746523 6113 11668 1740410 5797 3123 1174 2343 54 3069 1560 2674 10494 2601 32710 31407 1303 3334198 568812 12544 7798 135 115 783
is_linear=0
shrinkage=0.08


Tree=112
num_leaves=31
num_cat=0
split_feature=1 7 10 0 1 3 7 9 3 1 3 5 0 4 4 2 2 0 4 1 5 1 3 5 5 10 2 2 5 7
split_gain=74.4466 5793.48 111880 1.26829e+06 8.45998e+06 3.53798e+07 40.8151 61.6799 5002.53 24.8827 23.5001 22.5265 972.732 18.5879 14.0879 13.366 12.8178 12.1623 11.2774 91.2597 11.0811 9.7571 26.0731 11.8908 30.7283 9.75592 9.66178 8.00555 7.47761 7.46451
threshold=0.41897974493623413 0.59720876138786594 0.66369047619047639 0.37786843447220814 0.3816526610644258 0.45222154595252601 0.60069930069930078 0.66376811594202911 0.5300120048019209 0.60158730158730167 0.49018097805159805 0.62622549019607854 0.34094447327452004 0.31666666666666671 0.47222222222222227 0.64660633484162899 0.50301204819277123 0.37786843447220814 0.31666666666666671 0.4217939214232766 0.14119601328903655 0.62910052910052927 0.74322344322344336 0.26365441906653431 0.29679679679679688 0.8128434065934067 0.61257406188281782 0.7435215946843855 0.14119601328903655 0.86769720390997962
decision_type=2 2 2 2 2 2 2 2 2 2 2 2 2 2 2 2 2 2 2 2 2 2 2 2 2 2 2 2 2 2
left_child=1 2 -1 -4 5 -5 7 11 -9 10 18 -3 -13 17 15 29 25 20 -2 -20 -8 22 23 28 -25 -16 -19 -17 -11 -12
right_child=9 6 3 4 -6 -7 13 8 -10 21 14 12 -14 -15 16 27 -18 26 19 -21 -22 -23 -24 24 -26 -27 -28 -29 -30 -31
leaf_value=-0.080000706738574012 -0.065996274438228447 -0.089395312970125776 -0.080086290959623135 -0.080000409222497917 -0.080000590871268359 -16828.13968280371 -0.02998276677398817 -0.080984937435899254 -135.92819810718592 -0.15445831450837263 0.063977574757323505 -0.080041024826901216 -79.917551141083791 1.5560675027137678 0.26902754216538582 0.1717575027938365 -0.021740344111255024 -0.049308273938606748 8.1568687169156107 -0.081217786683704149 -0.0001504735811777715 -0.00050218821676453686 0.067966409216369678 -0.80369709764343411 -0.096844248994639226 0.78954132183352399 0.12311684615811944 0.067066218313253115 0.011745848742752165 0.014313499288680847
leaf_weight=8.1114191370244235 14.347272444703304 0.36047343542486388 0.36066684042259645 0.0036728940169723492 0.028665853099482774 0.001022102388787971 87.968372477622324 0.096370920146455319 0.0017666779135652169 5.5198870808579823 29.001364559178953 0.03862371714103574 0.0010020347540375943 0.048814027586557951 0.62906172031375607 6.9920060919571823 0.54994495632364249 51.037470600844244 0.0097115163055158105 0.075608159456351132 846.47477893126097 7810.5945097438716 6.0029512946234709 0.58852895474558309 1.1883962629334517 0.36368988361209631 2.1682283853042454 14.104588718319347 2.5248949203643178 58.312363731849473
leaf_count=2851693 119693 20187 83629 958 7259 477 77235 2615 108 6400 129696 3017 94 28 1674 1137 2226 44126 40 1735 343351 1415020 2312 1070 2918 6 86 8659 4822 1156
internal_value=-0.00264881 -0.0232591 -2.10224 -43.7318 -515.654 -3663.55 -0.00536525 -0.729256 -2.52651 -6.51275e-05 0.0354349 -0.288419 -2.09893 -0.00500009 0.0480331 0.0446172 0.288085 -0.00507724 -0.0605429 0.856483 -0.00295888 -0.000629332 -0.0633837 -0.143664 -0.330958 0.459715 -0.0422816 0.101764 -0.102294 0.0308095
internal_weight=8947.51 996.701 8.50545 0.394028 0.0333608 0.004695 988.196 0.498237 0.0981376 7950.8 124.386 0.400099 0.0396258 987.698 109.953 108.41 1.5427 987.649 14.4326 0.0853197 934.443 7826.42 15.8247 9.82171 1.77693 0.992752 53.2057 21.0966 8.04478 87.3137
internal_count=5133427 3434863 2944016 92323 8694 1435 490847 26021 2723 1698564 266022 23298 3111 464826 144554 140648 3906 464798 121468 1775 420586 1432542 17522 15210 3988 1680 44212 9796 11222 130852
is_linear=0
shrinkage=0.08


Tree=113
num_leaves=31
num_cat=0
split_feature=12 2 5 2 1 3 1 3 2 4 0 4 2 5 5 6 3 3 7 5 7 2 5 0 5 0 12 7 5 3
split_gain=4.82365 4.60572 5.04014 13.9892 24.4155 18.2093 16.6756 14.6739 13.3047 10.9721 8.68303 5.28757 4.75349 11.2089 8.4422 2.30304 5.52813 919.167 1.90917 2.93184 1.36022 1.15132 1.32052 2.06117 0.504689 0.0158414 0.00735126 0.00254729 0.00156943 0.00144984
threshold=0.52322070452911584 0.075498575498575485 0.29679679679679688 0.83047895500725699 0.85934065934065951 0.85053191489361712 0.96051948051948066 0.97915762049500665 0.7974358974358976 0.41428571428571431 0.82426470588235301 0.94444444444444453 0.16530054644808742 0.86425061425061445 0.76095238095238105 1.0000000180025095e-35 0.72850122850122856 0.72377109317681587 0.99629629629629635 0.57947368421052647 0.90645833333333348 0.81892697466467967 0.68469785575048747 0.4673758865248227 0.79205974842767313 0.37884436160298235 0.93643953676272573 0.95861872146118743 0.13100686498855837 0.99253731343283602
decision_type=2 2 2 2 2 2 2 2 2 2 2 2 2 2 2 2 2 2 2 2 2 2 2 2 2 2 2 2 2 2
left_child=15 18 3 5 7 8 -7 -5 -3 -6 12 20 14 -14 -4 -1 17 -17 26 -20 -12 22 25 -24 -21 -18 28 -28 -2 -30
right_child=1 2 10 4 9 6 -8 -9 -10 -11 11 -13 13 -15 -16 16 21 -19 19 24 -22 -23 23 -25 -26 -27 27 -29 29 -31
leaf_value=-0.080345130268168391 -0.087721755549919289 -0.0068698752056962509 0.00069507896185322729 0.043679143937732361 -0.022323765591976238 -0.052426400534626189 -0.0064863212582971499 -0.31153802486877097 0.037123006985639667 0.00058126892559567966 0.48235785236339407 -0.014860084923238648 0.0047392787186431333 0.093312670247863189 -0.046958354814955333 -0.086587589635310047 -0.10331680641787223 74.024810035222828 0.03803552538911991 -0.093551154664765102 0.26243616430998268 0.14437577218271583 -0.023343436508949204 0.22904171023328132 -0.033303045834129595 -0.083874452568765398 -0.093265048834909089 -0.087170739017238416 -0.082408126358656478 -0.087924782450557487
leaf_weight=7.0267069805422411 0.55385385119916319 615.43498389524621 100.85304066456115 94.5331239367124 136.85983730101361 108.898638080517 94.407545347268751 0.7501911219660532 47.384227233381125 6080.4553279783458 0.289731832614051 0.39446034065622371 1591.1463746655731 9.1968193243626484 31.139118579083515 0.13578259101404766 0.35167279542619567 0.001079551973816705 2.9615436717867851 2.1742473244667058 0.47520588175393641 0.2487765021942322 1.2781014570827451 0.24713687866096723 1.5063502043485639 1.1301240589327788 0.86846876027993836 0.88751720980508253 2.534315063778195 0.34659167358586263
leaf_count=2370913 300 887610 41669 25835 12903 62661 10945 16 29596 724511 67 20 931581 1238 22791 2600 27 61 21 18 16 3 134 10 24 912 20 20 8609 41
internal_value=0.000190008 0.000253524 0.000319747 -0.000615133 0.00069299 -0.0101492 -0.0310936 0.0408824 -0.00372487 7.70675e-05 0.00419126 0.22305 0.00404479 0.00524829 -0.0105471 -0.0542106 -8.22454e-05 0.497994 -0.0496241 -0.0212169 0.345735 -0.0210195 -0.0347029 0.0175509 -0.0688935 -0.0884887 -0.0859742 -0.0901848 -0.0838216 -0.0830718
internal_weight=8934.47 8924.05 8912.22 7178.72 6312.6 866.125 203.306 95.2833 662.819 6217.32 1733.49 1.1594 1732.34 1600.34 131.992 10.4194 3.39267 0.136862 11.8329 6.64214 0.764938 3.25581 3.00704 1.52524 3.6806 1.4818 5.19075 1.75599 3.43476 2.88091
internal_count=5135172 2760512 2751459 1754077 763265 990812 73606 25851 917206 737414 997382 103 997279 932819 64460 2374660 3747 2661 9053 63 83 1086 1083 144 42 939 8990 40 8950 8650
is_linear=0
shrinkage=0.08


Tree=114
num_leaves=31
num_cat=0
split_feature=12 2 3 3 13 2 3 3 3 8 3 13 8 0 2 9 10 10 10 2 0 5 1 5 1 14 4 5 11 10
split_gain=304.232 1004.19 3170.44 533427 610407 56.0049 840.619 49602.4 12.8763 209.838 1437.58 6.00974 77.0168 9.80512 8.27806 6.4951 8.90259 7.91024 6.36404 4.05203 4.95032 7.03371 6.93731 16.0028 6.75391 6.03495 5.44823 3.65558 2.64829 3.10928
threshold=0.52213082647865272 0.52240802675585296 0.72850122850122856 0.72377109317681587 0.17169961304256534 0.48934240362811798 0.72850122850122856 0.71563342318059309 0.99253731343283602 1.0000000180025095e-35 0.73401360544217698 0.16750943749946745 0.53390804597701169 0.19859154929577463 0.26030491247882559 0.2797849462365592 0.51530771633864425 0.46894290123456794 0.88548009367681513 0.075498575498575485 0.74133811230585434 0.63733075435203113 0.84889995848899968 0.19782608695652179 0.10620300751879698 1.0000000180025095e-35 0.68333333333333346 0.58898944193061853 0.29166666666666669 0.36451048951048959
decision_type=2 2 2 2 2 2 2 2 2 2 2 2 2 2 2 2 2 2 2 2 2 2 2 2 2 2 2 2 2 2
left_child=1 5 3 -3 -5 8 7 -7 9 10 -1 19 28 14 18 16 -15 -17 -14 -2 21 25 23 -22 -23 -21 -24 -16 -13 -30
right_child=11 2 -4 4 -6 6 -8 -9 -10 -11 -12 12 13 15 27 17 -18 -19 -20 20 22 24 26 -25 -26 -27 -28 -29 29 -31
leaf_value=-26.51219675673164 -0.043835047751818783 -0.083521059209208867 -0.039676578167047546 -2701.7357893153198 -0.080000238598261539 -0.080567416239538212 -0.088312797144022806 -449.07096105500335 0.097254652870504735 -0.080034095750626727 -0.082174062080904581 -0.079085830074673208 0.00012417690806433408 0.15054966607993289 0.12040644585194506 -0.072337651454983665 1.1238408214119107 0.00026333971004610017 -0.054592779043507324 0.033255485231019385 0.037502509438797481 -0.050170057280795079 -0.0057097350293862526 0.40152564713868899 0.0040041213967577094 0.0081526904118913064 0.0036515579757921942 0.0007617182051283042 0.27533233500868171 -0.030400164728805169
leaf_weight=0.015133062522377186 11.697942772408167 0.26262899439429044 0.68094364759724724 0.0010067899881960321 0.001142722711136912 0.087511850611236286 1.125315316394552 0.0016035957596614572 1.7260236441653996 5.3325032927374281 0.10158095863383636 82.926568551199807 19.387024523400214 0.66580600523047806 3.0317197825643225 9.6204548224159208 0.066119573962168943 5869.3230682363755 45.607002717268188 112.88570779923202 11.511197584190082 17.643728690237594 495.08848370903797 0.82852044792161983 89.130580572292502 134.10908709867817 2026.6958472785482 3.5459366634022444 0.22488388311876306 3.9919982497792716
leaf_count=811 9201 34182 19104 513 385 18660 4423 467 4224 2269890 147 1199209 288 1800 79 43059 24 837682 524 123152 2517 10823 9459 261 118974 357604 23650 30 320 42226
internal_value=-0.000316614 -0.456773 -2.92805 -10.3562 -1265.48 -0.178199 -0.680614 -8.15996 -0.0931643 -0.153479 -3.50907 0.000160138 -0.00127736 -0.000184065 -0.029616 0.000174202 0.238473 0.000144534 -0.0382713 0.00315372 0.00334405 0.0122089 0.0021065 0.061944 -0.00494779 0.0196256 0.00181371 0.0559074 -0.0759409 -0.0140956
internal_weight=8947.32 9.33539 0.945722 0.264779 0.00214951 8.38967 1.21443 0.0891154 7.17524 5.44922 0.116714 8937.98 6038.39 5951.25 71.5717 5879.68 0.731926 5878.94 64.994 2899.59 2887.89 353.769 2534.12 12.3397 106.774 246.995 2521.78 6.57766 87.1435 4.21688
internal_count=5133688 2352806 54184 35080 898 2298622 23550 19127 2275072 2270848 958 2780882 2125241 883486 921 882565 1824 880741 812 655641 646440 610553 35887 2778 129797 480756 33109 109 1241755 42546
is_linear=0
shrinkage=0.08


Tree=115
num_leaves=31
num_cat=0
split_feature=12 3 0 12 7 3 2 7 9 10 10 10 9 11 9 8 7 8 7 2 2 11 12 4 3 3 8 5 3 3
split_gain=9.01288 8.4062 33.2535 175.116 804.177 789.233 63.0586 1374.02 5.56922 29.5745 12.4731 11.1177 13.2211 33.0964 13.7374 11.9909 10.0135 9.64177 9.11131 8.86283 14.8678 8.20475 7.83284 8.03977 7.4018 7.04167 5.14701 4.84592 4.36893 4.02004
threshold=0.51181395348837222 0.93440860215053778 0.44033898305084751 0.44529914529914533 1.0000000180025095e-35 0.88416815742397148 0.47320574162679435 1.0000000180025095e-35 0.97182539682539681 0.97259759759759767 0.97259759759759767 0.9417420814479639 0.92549648451955113 0.36666666666666675 0.90168461750897555 0.91864313292884725 0.97590011614401873 0.85313725490196091 0.86769720390997962 0.25677655677655681 0.27072835547411828 0.87500000000000011 0.96808149405772503 0.94444444444444453 0.938137755102041 0.96490147783251234 0.90501253132832093 0.58898944193061853 0.25265957446808518 0.7974358974358976
decision_type=2 2 2 2 2 2 2 2 2 2 2 2 2 2 2 2 2 2 2 2 2 2 2 2 2 2 2 2 2 2
left_child=1 2 -1 4 5 -4 7 -5 10 16 11 12 14 -14 -2 17 27 -13 -11 28 -21 -17 23 25 29 -12 -26 -10 -18 -24
right_child=8 -3 3 6 -6 -7 -8 -9 9 18 22 15 13 -15 -16 21 19 -19 -20 20 -22 -23 24 -25 26 -27 -28 -29 -30 -31
leaf_value=-0.065754996676340507 0.00045139535768866308 0.028242935254480007 -71.725412882793449 -38.759270373204131 -0.080000363201649827 -0.080134266372765939 -0.081987389781058392 -0.080000210499556842 0.012294397879786858 0.14639990881276091 0.012815399881885481 -0.091707176222171699 0.049364542047028399 -0.015526899520826061 -0.017743560072162171 -0.016532805970138533 0.088834041953413823 0.028588623744533442 0.0006893725787847487 0.35394343766145531 0.058726087653974128 0.026368758081760948 0.050700137961800951 0.1527911693031537 0.12244185291848987 -0.042790070807393554 0.024113452718660017 -0.12478998407647851 -0.060303926104046363 0.15305434115462449
leaf_weight=5.0848120565021455 6568.8438999190448 2.9975211460987525 0.0022332217222374986 0.006204896704739781 0.016237607020443079 0.001759194925398333 0.56016008765700598 0.1115067043702993 34.083744585164823 2.7544073528842992 45.014122315981695 4.5619960023323065 112.71471768134506 90.843612199299969 276.76191195772844 554.81400860469148 1.5999841913580883 65.320405591723102 956.03918936697301 1.1058082189410914 86.188652902317699 30.076414075272623 5.0560190107207728 2.127546544885262 3.5333988164784378 21.554773304611444 95.272438507177867 1.7343454987276334 5.8665094370953739 4.7753324481891468
leaf_count=2036824 2923615 5591 116 221 6431 3 47982 48050 712 90 1870 64 1645 4467 6564 9139 11 1095 32743 13 1492 1572 121 72 28 725 2849 26 71 144
internal_value=0.000531644 -0.0804807 -0.136837 -0.654579 -7.98905 -40.1561 -0.435693 -2.11889 0.000610939 0.00597243 -0.000130142 -0.000612999 0.000313228 0.0204049 -0.000284211 -0.0105846 0.0416903 0.0207356 0.00110797 0.0553105 0.0624658 -0.0143267 0.0208467 -0.000296754 0.0342167 -0.00518946 0.0276298 0.00565664 -0.0283454 0.100416
internal_weight=8979.42 8.78043 5.78291 0.698102 0.02023 0.00399242 0.677872 0.117712 8970.64 1089.37 7881.27 7703.94 7049.16 203.558 6845.61 654.773 130.579 69.8824 958.794 94.761 87.2945 584.89 177.334 68.6964 108.637 66.5689 98.8058 35.8181 7.46649 9.83135
internal_count=5134346 2145218 2139627 102803 6550 119 96253 48271 2989128 35158 2953970 2948161 2936291 6112 2930179 11870 2325 1159 32833 1587 1505 10711 5809 2667 3142 2595 2877 738 82 265
is_linear=0
shrinkage=0.08


Tree=116
num_leaves=31
num_cat=0
split_feature=5 0 12 9 2 3 3 4 2 1 4 4 4 5 8 2 3 3 10 8 3 3 5 5 3 2 1 10 6 7
split_gain=6.01312 18.593 19.4159 935.682 16.3748 24.2464 24.0661 20.5976 15.511 13.1417 20.1609 18.4759 29.3032 45.455 21.3249 13.2428 13.8286 11.5443 11.0446 10.9222 9.41219 15.0141 7.48923 7.44957 9.6794 36.0463 205.408 7.06908 13.0651 12.0518
threshold=0.29679679679679688 0.83047895500725699 0.37553418803418809 0.28700128700128708 0.87026647966339421 0.99253731343283602 0.82446311858076571 0.41428571428571431 0.73205084163517709 0.91476997578692509 0.27922077922077926 0.41428571428571431 0.19090909090909094 0.059714795008912663 0.99629629629629635 0.91476997578692509 0.90098039215686287 0.95293466223698786 0.99593495934959353 0.7840487546369902 0.81302966101694929 0.82972848596410509 0.12973352033660593 0.30116279069767443 0.33589743589743598 0.31311274509803927 0.35229476405947002 0.62988330796549985 1.0000000180025095e-35 0.59299959299959315
decision_type=2 2 2 2 2 2 2 2 2 2 2 2 2 2 2 2 2 2 2 2 2 2 2 2 2 2 2 2 2 2
left_child=1 2 3 -1 6 22 8 -8 -4 10 20 12 19 -14 18 16 -12 -17 -13 -11 -3 -22 -6 24 25 -2 -27 28 -25 -29
right_child=23 9 4 -5 5 -7 7 -9 -10 11 15 14 13 -15 -16 17 -18 -19 -20 -21 21 -23 -24 27 -26 26 -28 29 -30 -31
leaf_value=76.458238796912809 0.16101177465600031 0.064614352618748719 -0.01380665414290478 -0.080327105911278895 0.022756003443530806 -0.48312921034145745 -0.0043775115416650589 -0.05802351732655886 0.024170359462306747 -0.06646633240034111 0.03127236509101966 -0.00078071812428100824 -0.015557305832468275 -0.16073993499359726 0.044316394350345699 0.21521715859939089 -0.0099638512386446085 -0.024300957022534951 0.081675711366799783 0.070020770891595349 -0.62804254163059781 -0.087487193803958391 0.11356856971601753 -0.029860819438378611 0.028467699230708625 -0.080784817559387587 19.728396433841276 0.13107107298089601 0.0028684304889078911 0.0055550008420241614
leaf_weight=0.001045229171380834 2.5224926252494693 2.6215644924523067 377.61038094491539 0.046451711505937965 48.354026305143861 0.58721457980573077 69.273306606483629 135.21492135466565 84.173122592060167 4.7895771726689444 183.51136120385127 6014.8146940531078 38.792292082522181 21.424040918522223 68.299063445825595 4.1019205908014547 72.653392885411449 1.8772545764732056 10.414316639769821 17.327550160465762 0.33809425857907527 12.028084950819901 6.6060178405805337 108.24634992978145 34.002335470532557 0.019651852725587449 0.0040386486004990721 4.9142128521457371 279.89823424870087 1315.1170168008757
leaf_count=1360 7193 70 1815494 29506 17523 6 27479 82985 95233 7363 19534 687415 937 583 31242 165 7722 144 1627 829 20 984 1341 1946027 26942 106 33 118759 10820 193625
internal_value=-0.000215978 -0.00124027 -0.0134164 1.604 -0.0135229 0.0282081 -0.017002 -0.0398502 -0.00688427 0.000121818 0.0171646 -0.00064295 -0.0382865 -0.067211 -0.000134324 0.022324 0.019577 0.140017 -0.000638196 0.0404638 -0.0730764 -0.102266 0.0336714 0.00399624 0.0397337 0.190183 3.29619 0.00323159 -0.00625915 0.00602227
internal_weight=8919.58 7174.86 721.866 0.0474969 721.819 55.5473 666.272 204.488 461.784 6452.99 277.132 6175.86 82.3335 60.2163 6093.53 262.144 256.165 5.97918 6025.23 22.1171 14.9877 12.3662 54.96 1744.72 36.5485 2.54618 0.0236905 1708.18 388.145 1320.03
internal_count=5133067 2829562 2070927 30866 2040061 18870 2021191 110464 1910727 758635 28639 729996 9712 1520 720284 27565 27256 309 689042 8192 1074 1004 18864 2303505 34274 7332 139 2269231 1956847 312384
is_linear=0
shrinkage=0.08


Tree=117
num_leaves=31
num_cat=0
split_feature=12 9 5 12 5 9 5 1 9 12 3 2 0 12 3 2 7 12 3 12 4 0 12 4 9 4 13 4 3 0
split_gain=9.4689e+06 4.10195e+07 6.59425e+08 211744 6.59102e+06 1.81871e+07 676042 2.68523e+06 7.56265e+06 74.4422 315.437 7806.6 3704.48 15.9444 118.426 6525.05 5.35865 5.11051 6.88149 5.83313 4.02179 1.65986 0.935889 0.00208138 0.00094011 3.57916e-05 2.27707e-08 1.83605e-08 1.6568e-12 1.9599e-13
threshold=0.36867654573326525 0.28700128700128708 0.59807692307692317 0.37553418803418809 0.19292803970223329 0.37066905615292717 0.29679679679679688 0.46265328874024531 0.37347985347985352 0.50196850393700798 0.33589743589743598 0.31311274509803927 0.35229476405946997 0.60331143951833621 0.33589743589743598 0.35229476405946997 1.0000000180025095e-35 0.8166139695314748 0.56465997770345611 0.85839598997493749 0.64583333333333337 0.45867486338797819 0.42146381578947373 0.41428571428571431 1.0000000180025095e-35 0.58571428571428574 0.13475978219630738 0.64583333333333337 0.99253731343283602 0.35229476405946997
decision_type=2 2 2 2 2 2 2 2 2 2 2 2 2 2 2 2 2 2 2 2 2 2 2 2 2 2 2 2 2 2
left_child=1 2 -1 4 5 -2 7 8 -6 10 11 -5 -13 14 15 -11 -16 18 -15 -19 22 -22 -12 24 -8 -25 28 -4 -3 -30
right_child=3 26 27 9 6 -7 23 -9 -10 13 20 12 -14 17 16 -17 -18 19 -20 -21 21 -23 -24 25 -26 -27 -28 -29 29 -31
leaf_value=-67370.145430002565 -12174.274149063896 -0.080000094917432374 -0.080069112508982521 -0.080000150729745881 -8347.5326746029878 -0.080000064329749862 -0.098149614835698215 6.5730932234319948 -0.080000086568602066 -0.51729318052229745 -0.17053516457592416 -0.080000148130428037 -52.944160044943132 -0.021590332510787985 0.0213447734473226 -105.84127347016199 -0.066619286565928429 0.010214200038537744 -0.0023242598470530449 0.00028062888168909803 -0.017113969956633251 0.14479794758039222 -0.080356698042610766 -0.081461239726705797 -0.080082062935835072 -0.084006029793222331 -0.080226807478661261 -0.080303433720553138 -0.080001437450511956 -0.080002686338415063
leaf_weight=0.0010010380659366555 0.0010776894009913987 0.0545865851809983 0.0026960634671410683 0.88311678843391206 0.0010062950132840873 0.0028951099288292426 0.15072327990680964 0.012022737266434547 0.0022426746172641288 1.0959575188676376 0.89047190706531498 0.012337115461150461 0.027161324576923107 148.18395897043138 8.6851507981385812 0.0037774919376262197 9.0514482610468558 397.64714769028797 595.37212996481958 7788.0709842457363 1.0431864419088013 0.66261045688315778 4.2609073358577518 0.057649672720685885 0.020999425291617607 0.091533440276293732 0.0029840279259758509 0.010378826409578323 0.0021213626005192046 0.0012952199958817801
leaf_count=1951 1838 49276 435 465069 1199 3994 39 231 2254 319466 269959 6612 717 423443 5320 234 1063818 88959 483967 760350 332 371 1170241 135 12638 42 85 12 137 61
internal_value=-0.0101116 -898.524 -4791.24 -0.00258106 -63.1204 -3302.54 -24.8383 -544.879 -2585.52 -0.000183804 -0.247542 -1.63629 -36.4323 3.1258e-05 -0.0734944 -0.879072 -0.0235456 0.000186361 -0.00616381 0.000763184 -0.0606894 0.0457801 -0.095945 -0.0899351 -0.0959402 -0.0830226 -0.0800113 -0.0802551 -0.0800002 -0.0800019
internal_weight=8956.31 0.0750631 0.0140759 8956.23 0.34015 0.0039728 0.336178 0.0152717 0.00324897 8955.89 7.77979 0.922615 0.0394984 8948.11 18.8363 1.09974 17.7366 8929.27 743.556 8185.72 6.85718 1.7058 5.15138 0.320906 0.171723 0.149183 0.0609872 0.0130749 0.0580032 0.00341658
internal_count=5133185 51957 2398 5081228 22370 5832 16538 3684 3453 5058858 1913301 472398 7329 3145557 1388838 319700 1069138 1756719 907410 849309 1440903 703 1440200 12854 12677 177 49559 447 49474 198
is_linear=0
shrinkage=0.08


Tree=118
num_leaves=31
num_cat=0
split_feature=12 9 8 3 13 5 5 1 9 10 5 10 10 9 7 8 7 8 7 9 11 7 5 7 4 5 7 11 12 10
split_gain=10.8946 29.7572 374.474 16.12 426.902 652.696 861.611 4.88532 4.03063 24.3617 10.1605 9.44652 12.8741 15.7573 19.7475 10.9896 12.6781 11.3281 10.0889 9.02488 18.7013 6.59326 6.22437 6.33707 6.1257 5.99811 5.3064 4.25865 3.38542 3.28083
threshold=0.57267080745341625 0.70997889659330737 0.65895721925133699 0.33589743589743598 0.18116128502912723 0.29679679679679688 0.30116279069767443 0.75716625716625729 0.97182539682539681 0.97259759759759767 0.16441441441441443 0.97259759759759767 0.9417420814479639 0.92549648451955113 0.92549648451955113 0.94474969474969483 0.95861872146118743 0.97590011614401873 0.92549648451955113 0.94609125254286564 0.45000000000000007 0.86769720390997962 0.087595907928388769 0.97590011614401873 0.22649572649572652 0.1012820512820513 0.92549648451955113 0.22500000000000003 0.85028735632183905 0.99593495934959353
decision_type=2 2 2 2 2 2 2 2 2 2 2 2 2 2 2 2 2 2 2 2 2 2 2 2 2 2 2 2 2 2
left_child=1 3 -3 4 -1 -6 -7 -5 11 10 22 12 19 18 -15 24 -17 -18 -14 27 -21 28 23 -10 -13 -24 -26 -2 -11 -23
right_child=8 2 -4 7 5 6 -8 -9 9 21 -12 15 13 14 -16 16 17 -19 -20 20 -22 29 25 -25 26 -27 -28 -29 -30 -31
leaf_value=-0.080000183230066121 -0.0013826188631159957 -32.505740921904028 -0.08173332343901081 -0.084687035869166372 -0.080000121188889148 -39.319213556718836 -0.080000120271284544 0.011648239415205519 0.0097392679334646244 -0.029996833941337359 0.0030311021867705889 -0.068100236321100696 0.0060156236905630142 -0.11045642892978774 -0.016577900710189143 -0.0090344196592793274 0.04924324700273127 -0.081457720977104048 0.15509585741588253 0.094063046429597008 -0.0042001595896275692 -0.0052496882765470342 0.25480164969536001 0.059371958933477909 0.053840424966577122 0.083718375395938682 0.13821417869413449 0.0032569141317745128 0.18581430170886432 0.0041456499810044404
leaf_weight=1.1777089803775567 5332.7706462612387 0.0024584167234714674 0.031349612165172402 6.9866825318388113 0.021552722338128549 0.008123214005081536 0.0064054143097109781 6.5064491325669387 22.798899747198448 0.62327483424451147 38.701270488207228 1.9916549182671612 173.39376623017597 14.810469525196821 451.76844795321813 91.286320066836197 53.261771790625062 4.6114895218051961 2.954765874776057 19.928452420397662 32.79343431367306 435.60430295817787 1.6704182234825555 59.251640598173253 16.609746530419219 6.1044869567849673 6.6927517066360442 1660.4576365386692 1.8343346683541311 524.02123649473651
leaf_count=732427 1249043 304 2539 2301429 14654 187 4411 37057 417 15 703 158 3185 477 7901 4339 714 279 172 235 1536 4109 43 1038 278 127 51 735174 72 28614
internal_value=-8.46052e-05 -0.0688039 -2.43951 -0.0633542 -0.342606 -8.91416 -22.0193 -0.0382337 2.85263e-05 0.00458614 0.037299 -0.000603595 -0.00102126 -0.0118582 -0.0195579 0.0178047 0.00953624 0.0388287 0.0085135 -3.24198e-05 0.0329425 0.00021596 0.0520634 0.0455808 0.0665639 0.120475 0.0780736 -0.000281018 0.131082 -0.00011919
internal_weight=8968.68 14.7407 0.033808 14.7069 1.21379 0.0360814 0.0145286 13.4931 8953.94 1090.61 128.527 7863.33 7688.88 642.927 466.579 174.454 149.16 57.8733 176.349 7045.95 52.7219 962.083 89.8254 82.0505 25.2942 7.77491 23.3025 6993.23 2.45761 959.626
internal_count=5131688 3093008 2843 3090165 751679 19252 4598 2338486 2038680 35138 2328 2003542 1997723 11735 8378 5819 5332 993 3357 1985988 1771 32810 1625 1455 487 170 329 1984217 87 32723
is_linear=0
shrinkage=0.08


Tree=119
num_leaves=31
num_cat=0
split_feature=12 3 8 8 5 3 2 2 9 10 3 9 5 10 9 10 10 9 10 10 9 11 7 9 8 11 7 5 9 4
split_gain=12.7254 11.1723 6.72011 8.22481 13.5033 6.1448 551.001 7080.54 5.22719 326.624 4.41957 3.23092 2.93911 2.74597 2.73803 25.1123 9.41261 9.89689 41.1633 39.8159 39.1563 14.607 11.8754 10.1918 7.24304 5.99481 6.60382 5.84288 7.12657 5.31833
threshold=0.64967532467532474 0.70479302832244017 0.85313725490196091 0.86769720390997962 0.72821969696969713 0.33589743589743598 0.31311274509803927 0.31400560224089641 0.76071647274954091 0.69614069369809484 0.71563342318059309 0.72255689424364122 0.5270467836257311 0.72994422994423014 0.97182539682539681 0.97259759759759767 0.97259759759759767 0.90168461750897555 0.90125367590156336 0.92031746031746042 0.92549648451955113 1.0000000180025095e-35 0.9417420814479639 0.8508192712154562 0.94474969474969483 0.55000000000000016 0.97590011614401873 0.21807065217391305 0.8771316745876433 0.58571428571428574
decision_type=2 2 2 2 2 2 2 2 2 2 2 2 2 2 2 2 2 2 2 2 2 2 2 2 2 2 2 2 2 2
left_child=1 2 5 4 11 6 -1 -8 -7 -10 13 -4 -12 -3 16 25 17 19 20 23 -19 -21 -20 -2 27 26 29 28 -18 -16
right_child=14 10 3 -5 -6 8 7 -9 9 -11 12 -13 -14 -15 15 -17 24 18 22 21 -22 -23 -24 -25 -26 -27 -28 -29 -30 -31
leaf_value=-0.080169531938041508 -6.2808903930486898e-05 -0.080123635391072215 0.089059797625230502 -0.083873853290644548 1.6148145828022002 -0.082054640274970961 -122.38372478717694 -0.080003597022858489 26.469547782634915 -0.080461032837360502 -0.043472659211508599 0.55882449957215263 -0.0008945994021098845 0.25196896410106784 0.12983128770041735 -0.00088026860583999061 -0.071149715412513595 -0.00099483100599343866 -0.026961378948211569 0.051931894568681143 0.0692857146262639 0.0013995900395250293 -0.0075433072920921577 -0.011644584474264513 0.010524339366891972 0.0049146812639281881 0.058938971383829281 -0.019791245911567217 0.08695911898439182 0.0010664214382288552
leaf_weight=3.4451593692778801 5857.2755596246097 0.21354050311130279 0.3950450145139246 0.76599873781128736 0.047135648378571204 14.438306297885214 0.0032682917362077948 0.041458821136416191 0.0030132317610885853 0.1872462521361058 16.943732605263026 0.12283705343270412 26.767583963863057 0.62795469266643522 2.2447236092994016 947.15855144237867 2.0029238124843749 161.88096511672484 391.56736030295724 126.62783844541991 73.89513554709265 51.499892674437433 415.39649792952696 530.29838325604942 149.7198724890477 28.821120834967587 71.970601979992352 5.4005242304119738 20.48347093956545 24.018443304579705
leaf_count=853778 1368405 12185 393 2557 41 2619415 673 12671 28 1804 137088 25 40591 55 50 32742 69 3923 8567 603 2853 4367 7398 14650 5299 1574 515 152 283 195
internal_value=-0.000443244 -0.0359872 -0.0865752 0.0869223 0.318472 -0.0993207 -0.194705 -9.01696 -0.0765651 0.340024 -0.013903 0.200484 -0.017399 0.167696 -0.000186492 0.00359967 -0.000708855 -0.00113384 -0.00837393 1.60088e-05 0.021032 0.0373221 -0.0169656 -0.00102433 0.0174967 0.0369964 0.0464089 0.0549302 0.0728759 0.012072
internal_weight=8924.26 64.0023 19.4495 1.33102 0.565018 18.1185 3.48989 0.0447271 14.6286 0.190259 44.5528 0.517882 43.7113 0.841495 8860.26 1074.21 7786.05 7608.44 1042.74 6565.7 235.776 178.128 806.964 6387.57 177.607 127.055 98.2338 27.8869 22.4864 26.2632
internal_count=5132949 3681304 3491385 3016 459 3488369 867122 13344 2621247 1832 189919 418 177679 12240 1451645 35076 1416569 1410766 22741 1388025 6776 4970 15965 1383055 5803 2334 760 504 352 245
is_linear=0
shrinkage=0.08


Tree=120
num_leaves=31
num_cat=0
split_feature=12 9 10 10 2 1 13 8 9 3 3 1 5 8 3 2 0 4 4 2 3 2 2 2 1 2 5 5 13 2
split_gain=28.2106 501.228 54294.3 368771 9.05528 5.4012 26.0925 536.931 6.97932 3.40082 16.4401 10.9093 21.1812 20.0435 7.76524 8.13885 7.51981 13.9743 20.3099 15.4241 20.8397 13.3163 13.2461 11.1548 7.73517 14.5374 12.0825 10.579 7.50562 6.3494
threshold=0.65599385245901654 0.76071647274954091 0.72481884057971024 0.70042735042735049 0.45773809523809533 0.21680376028202122 0.14020166890617772 0.8402898550724639 0.72255689424364122 0.39736842105263165 0.38196555217831824 0.32305502846299822 0.65933268858800786 0.70438540332906541 0.37248718959400873 0.21114551083591335 0.21483516483516488 1.0000000180025095e-35 0.31666666666666671 0.42947558770343586 0.44636015325670503 0.26766169154228864 0.64174237130211986 0.40212765957446817 0.1680790960451978 0.17192118226600986 0.85329985652797713 0.6478537360890303 0.14973610182709451 0.28370221327967809
decision_type=2 2 2 2 2 2 2 2 2 2 2 2 2 2 2 2 2 2 2 2 2 2 2 2 2 2 2 2 2 2
left_child=1 4 3 -3 5 6 8 -8 -1 10 11 14 13 -13 15 -2 24 19 22 21 -21 -18 -19 -20 25 27 -27 -11 -16 -26
right_child=9 2 -4 -5 -6 -7 7 -9 -10 16 -12 12 -14 -15 28 -17 17 18 23 20 -22 -23 -24 -25 29 26 -28 -29 -30 -31
leaf_value=-0.037175606005713138 0.0062796679906307988 -1255.002481537116 -0.072784335151115417 -0.080015848111870277 0.00098035103532957755 -0.087938923084452225 -0.080163913630293196 45.133349286517877 0.32003316117904873 0.28013677096919887 -0.069664091205628428 -0.82371022670793492 0.82765087418479311 -0.048725456654682774 -0.095273125634601427 -0.015940266053156477 0.030628974506084292 -0.072323320176448436 0.098113979964619014 0.54208502234536138 0.031836952231102 -0.0058897993579848764 -0.0084582976558434161 0.00089255303625116584 -0.047392590182061531 0.014043673846118682 0.15194127476101904 -0.04791471609460575 0.040015321202872968 0.019695170378867921
leaf_weight=3.580629892518139 259.03717263214247 0.0017212208421132367 1.5208171475762808 0.011590272921125688 46.554888522987696 14.481603653482404 0.033642243644066983 0.0017693879199214271 0.38799814545393463 0.64952135172643721 24.351373915607837 0.21513296545618388 0.17529775248476553 29.656340812603332 2.794316661760603 177.9958605990123 87.533356698087118 39.493233881289029 7.5604365113540544 0.51377105331994144 176.75239115413387 236.73751691179677 43.875677521813145 7618.6938116348529 56.048748912939118 12.104100964375904 6.1239457875853978 20.038360963570085 43.183532198165267 10.762389279427223
leaf_count=542935 28431 52 2660 160 367137 2803597 1069 7 1749 78 12432 3154 33 18121 1049 55632 12723 4022 355 436 23798 88440 3787 1142686 5369 987 90 2721 8572 1288
internal_value=0.000339779 -0.051542 -1.48081 -162.346 -0.0178294 -0.0652006 0.0170382 2.17899 -0.00225262 0.000729873 -0.00543796 -0.00238959 -0.0491614 -0.0543069 0.000519959 -0.00277012 0.00112842 0.00140138 0.000559622 0.0143409 0.0333158 0.00396804 -0.0387122 0.000988935 -0.0200709 0.00828166 0.0603721 -0.0376151 0.0317931 -0.0365856
internal_weight=8920.87 66.5747 1.53413 0.0133115 65.0405 18.4856 4.00404 0.0354116 3.96863 8854.3 537.409 513.058 30.0468 29.8715 483.011 437.033 8316.89 8211.16 7709.62 501.537 177.266 324.271 83.3689 7626.25 105.727 38.9159 18.228 20.6879 45.9778 66.8111
internal_count=5133570 3719366 2872 212 3716494 3349357 545760 1076 544684 1414204 127424 114992 21308 21275 93684 84063 1286780 1276247 1150850 125397 24234 101163 7809 1143041 10533 3876 1077 2799 9621 6657
is_linear=0
shrinkage=0.08


Tree=121
num_leaves=31
num_cat=0
split_feature=12 8 8 7 0 1 3 8 7 12 3 13 8 13 10 9 7 14 8 8 10 9 3 3 1 12 2 1 10 3
split_gain=6.89797 73.7813 24.0518 83.7346 527.198 5567.2 6.9738 7.68943 6.89915 5.51484 17.6947 4.29176 64.9508 10.1692 27.0395 233.127 9.61683 26.9264 26.7069 14.465 9.06944 8.98612 7.52999 4.32472 8.73156 5.53411 3.97813 6.34916 3.80861 3.24389
threshold=0.65599385245901654 0.99629629629629635 0.86769720390997962 0.64733893557422972 0.21483516483516488 0.26568627450980403 0.710394265232975 0.70051546391752584 0.57517123287671246 0.37553418803418809 0.75716625716625729 0.10500069079856315 0.51554445876288668 0.10391659421189915 0.71503759398496258 0.70997889659330737 0.72314791079210472 1.0000000180025095e-35 0.71132478632478646 0.8402898550724639 0.68783602150537648 0.50806661462399172 0.24121212121212124 0.18465909090909091 0.07275132275132272 0.93063352044907788 0.10128205128205127 0.84889995848899968 0.92031746031746042 0.28285714285714292
decision_type=2 2 2 2 2 2 2 2 2 2 2 2 2 2 2 2 2 2 2 2 2 2 2 2 2 2 2 2 2 2
left_child=1 2 6 -4 -5 -6 7 -1 -9 10 -8 13 -13 23 15 -15 17 20 -19 21 -14 -18 -21 24 -2 -26 29 -28 -16 -25
right_child=11 -3 3 4 5 -7 9 8 -10 -11 -12 12 16 14 28 -17 19 18 -20 22 -22 -23 -24 26 25 -27 27 -29 -30 -31
leaf_value=-0.10089519329034659 -0.02176034676136995 -5.8716806434688182 -0.042820869929201123 -0.087682741965509042 -82.651776181261837 -0.020667793243930716 1.9273910952633395 0.35502244714023756 -0.010940921022683393 -0.0015546293126873381 -0.0817095242207726 -0.076006917148150097 0.010105103044002514 -0.081010941951209947 0.0094145422680646813 10.802540234281643 0.018051169917531019 -0.049044570618315179 0.0060553866064446248 -0.033247639745925137 0.037398426427124147 -0.016907019874182347 0.00065256758570419353 -0.0099873357427673511 0.16986726915454151 0.046916208162323905 0.036496064033574853 0.002460151268105221 0.32327524956305148 -0.078645550285918575
leaf_weight=10.83165908747978 7.8072208542107573 0.013813170443426226 1.4938275009857287 0.30761093915498339 0.0058131259647788971 0.050998497685213806 0.039784492642466501 0.34760588829317285 6.3951837079523557 46.935594588121184 0.095165871969521004 72.656368160575767 135.94187777467687 0.087920120411580593 0.70437873320042832 0.014702279004268348 52.151657635972242 74.824579283908861 227.39175456845533 42.295942733704578 182.56052352015922 482.04346914053122 4904.6316036111584 13.041738123611141 3.6331130599719454 6.5977892871014774 35.555821856843977 2604.3778211217141 0.38143648556433618 6.6497149628712569
leaf_count=3369972 1001 34 2484 27 30 165 590 39364 106004 198812 773 988249 32028 125 107 18 6194 61504 57524 1133 29509 36855 149490 1066 654 39 13051 35935 8 1176
internal_value=0.000153009 -0.025513 -0.0242987 -0.308063 -1.39533 -8.47572 -0.0161418 -0.059144 0.00792531 -8.63201e-05 0.51059 0.000345844 -0.000814342 0.00301996 0.236983 1.47823 8.09972e-05 0.00951862 -0.0075866 -0.000987782 0.0257492 -0.0134942 0.000362723 0.00291612 0.0419557 0.0905776 0.00265135 0.00291856 0.119671 -0.0331729
internal_weight=8919.87 66.5171 66.5032 1.85825 0.364423 0.0568116 64.645 17.5744 6.74279 47.0705 0.13495 8853.35 6174.5 2678.85 1.18844 0.102622 6101.84 620.719 302.216 5481.12 318.502 534.195 4946.93 2677.66 18.0381 10.2309 2659.63 2639.93 1.08582 19.6915
internal_count=5133921 3718255 3718221 2706 222 195 3715515 3515340 145368 200175 1363 1415666 1362486 53180 258 143 374237 180565 119028 193672 61537 43049 150623 52922 1694 693 51228 48986 115 2242
is_linear=0
shrinkage=0.08


Tree=122
num_leaves=31
num_cat=0
split_feature=12 3 5 9 10 10 8 0 13 1 10 4 10 7 1 13 12 5 12 1 13 2 1 10 2 1 4 4 5 5
split_gain=8.95032 33.6383 16.8852 25.2554 39.3159 11.4171 17.5715 16.252 10.8901 10.3391 8.0321 6.56638 12.3819 33.9121 9.20315 31.8882 9.67266 85.0959 30.5476 7.6231 6.71428 5.32193 4.83431 3.79832 2.89795 13.0421 12.8244 33.5373 13.5016 12.5756
threshold=0.71486643437862962 0.56465997770345611 0.76095238095238105 0.70997889659330737 0.71503759398496258 0.72036036036036044 0.99629629629629635 0.15504807692307696 0.37648586211505058 0.15504807692307696 0.75123762376237635 0.5634920634920636 0.61836925960637312 0.69320132013201341 0.50352112676056349 0.35448791714614508 0.40155038759689932 0.22335600907029482 0.42146381578947373 0.95311355311355328 0.33338760447194188 0.75162337662337675 0.60158730158730167 0.80473787496495675 0.87298335467349564 0.86729559748427687 0.94444444444444453 0.78888888888888908 0.14907407407407411 0.23861283643892342
decision_type=2 2 2 2 2 2 2 2 2 2 2 2 2 2 2 2 2 2 2 2 2 2 2 2 2 2 2 2 2 2
left_child=1 2 5 -4 9 6 7 -1 10 -5 -7 14 13 22 15 20 17 -16 -18 21 -3 -14 -13 -21 26 -26 27 29 -29 -2
right_child=24 11 3 4 -6 8 -8 -9 -10 -11 -12 12 19 -15 16 -17 18 -19 -20 23 -22 -23 -24 -25 25 -27 -28 28 -30 -31
leaf_value=-0.28529678933453906 -0.011827266749349046 0.045050023180353546 -0.080568840085981239 -1.4276746017263304 -0.080056314534032474 0.063708426747924124 -1.5275578179990401 -0.077533508849451566 0.91288374402776118 -0.080032996941811305 -0.059731930420393986 -0.38166956420307935 0.48947978394842145 -2.7765530988569731 7.4625253119324215 2.760143318798808 -2.4080491533034136 0.17555747650015596 -0.022686983798389369 0.11755434687720388 0.40762192963456678 -0.081917372310586531 0.01066665658767706 -0.069939788732769681 0.062488757915180972 0.00062596453840041628 0.014767109389567042 0.13423421442750624 -0.066002429357802511 0.00090957758529387387
leaf_weight=2.699004993885306 673.16945662885109 6.6985326839943857 1.1058747417175698 0.32102965937019678 0.34355975208814016 4.925194216133602 0.055288823035907764 22.473592424695592 0.08035235614806957 0.041099192362366921 10.708854544852782 0.2017687666693736 0.53707283455588495 0.027982531115411713 0.01060646039889318 0.028161274560261407 0.034375206843320849 0.31076041488052925 76.048792748987466 5.4963224952152814 0.3436520818113421 0.12946955016741413 52.796193611295379 0.79102741600945581 21.892332282182906 5849.2837989303625 258.37077950941966 2.2283366821066002 65.619842901796801 1886.3126951820491
leaf_count=118507 189795 96762 116847 278 1398 36164 38 3135215 28 298 40614 22 59 1 1394 13 3505 4526 381211 324 88 61 40279 10 3457 670179 23996 147 3847 265371
internal_value=-0.000532709 -0.0178883 -0.0801725 -0.319182 -0.693109 -0.0695971 -0.102939 -0.0998099 -0.0160701 -1.27473 -0.0208445 0.000674209 0.0208658 0.00770293 -0.0138342 0.073487 -0.0219148 0.416058 -0.0237647 0.121238 0.0627432 0.378491 0.00917299 0.0939652 -0.000163654 0.000856637 -0.00223951 -0.00391194 -0.0594261 -0.00244034
internal_weight=8943.09 186.209 42.7539 1.81156 0.705689 40.9423 25.2279 25.1726 15.7144 0.362129 15.634 143.455 59.9798 53.0259 83.4749 7.07035 76.4045 0.321367 76.0832 6.95389 7.04218 0.666542 52.998 6.28735 8756.88 5871.18 2885.7 2627.33 67.8482 2559.48
internal_count=5134434 3977642 3449387 118821 1974 3330566 3253760 3253722 76806 576 76778 528255 40756 40302 487499 96863 390636 5920 384716 454 96850 120 40301 334 1156792 673636 483156 459160 3994 455166
is_linear=0
shrinkage=0.08


Tree=123
num_leaves=31
num_cat=0
split_feature=12 2 0 4 4 5 3 8 4 5 4 4 4 3 11 0 8 5 4 8 3 7 2 3 10 2 4 12 12 3
split_gain=23.1918 6.11309 13.5749 12.315 34.2537 15.4824 22.6747 13.6858 11.2418 13.1785 11.7248 10.0116 7.7945 22.1776 14.3468 7.66968 7.11408 9.116 8.05984 6.95648 6.64206 13.3115 6.29868 12.9823 9.09475 6.52324 6.06454 5.66615 5.64754 5.3758
threshold=0.47512376237623766 0.87298335467349564 0.91024165707710025 0.94444444444444453 0.78888888888888908 0.24283374283374287 0.88067796610169491 0.74527629233511605 0.73214285714285732 0.16869918699186995 0.84523809523809534 0.84523809523809534 0.5277777777777779 0.967204301075269 0.87500000000000011 0.16064516129032261 0.80576285240464351 0.19782608695652179 0.68333333333333346 0.91864313292884725 0.89417693169092949 0.99629629629629635 0.55351882160392807 0.74322344322344336 0.88548009367681513 0.8166139695314748 0.22649572649572652 0.93063352044907788 0.91704892966360863 0.54692082111436957
decision_type=2 2 2 2 2 2 2 2 2 2 2 2 2 2 2 2 2 2 2 2 2 2 2 2 2 2 2 2 2 2
left_child=-1 3 8 4 5 6 -2 11 16 19 -11 -6 20 28 -15 -7 18 -18 -3 -10 21 -4 24 27 29 -25 -22 -24 -14 -5
right_child=1 2 12 22 7 15 -8 -9 9 10 -12 -13 13 14 -16 -17 17 -19 -20 -21 26 -23 23 25 -26 -27 -28 -29 -30 -31
leaf_value=-0.11692850296489861 -0.0062843478912616791 0.0075348507489098769 -0.023235167250996377 0.37955545326462897 0.013752666965576948 -0.017412822987697134 -0.040175206955563807 -0.077584975831659908 0.1044208408015898 -0.026732013250667392 0.044375718634121653 0.51148873967536912 -0.011008067503417918 -0.0010490435344822256 0.041824415746598731 0.0011616915205692089 0.023859017911124294 0.070633657822216409 0.25478547554393349 -0.0011392825904090098 0.036300659608230132 -0.15646407942955828 0.34935096958333212 0.0048729669601309108 0.1401130654078214 0.039275228673458666 -0.012765870748520034 0.081316996806031286 0.038222596984987242 -0.07543610880188191
leaf_weight=11.022970057279961 559.94215348339549 154.62845342543733 25.50745839242882 0.16882294332754 8.8050827182523754 154.16412720034873 163.15963708020013 55.730153033859096 9.6529455931085995 96.692464687483152 17.531454031006433 0.26646167278522703 17.04153352661524 4948.6092410700876 50.46202119262307 1844.5194284018444 150.01984402467497 32.431018732080702 0.84841393267561116 6.8172408456448457 17.402640517422697 5.9121328359469763 0.52488960210029922 185.96487051638178 1.5281285835371807 43.53285014766152 218.99996707684477 13.164857995376224 119.40333097616895 10.674720793991581
leaf_count=1398616 1171176 42462 2616 103 3119 118902 44747 910 1196 10150 784 64 2474 568870 29277 1685706 4759 899 56 142 6709 180 20 14796 95 3889 8833 1798 6675 3412
internal_value=-0.000960156 -0.000816752 0.000691174 -0.00372736 -0.00526879 -0.0039002 -0.0139314 -0.062752 0.0137525 -0.00617175 -0.0158182 0.0283728 -0.000441608 0.000252272 -0.000616267 -0.000271013 0.0214582 0.0321733 0.00888406 0.060728 -0.0137468 -0.0483045 0.0130803 0.0159131 -0.042603 0.0113986 -0.00915387 0.0915939 0.0320738 -0.0683524
internal_weight=8925.13 8914.11 5871.96 3042.15 2786.59 2721.79 723.102 64.8017 468.622 130.694 114.224 9.07154 5403.34 5135.52 4999.07 1998.68 337.928 182.451 155.477 16.4702 267.822 31.4196 255.559 243.187 12.3717 229.498 236.403 13.6897 136.445 10.8435
internal_count=5133435 3734819 686082 3048737 3024624 3020531 1215923 4093 60448 12272 10934 3183 625634 607296 598147 1804608 48176 5658 42518 1338 18338 2796 24113 20503 3610 18685 15542 1818 9149 3515
is_linear=0
shrinkage=0.08


Tree=124
num_leaves=31
num_cat=0
split_feature=13 10 13 10 10 8 7 14 8 10 3 4 8 9 0 13 9 11 10 3 3 13 3 2 3 5 3 5 5 2
split_gain=5.44683 81.8486 54.9983 61.3379 44.9589 7.5721 19.5289 13.9658 10.7282 8.22633 6.7972 6.33808 5.20169 5.11477 4.42178 8.08193 3.69429 2.92955 4.99633 2.80696 7.51913 5.80141 4.10065 20.0449 199.422 4.46871 6.23283 4.66693 3.73644 5.53422
threshold=0.10391659421189915 0.48404074702886252 0.10500069079856315 0.71503759398496258 0.71081871345029246 0.65895721925133699 0.62668584786908843 1.0000000180025095e-35 0.89442724458204348 0.71503759398496258 0.30094339622641519 0.73214285714285732 0.92990501146413374 0.2797849462365592 0.60136986301369866 0.47377020983832147 0.92549648451955113 0.29166666666666669 0.4245105926521856 0.30901856763925734 0.65345368916797508 0.059163263605300435 0.29708431836091415 0.14415584415584423 0.30368906455862982 0.58898944193061853 0.18465909090909091 0.41421362489486968 0.54631217838765023 0.58578637510513054
decision_type=2 2 2 2 2 2 2 2 2 2 2 2 2 2 2 2 2 2 2 2 2 2 2 2 2 2 2 2 2 2
left_child=19 12 3 4 10 7 8 9 -7 -4 -3 -8 14 -9 15 -2 -5 -16 -19 21 -21 -1 25 24 -24 27 -27 -23 29 -22
right_child=1 2 5 16 -6 6 11 13 -10 -11 -12 -13 -14 -15 17 -17 -18 18 -20 20 28 22 23 -25 -26 26 -28 -29 -30 -31
leaf_value=-0.040907122609422732 -0.12180568229974867 -0.82763799203581245 -0.0058779683044579622 0.0058231740739150507 -1.9311560232422813 0.03615731348282706 0.0018968946069595214 0.3867508243447953 -0.15691866862486373 0.098814521324074547 -0.43047516964134624 -0.0034099328382708213 0.17266901844162744 -0.058676180569379448 -0.078017509465838783 -0.93954174244990041 0.31192926607626154 0.13593274259990545 -0.054486394708951516 -0.064304740196254609 -0.092462687465203267 0.013040041475577203 17.590252026446652 -0.081348447488616388 0.51663504580767006 0.16556891654267619 -0.023747689933566095 0.081579096483486865 0.040687091740971709 0.0019795833985854438
leaf_weight=7.9519063293530214 11.031584123530816 0.35528905319827631 40.783335759290935 0.73493896590650798 0.15879706685245754 108.06265021039874 2497.2977371790785 0.16562860658935719 1.8737663166384368 5.4447551702140791 1.2324624722296844 3403.170205960836 0.52295625666738388 42.66429126754489 70.277426791719108 0.077897727489472213 0.3842565193772316 1.0849481990171614 4.7117168088770995 10.967884812150713 3.976999985724432 11.561472386043819 0.0045273555847974425 0.31060868270500919 0.13294836704892532 1.2256343292091845 12.108852931004888 14.127726611079309 15.939609142959396 2647.4815644830906
leaf_count=61289 888940 3171 440789 258 28 179077 327358 471 1056 2244 9627 60660 20 1582604 1010840 1 6 675 1027 327050 1891 82202 156 30896 1061 760 30693 33313 8113 48490
internal_value=-0.000839882 -0.00215202 -0.00104917 -0.351433 -0.64771 -0.000884548 -0.000541435 -0.0240408 0.0328665 0.00645274 -0.519348 -0.00116389 -0.0788848 -0.0569537 -0.0803937 -0.12754 0.110919 -0.0735088 -0.0188461 0.00213988 0.00179827 0.0214329 0.0339917 0.274626 1.0789 0.0312287 -0.00634673 0.050733 0.00207008 0.00183793
internal_weight=8915.82 6190.03 6102.33 2.86574 1.74655 6099.46 6010.4 89.058 109.936 46.2281 1.58775 5900.47 87.7065 42.8299 87.1836 11.1095 1.1192 76.0741 5.79667 2725.79 2678.37 47.4237 39.4718 0.448084 0.137476 39.0237 13.3345 25.6892 2667.4 2651.46
internal_count=5134766 4508852 2607349 13090 12826 2594259 568151 2026108 180133 443033 12798 388018 1901503 1583075 1901483 888941 264 1012542 1702 625914 385544 240370 179081 32113 1217 146968 31453 115515 58494 50381
is_linear=0
shrinkage=0.08


Tree=125
num_leaves=31
num_cat=0
split_feature=12 2 3 3 12 12 2 13 12 0 13 9 13 10 12 5 5 12 0 10 13 8 8 3 3 1 5 4 5 5
split_gain=1008.57 3866.07 107.224 86.9163 48.3419 35.5569 671.579 130.126 145.371 58.0679 38.3217 25.2493 16.9598 7.62212 7.36148 46.0709 875.021 6.75303 56.0018 582.96 1971.38 95.3457 13.4675 29.6788 7.3227 6.23438 4.25515 11.3324 10.993 7.103
threshold=0.54085850556438808 0.14415584415584423 0.29708431836091415 0.30368906455862982 0.50617660515479657 0.59781964687759215 0.14415584415584423 0.082085949348622525 0.5824013764286593 0.121830550401979 0.10286764062636693 0.47233158355205601 0.072890082877598503 0.55753467843631788 0.59675307672165501 0.59807692307692317 0.61620294599018022 0.71486643437862962 0.15504807692307696 0.41287094547964115 0.094674556213017763 0.65692963752665257 0.99629629629629635 0.30901856763925734 0.56465997770345611 0.93440860215053767 0.38529014844804327 0.73214285714285732 0.54226190476190483 0.38956639566395673
decision_type=2 2 2 2 2 2 2 2 2 2 2 2 2 2 2 2 2 2 2 2 2 2 2 2 2 2 2 2 2 2
left_child=1 2 -1 4 12 6 7 9 13 -2 -10 -11 -4 -9 -8 -16 -17 18 19 20 -7 -21 24 -24 -20 -3 -19 29 -29 -28
right_child=5 25 3 -5 -6 17 14 8 10 11 -12 -13 -14 -15 15 16 -18 26 22 21 -22 -23 23 -25 -26 -27 27 28 -30 -31
leaf_value=-0.080000076114176574 -0.080153683866637168 -0.1108616255088606 -3.4457367469273765 -0.080001534107638717 -2.9770167274438601 -0.080023641617784108 -0.019412038511542735 -3.4851735410329803 -9.2718837116779316 -6.6878825824567221 -0.080000299171796685 -2.8681985080972123 -3.9339225144233958 -0.080000183299027403 -0.083305656234751543 -74.236556977535159 -0.08010711544567975 -0.00073149456360545079 -0.041452935006632975 -2.2113835265209496 -102.58201245864349 -0.17113684214967922 -3.3776669731410318 -0.080417168460301808 0.0024211537837966635 0.010652961586179682 0.055899922014606779 0.04275300575054012 0.27794976502853624 0.0024276861420402421
leaf_weight=0.06294839101768035 0.051880696001909921 10.27865896542834 0.83908038799296558 0.048974683706972999 0.83679999793292825 0.0052117050961432146 9.9886579399162105 0.067408933830392925 0.051369670674944246 0.011882118125697616 0.0030766434143743018 0.16320769869659557 0.99611212411861061 0.0044870871815305682 0.15341394385768659 0.0010787987425828751 0.018176603626102406 7668.6980169664812 30.138203302691181 0.14978179794593405 0.0015603716274199542 6.8874860173251591 0.024264303206122828 0.06240514844803613 126.68899010929377 3.6659482115310302 16.156653796000683 28.637455235017118 1.3309542553033669 996.3237798798591
leaf_count=69295 12367 2548874 58 39761 39 107 628825 1935 687 1605 933 4415 60 2779 12636 260 1613 1058212 364374 6391 14 14338 9 49 257518 8722 3566 2584 43 92189
internal_value=-0.0017249 -0.622318 -3.34421 -3.41973 -3.48094 -0.000556537 -0.147584 -3.57634 -5.63414 -2.43087 -8.75247 -3.12741 -3.71072 -3.27265 -0.0283647 -0.546262 -4.23478 -0.000382349 -0.0164675 -0.237138 -23.6978 -0.214562 -0.0065613 -1.00353 -0.00601033 -0.0789162 -7.96012e-05 0.004716 0.0531985 0.00328097
internal_weight=8902.35 16.7285 2.78392 2.72097 2.67199 8885.62 10.5146 0.353313 0.126342 0.226971 0.0544463 0.17509 1.83519 0.071896 10.1613 0.172669 0.0192554 8875.1 163.958 7.04404 0.00677208 7.03727 156.914 0.0866695 156.827 13.9446 8711.15 1042.45 29.9684 1012.48
internal_count=5134258 2666809 109213 39918 157 2467449 668055 24721 6334 18387 1620 6020 118 4714 643334 14509 1873 1799394 642800 20850 121 20729 621950 58 621892 2557596 1156594 98382 2627 95755
is_linear=0
shrinkage=0.08


Tree=126
num_leaves=31
num_cat=0
split_feature=12 0 8 3 2 8 11 10 7 8 2 8 10 10 3 12 8 2 0 3 8 13 10 12 2 12 3 1 7 1
split_gain=160.231 28.838 19.0151 49.0985 5.03614 187.028 169.373 378.159 96.6038 164.612 22.7531 15.219 88.0369 664.754 10.0677 9.20562 580.672 6.03536 4.81385 4.68939 4.71098 4.24207 59.8503 4.79168 3.86672 6.59552 3.9937 3.82456 2.84786 2.67788
threshold=0.57267080745341625 0.37248718959400873 0.77303030303030318 0.30094339622641519 0.14907407407407411 0.66961651917404141 0.29166666666666669 0.71503759398496258 0.61134067952249782 0.64174237130211986 0.13873295910184449 0.72513736263736273 0.5285187594881805 0.52479508196721325 0.37248718959400873 0.57601438109912695 0.77303030303030318 0.14415584415584423 0.10128205128205127 0.29708431836091415 0.89442724458204348 0.16750943749946745 0.48404074702886252 0.6224318658280924 0.45773809523809533 0.37553418803418809 0.92031746031746042 0.19139194139194141 0.50617660515479657 0.24588394062078275
decision_type=2 2 2 2 2 2 2 2 2 2 2 2 2 2 2 2 2 2 2 2 2 2 2 2 2 2 2 2 2 2
left_child=1 2 27 -4 5 6 7 10 -8 -10 -2 12 13 -7 17 16 -6 -13 19 20 -17 23 -23 -20 -3 -26 -27 28 -1 -16
right_child=4 24 3 -5 15 11 8 -9 9 -11 -12 14 -14 -15 29 18 -18 -19 21 -21 -22 22 -24 -25 25 26 -28 -29 -30 -31
leaf_value=-0.16976707602927199 -0.080002682670833339 -0.12554951847086998 -5.8475851782863986 -0.08061739411103927 -0.080024768873037652 -2.0976728162281995 -0.38352840122871346 -44.563598658353087 -5.939767069552178 -0.08002763100549537 -7.4331027900498965 0.0055674929170437442 -0.15805961242657829 -59.065078415543177 -0.073585539800313515 0.42809956193174159 47.26332032723073 -0.063892758916331366 0.049674478849516882 -0.033329167723165541 0.10260509024731547 -0.072407284668844815 -0.000168346769959439 0.002473779520967008 0.59678550875438452 -0.078974748427552935 0.032928664665418633 -0.13134526184235476 -0.22468884419608517 0.068995487451101636
leaf_weight=20.705764032141431 0.0036034586986440085 1.9888349244578929 0.013521719699978951 0.031363508468267742 0.088234491784532021 0.039631194280682444 0.19233770295752511 0.0017922206670846199 0.066848756593856251 0.056711531011728766 0.010662631498045388 100.81516685962319 0.6428156541406489 0.001355804718147959 16.107934711414689 0.31425808499187668 0.0016897842779144403 8.6965031539796183 13.83324844289791 1.5997026756047601 3.0133911042094041 74.328387985790869 5885.0164818110525 2783.0929721591797 0.11617850246242056 3.3128349906233066 5.3171385333447461 11.504869306614216 8.5323362058235279 0.88959614976101775
leaf_count=201199 525 441323 385 2795 29537 718 9404 5 2333 2183 146 9358 5693 35 2336 726 372 820 115742 631 61 1070108 666473 122562 291 171522 11160 2165643 99702 51
internal_value=-0.00085537 -0.141527 -0.172232 -1.81792 -3.99831e-05 -0.0158235 -1.91225 -9.9271 -1.50483 -3.25027 -5.57579 -0.0108741 -0.387271 -3.98209 -0.00883958 0.000189754 0.809613 5.15392e-05 0.000181446 0.0792325 0.133344 0.000136962 -0.00106935 0.00270723 -0.0248633 -0.00196777 -0.0100283 -0.170419 -0.185794 -0.0661233
internal_weight=8940.34 51.5228 40.7879 0.0448852 8888.81 127.525 0.331956 0.0160583 0.315898 0.12356 0.0142661 127.193 0.683803 0.040987 126.509 8761.29 0.0899243 109.512 8761.2 4.92735 3.32765 8756.27 5959.34 2796.93 10.735 8.74615 8.62997 40.743 29.2381 16.9975
internal_count=5133839 3094020 2469724 3180 2039819 33607 14596 676 13920 4516 671 19011 6446 753 12565 2006212 29909 10178 1976303 1418 787 1974885 1736581 238304 624296 182973 182682 2466544 300901 2387
is_linear=0
shrinkage=0.08


Tree=127
num_leaves=31
num_cat=0
split_feature=12 7 8 2 0 2 12 9 5 3 3 10 11 5 11 10 2 5 13 0 8 4 5 13 7 5 0 13 1 2
split_gain=2082.09 469826 4.99522e+07 46.579 30.9163 5.90868 27.5279 32.9475 12.7279 18.9924 8.89245 8.69703 6.64692 6.54817 11.2586 6.34722 5.40651 16.3833 8.43939 5.97451 15.5223 4.82531 4.272 4.26513 10.7564 4.09026 3.90715 3.8719 3.52653 3.45788
threshold=0.57601438109912695 0.57267080745341625 0.74527629233511605 0.14415584415584423 0.39314988290398134 0.16530054644808742 0.73499399759903972 0.8508192712154562 0.30495169082125612 0.23669467787114853 0.25265957446808518 0.72036036036036044 0.45000000000000007 0.85329985652797713 0.63333333333333341 0.68457101658255248 0.17192118226600986 0.47673160173160178 0.1628054307617546 0.15504807692307696 0.80576285240464351 0.31666666666666671 0.81322674418604668 0.091967577531988767 0.7590571802706243 0.41421362489486968 0.22903981264637005 0.17169961304256534 0.24588394062078275 0.14415584415584423
decision_type=2 2 2 2 2 2 2 2 2 2 2 2 2 2 2 2 2 2 2 2 2 2 2 2 2 2 2 2 2 2
left_child=1 4 3 -3 29 6 7 11 9 12 -11 15 -8 16 21 -2 17 -7 -19 20 -18 -15 25 24 -16 -10 -25 -21 -24 -1
right_child=5 2 -4 -5 -6 13 8 -9 22 10 -12 -13 -14 14 23 -17 19 18 -20 27 -22 -23 28 26 -26 -27 -28 -29 -30 -31
leaf_value=-0.168024672495585 -0.11572056942171997 -4.5432725378550378 -16464.902151437163 -0.080867677133296414 0.0058444326939000859 -0.07421059823300484 0.24608935244243604 -2.8450108164904613 -0.055155544450171873 0.27497668078399218 0.073578092857519026 -0.03627602124737711 0.00083872325938615089 -0.098211508136617123 0.83845709980190752 -0.28230175354000941 -0.26790397702495222 0.16002412288474765 0.036959637768227784 0.0028790791295045717 -0.020992434250908638 0.14692229995959916 -0.06208316291960489 0.070223172595315381 0.059828642183985627 -0.006423185323366493 0.23779748638687864 -0.00076469912139122615 0.12373908910214518 -0.10994000976472737
leaf_weight=34.27599247726527 2.9115179529566912 0.017332466912983957 0.0011904167454728212 0.10984769971242303 9.0677345869162504 5.6988761491189477 0.73134959106392372 0.028936045263436294 12.394538565844412 2.7882939500850616 2.8243383566732518 3.249469316743923 21.473503210276249 3.3184810436875387 0.17248845864827522 2.9442688589927091 1.7232309922446827 5.8639949717452557 9.1020274778315962 2723.1973096616885 29.957563712420779 0.60809804499149311 16.458554115321025 8.704029216776572 0.33231258671730757 99.607172101234028 0.99196683426862442 5931.876899961554 0.68066147738136251 8.1118221871697056
leaf_count=125395 27363 1262 926 28589 445395 2667 222 9 483 113 102 5282 459 522 101 3732 5890 4161 570 236165 1133 5 1155 436 3 3603 68 1713677 8 2524803
internal_value=-0.0027857 -0.509573 -153.366 -0.689017 -0.128228 0.000155699 -0.0147916 -0.149799 -0.00693486 0.0421502 0.173631 -0.141234 0.00891641 0.000440355 0.0548614 -0.199477 0.000352059 0.0412231 0.0851788 0.000254831 -0.0344228 -0.0602483 -0.017508 0.0991705 0.325883 -0.0118161 0.0873672 0.000381764 -0.0547035 -0.156909
internal_weight=8939.22 51.5839 0.128371 0.12718 51.4555 8887.64 166.093 9.13419 156.958 27.8175 5.61263 9.10526 22.2049 8721.55 14.1274 5.85579 8707.42 20.6649 14.966 8686.76 31.6808 3.92658 129.141 10.2008 0.504801 112.002 9.696 8655.07 17.1392 42.3878
internal_count=5134299 3126370 30777 29851 3095593 2007929 42531 36386 6145 896 215 36377 681 1965398 1135 31095 1964263 7398 4731 1956865 7023 527 5249 608 104 4086 504 1949842 1163 2650198
is_linear=0
shrinkage=0.08


Tree=128
num_leaves=31
num_cat=0
split_feature=12 3 12 0 10 3 3 8 3 13 4 13 9 14 10 8 12 3 8 3 5 7 10 4 3 8 13 12 2 3
split_gain=117.767 26.0086 4.63198 20.0337 22.8316 13.403 12.1755 10.7172 8.33112 15.3709 11.1094 8.99303 7.08946 6.71182 6.65174 24.4574 6.5865 9.43399 11.9206 12.5314 9.48246 12.1384 5.52219 5.43998 4.06741 3.13239 2.65298 2.45272 17.3886 12.2775
threshold=0.57601438109912695 0.74322344322344336 0.790953232813698 0.15504807692307696 0.72036036036036044 0.65345368916797508 0.29708431836091415 0.92990501146413374 0.56465997770345611 0.18270286442750477 0.080128205128205135 0.40006174745291762 0.71623364658190547 1.0000000180025095e-35 0.74388789505068587 0.88153818115545846 0.79502625888168066 0.89725545390570038 0.92990501146413374 0.40289855072463776 0.19782608695652179 1.0000000180025095e-35 0.8426212590299279 0.73214285714285732 0.82807881773399028 0.76689497716894994 0.11073000465506318 0.90990259740259749 0.89039039039039047 0.96362433862433872
decision_type=2 2 2 2 2 2 2 2 2 2 2 2 2 2 2 2 2 2 2 2 2 2 2 2 2 2 2 2 2 2
left_child=1 26 3 4 5 6 -2 -7 9 13 11 -10 -11 -5 15 -6 17 18 24 -20 21 -19 -12 -22 -4 -16 -1 28 29 -18
right_child=2 -3 16 8 14 7 -8 -9 10 12 22 -13 -14 -15 25 -17 27 20 19 -21 23 -23 -24 -25 -26 -27 -28 -29 -30 -31
leaf_value=-0.15616881937051785 -0.095689779871984876 0.013013846392493096 -0.017600118659196352 0.047019255758443762 0.03331832802758395 0.035942291486939608 -0.31408831465886988 1.0962340213820836 0.010842271272521742 -0.080946658981810554 -0.0022533948537055435 0.086619354923316724 -0.026458713718462451 -0.024964693273811185 0.10297524845126614 1.2814161672503013 -0.0086611856581253182 0.64921684002747404 0.41445572951554288 0.0041709209365692048 0.04383839840590719 0.022527353953985689 -0.043568850312696111 0.18629055344616677 -0.14795544099825481 -0.048522214750506824 -0.10090579188175559 -0.00069120626874731865 0.027549608633703173 0.0084938688376093793
leaf_weight=36.043915465530276 2.6570626726937965 7.5988016978096118 7.3065158649642399 19.830907174505228 0.69441912962047236 0.62158136212099258 4.2416569750056974 0.067651458084583282 27.941030294467794 26.813081750499812 381.7151504696277 15.630383943229388 35.537347358360996 14.244517840862541 1.0144688868569476 0.11748325403459603 563.08804576811053 0.4345401911996295 0.80532567336922589 1.1666301744990049 7.3909244471506081 0.36308110018217121 21.891999057552312 2.2343651366827544 1.9383438623372056 6.2842055519787792 6.5735583649680711 7075.6798464181738 162.61434074347926 507.76065202288737
leaf_count=665682 14996 67221 4712 72326 1551 434 11754 1 22260 284435 456434 381 52730 170727 1672 53 130576 14 92 42 1233 314 411 207 1455 2657 2392671 687386 20380 69263
internal_value=-0.00116577 -0.123334 -0.000475692 -0.00752327 -0.0966194 -0.196365 -0.229971 0.140015 -0.0049503 -0.026278 -0.000351372 0.0380258 -0.0498906 0.0169279 -0.00330144 0.21392 -2.5399e-06 0.0440759 -0.00684208 0.171727 0.0988723 0.363945 -0.00449438 0.0769065 -0.0449314 -0.027465 -0.147645 -0.000117335 0.00317464 -0.000526832
internal_weight=8940.3 50.2163 8890.09 559.303 15.6985 7.58795 6.89872 0.689233 543.604 96.4259 447.179 43.5714 62.3504 34.0754 8.11058 0.811902 8330.78 21.6397 11.2168 1.97196 10.4229 0.797621 403.607 9.62529 9.24486 7.29867 42.6175 8309.14 1233.46 1070.85
internal_count=5134070 3125574 2008496 1092822 33118 27185 26750 435 1059704 580218 479486 22641 337165 243053 5933 1604 915674 8069 6301 134 1768 328 456845 1440 6167 4329 3058353 907605 220219 199839
is_linear=0
shrinkage=0.08


Tree=129
num_leaves=31
num_cat=0
split_feature=12 3 12 3 10 10 5 0 0 0 8 14 11 12 10 9 10 14 9 11 10 11 10 10 12 1 5 10 9 13
split_gain=97.8046 23.3242 6.74879 19.9254 15.5098 20.7427 18.3584 14.2949 193.987 10.5774 10.4522 8.08637 11.7944 53.5936 9.18743 5.10942 9.90223 11.3772 13.448 6.51626 5.97582 35.0571 8.09586 5.76933 5.619 11.9014 5.87152 4.64884 5.66123 4.52661
threshold=0.56350832266325235 0.72377109317681587 0.75093984962406024 0.39736842105263165 0.72481884057971024 0.72994422994423014 0.46470099667774095 0.35229476405946997 0.35368577810871188 0.10960960960960965 0.99629629629629635 1.0000000180025095e-35 0.63333333333333341 0.57517123287671246 0.73443554637044695 0.6844476055002372 0.67669683257918567 1.0000000180025095e-35 0.68898225957049497 0.29166666666666669 0.83157192123706769 0.18333333333333338 0.88548009367681513 0.83157192123706769 0.94360822556709778 0.84889995848899968 0.04819976771196284 0.80473787496495675 0.76071647274954091 0.19116177973542919
decision_type=2 2 2 2 2 2 2 2 2 2 2 2 2 2 2 2 2 2 2 2 2 2 2 2 2 2 2 2 2 2
left_child=1 -1 3 4 7 6 -6 10 -9 -7 -2 12 14 -14 -5 23 17 19 -19 -17 21 -18 -22 29 25 -25 -26 28 -13 -4
right_child=2 -3 15 11 5 9 -8 8 -10 -11 -12 27 13 -15 -16 16 20 18 -20 -21 22 -23 -24 24 26 -27 -28 -29 -30 -31
leaf_value=-0.13713111423141622 -0.09860013831832648 0.020695256098702864 -6.063513121181575e-05 0.010060711180871814 0.061278076346019825 0.21842553432375827 0.80213947446391087 -4.3065008658995394 -0.080136515474704059 -0.05049228757626948 -0.95634987088290713 -0.017903657984668388 4.4741100056835101 0.053856461968256594 -0.046523157097705596 -0.032482727351038312 -0.0032741168960929217 0.30533172397424441 0.058937120329236203 0.073884936868051199 -0.0072461397809234617 0.025281044721917272 0.0021093223051298349 0.026841900202811974 0.025276766699216743 0.23694528517690011 -0.17130732568727899 -0.081229891230071308 0.056241042641222205 -0.0057512840007059021
leaf_weight=41.340320987759043 17.235874117875611 7.0087837727485001 2564.8634457153307 84.631587303316962 0.5252949184169099 0.99681441825417927 0.36129424186500381 0.075697134293590262 0.84976971325351869 15.368362356655595 0.091403940053022548 134.42928633338383 0.017566247137394408 27.192258937966844 23.454485787709118 15.282560227060459 805.23792068764362 1.5016877814487113 25.337417645547248 4.8576580951339556 770.17014219267003 417.99537249357797 2558.7774625305137 5.4270416770596066 8.3822353490395454 2.5298359676962718 1.099975946359337 6.9623522712518016 6.9304660413891943 1373.7537694684729
leaf_count=2914235 293102 65807 39849 141459 2237 1354 816 2734 31128 40265 36 537995 6625 40903 16248 80 5170 59 484 243 23621 31815 72835 199 190 61 14 2646 3518 858022
internal_value=-0.000778519 -0.114252 -0.000160292 -0.0115831 -0.068082 -0.0136946 0.363187 -0.119487 -0.425825 -0.0341123 -0.103125 -0.0045103 0.00963333 0.0567101 -0.00221789 0.000265795 0.00207902 0.0386195 0.0727233 -0.00682771 0.00170192 0.00648357 -5.51148e-05 -0.00184219 0.0440703 0.0936429 0.00247219 -0.0174118 -0.0142686 -0.00204548
internal_weight=8922.69 48.3491 8874.34 319.123 35.5045 17.2518 0.886589 18.2527 0.925467 16.3652 17.3273 283.618 135.296 27.2098 108.086 8555.22 4599.16 46.9793 26.8391 20.1402 4552.18 1223.23 3328.95 3956.06 17.4391 7.95688 9.48221 148.322 141.36 3938.62
internal_count=5133750 2980042 2153708 1121066 371672 44672 3053 327000 33862 41619 293138 749394 205235 47528 157707 1032642 134307 866 543 323 133441 36985 96456 898335 464 260 204 544159 541513 897871
is_linear=0
shrinkage=0.08


Tree=130
num_leaves=31
num_cat=0
split_feature=12 3 3 8 0 0 9 3 3 2 7 2 13 1 2 9 5 0 13 10 10 2 3 5 10 0 5 5 5 3
split_gain=94.0778 12.281 5.61956 26.0178 39.799 358.661 260.814 13.9899 14.003 59.4331 44.042 12.176 11.1817 24.852 11.1716 16.0643 10.1325 11.6031 9.7574 9.45646 8.05443 7.92797 8.23258 6.28383 23.5976 5.45692 6.74263 4.35792 4.35301 3.35266
threshold=0.57267080745341625 0.74322344322344336 0.37248718959400873 0.76239567992145318 0.35229476405946997 0.35368577810871188 0.52803983228511542 0.37617924528301894 0.39736842105263165 0.41223155929038285 0.99629629629629635 0.20144927536231885 0.2390385395189264 0.31643132220795894 0.36882591093117417 0.94609125254286564 0.091966173361522213 0.17192118226600986 0.2736936258356088 0.42923898531375176 0.96039215686274526 0.14907407407407411 0.82446311858076571 0.69631093544137035 0.51639784946236567 0.18321678321678322 0.78319623971797891 0.65933268858800786 0.93142633228840133 0.38196555217831824
decision_type=2 2 2 2 2 2 2 2 2 2 2 2 2 2 2 2 2 2 2 2 2 2 2 2 2 2 2 2 2 2
left_child=1 -1 3 4 23 6 -6 12 9 29 -11 16 25 18 19 -16 17 -5 -14 -13 -18 28 -23 -2 -25 -4 -27 -15 -10 -9
right_child=2 -3 7 11 5 -7 -8 8 21 10 -12 14 13 27 15 -17 20 -19 -20 -21 -22 22 -24 24 -26 26 -28 -29 -30 -31
leaf_value=-0.12896688493047342 -0.076946893636508154 -0.017611907380194955 -0.057265552492669902 0.018118022922126217 -21.892901617866531 -0.080279309337332835 -5.0811984319414405 -0.0206238041098144 -0.070469666619482674 -0.080064301602821339 8.2608825606980822 0.79627097352426646 0.22891928326937244 -0.065775086290321486 -0.08056159533852654 1.1259877483111398 0.016061023288334645 0.16260621093647692 0.071682521085304776 -0.020601710301841325 -0.0144488779049493 0.0074336325475309441 -0.0002935096744086606 -2.2688241067347703 -0.20498945529406079 0.027666821132152131 0.38874284574501849 0.32221087803438381 0.08165031951470178 -0.068928484427850753
leaf_weight=40.942553567004431 7.4500886424697521 7.4997351712053222 5.3549118513392342 10.104503531572496 0.0072834772280365714 0.31379127434251253 0.031225690863013078 15.18194254185804 13.854137271771757 0.0070150375485117369 0.0095904115587472916 0.090736790241719656 6.6020589995823666 4.6162991760373719 0.15146615817684406 0.13232080423040316 122.63715475471517 5.4894654182928724 4.0909843903500587 214.84921872275049 100.97184596798616 1002.2170032371296 7382.6544541935227 0.036282966925026749 1.557002482375462 19.198423997318653 0.33679421719489155 0.1930266081180888 1.3184942258522649 23.322508409775843
leaf_count=3027704 187880 66931 1171 414 433 14724 996 17325 6224 68 1 37 406 2393 129 10 15312 839 150 51392 1000 658559 1011030 1694 11879 19509 78 12 145 35697
internal_value=-0.000541641 -0.111727 6.06415e-05 -0.00851369 -0.140284 -0.974485 -8.2609 0.000529681 0.000304858 -0.0478188 4.73722 -0.00578922 0.0474985 0.100833 -0.0195946 0.482014 0.0066322 0.0689815 0.168763 -0.0202569 0.00228411 0.000525544 0.000630091 -0.107786 -0.251988 0.0142801 0.0338919 -0.0502029 -0.0572505 -0.0498824
internal_weight=8991.22 48.4423 8942.78 463.822 9.39567 0.3523 0.0385092 8478.96 8438.57 38.5211 0.0166054 454.427 40.3925 15.5024 215.224 0.283787 239.203 15.594 10.693 214.94 223.609 8400.04 8384.87 9.04337 1.59329 24.8901 19.5352 4.80933 15.1726 38.5045
internal_count=5134142 3094635 2039507 286739 217606 16153 1429 1752768 1729049 53091 69 69133 23719 2961 51568 139 17565 1253 556 51429 16312 1675958 1669589 201453 13573 20758 19587 2405 6369 53022
is_linear=0
shrinkage=0.08


Tree=131
num_leaves=31
num_cat=0
split_feature=12 3 3 8 3 5 2 5 3 3 12 8 5 9 0 3 2 3 2 10 0 3 5 10 5 3 10 10 0 12
split_gain=72.4973 17.7131 4.8889 17.4647 9.85901 14.1448 29.4578 6.5387 6.15471 13.2212 12.3923 10.2015 33.0233 8.55913 7.88083 7.15937 124.18 14.9137 6.447 5.05599 7.51557 4.68997 4.64942 19.6572 4.23525 3.70561 6.91995 2.22021 2.01072 2.17346
threshold=0.57267080745341625 0.74322344322344336 0.36214605067064082 0.75701915507740758 0.31662489557226403 1.0000000180025095e-35 0.26568627450980398 0.40967365967365971 0.37617924528301894 0.39736842105263165 0.82519841269841276 0.97590011614401873 0.76986128625472905 0.90168461750897555 0.14907407407407411 0.40289855072463776 0.44033898305084751 0.41897974493623408 0.34641025641025652 0.71503759398496258 0.3917306052855925 0.35388994307400384 0.70087719298245621 0.51639784946236567 0.70659971305595415 0.38196555217831824 0.79469617140850035 0.51530771633864425 0.55217785843920153 0.55110075526273505
decision_type=2 2 2 2 2 2 2 2 2 2 2 2 2 2 2 2 2 2 2 2 2 2 2 2 2 2 2 2 2 2
left_child=1 -1 3 22 5 6 -5 -7 10 25 13 12 -12 14 -4 16 -11 -17 -13 20 -6 -21 -2 27 -25 26 -10 -24 29 -3
right_child=2 28 8 4 19 7 -8 -9 9 15 11 18 -14 -15 -16 17 -18 -19 -20 21 -22 -23 23 24 -26 -27 -28 -29 -30 -31
leaf_value=-0.12353755731975102 -0.10537285195317556 0.0056194350600139728 -0.30993999279611578 0.071876962443785011 -0.063824095154843385 -0.017863785933928591 1.0053386055356874 0.0079925773457806288 0.066675099557404 0.020547556252236802 0.080828924792021098 0.016509869983023694 1.1156165978750061 0.66228094802921234 -0.04008482329556437 -0.061104709252984092 5.0890313734947616 -0.00040208689597471105 0.21428029176093788 -0.015438718138388215 -0.65382730714274884 -0.0831042696003534 -0.080042274954431197 -0.49102833087419895 -0.12443031487445744 -0.070711975673458702 -0.053742821512449079 -2.2912539874125391 -0.082735253278314713 0.13923545342243546
leaf_weight=38.427037390668133 6.2299118070546919 6.0282192665568513 0.72946922298938055 10.661835689602182 14.824424584341383 103.74546156705927 0.22084689505368338 157.80665548778822 4.3252386987160412 88.122015691168144 12.756949727772732 68.718184167519212 0.20047961291857141 0.10764883761294264 13.708181947280943 25.984706075207214 0.030947636721520122 8235.2209029822698 1.0713549681240682 102.79607677336259 0.13947629809945361 7.0021867416028831 0.0031804063625507769 0.27385964607290636 0.76530779804743854 20.99149166171717 10.393471038256392 0.033696785312017155 1.3840670858750597 0.89478998098368112
leaf_count=3026692 167053 47984 815 1192 12116 17710 78 11003 15869 66675 2537 1425 31 19 64245 38267 22 1570039 58 17617 291 2610 1426 342 9701 35690 1636 26 16925 2116
internal_value=-0.00125902 -0.100638 -0.000736411 -0.00932889 -0.00707442 0.00145489 0.0908201 -0.00226343 -0.000326656 -0.000558781 0.0196788 0.0316493 0.0968393 -0.0484203 -0.0537194 -0.00035103 0.0223269 -0.00059302 0.0195459 -0.0256993 -0.0693234 -0.019754 -0.131896 -0.285455 -0.221043 -0.0491327 -0.0183568 -2.10055 0.00529073 0.0228891
internal_weight=8933.6 46.7341 8886.86 404.503 397.197 272.435 10.8827 261.552 8482.36 8385.07 97.2923 82.747 12.9574 14.5453 14.4377 8349.36 88.153 8261.21 69.7895 124.762 14.9639 109.798 7.30596 1.07604 1.03917 35.7102 14.7187 0.0368772 8.30708 6.92301
internal_count=5132210 3093717 2038493 241165 62617 29983 1270 28713 1797328 1728198 69130 4051 2568 65079 65060 1675003 66697 1608306 1483 32634 12407 20227 178548 11495 10043 53195 17505 1452 67025 50100
is_linear=0
shrinkage=0.08


Tree=132
num_leaves=31
num_cat=0
split_feature=12 3 9 10 2 7 10 10 9 11 9 7 8 7 10 12 7 8 8 9 10 5 2 10 11 3 13 5 3 7
split_gain=68.6744 14.9365 3.20091 14.5368 8.90805 10.9381 8.82037 9.38257 12.8019 19.6485 8.49343 18.0236 6.5202 6.5032 7.4375 6.13541 5.71284 8.29661 5.59802 5.2988 5.23076 5.23061 5.0629 4.86213 12.6129 12.1503 4.57156 4.52796 3.2131 2.37891
threshold=0.57267080745341625 0.74322344322344336 0.97182539682539681 0.97259759759759767 0.25677655677655681 0.97590011614401873 0.97259759759759767 0.9417420814479639 0.94609125254286564 0.45000000000000007 0.94609125254286564 0.9417420814479639 0.94474969474969483 0.9417420814479639 0.99593495934959353 0.90366769774635447 0.95861872146118743 0.97590011614401873 0.97590011614401873 0.8771316745876433 0.96039215686274526 0.4555335968379447 0.44033898305084751 0.99593495934959353 0.29166666666666669 0.96362433862433872 0.13124919892335304 0.56048780487804895 0.96490147783251234 0.86769720390997962
decision_type=2 2 2 2 2 2 2 2 2 2 2 2 2 2 2 2 2 2 2 2 2 2 2 2 2 2 2 2 2 2
left_child=1 -1 6 4 26 20 7 8 18 -10 21 -12 19 14 -5 -16 28 -18 -2 29 -6 -9 -21 24 -15 -25 -4 -7 -14 -8
right_child=2 -3 3 13 5 27 12 10 9 -11 11 -13 16 23 15 -17 17 -19 -20 22 -22 -23 -24 25 -26 -27 -28 -29 -30 -31
leaf_value=-0.12089675758305754 -0.00048785451718840297 -0.0031170402277948314 0.068427286260144909 0.1473301215008978 0.065395921790867007 0.048977255154154159 -0.10456633189626971 -0.0044482277171181903 0.098773203140496812 -0.0010865010533481238 -0.12830230657465339 -0.017215904483616744 0.017194434756235232 -0.00102553255026705 -0.15869203097440274 0.092809716848134341 0.037534746866221401 -0.069155340844675992 -0.0080504303452554049 -0.08340139787479578 -0.017766293184440989 0.043100085858026799 0.077415319135852853 0.0016291753098321214 -0.03877594475893209 0.05446773940803875 -0.067469299972302915 0.18061575323794024 -0.01387964327644647 0.053942488862434114
leaf_weight=37.264312028343113 6250.0942469464317 8.4545142475432709 1.9525301745161403 3.9989487580605774 5.8897325164871281 77.700612480810378 1.7942983843095732 314.02005339447351 20.822486859280616 31.974770671979059 9.6533670345088449 295.12518264353275 33.483039414664688 369.24300231435336 1.2027937656384895 1.2829329512896945 57.110460533935111 5.0797031981637693 696.21316316348384 1.3344787705573278 27.172402035968844 15.539546041429274 20.495848152786493 484.03406222641934 66.907795770675875 29.553152771259192 8.3996849732939136 1.7090921588242043 58.512952248333022 0.91497334372252215
leaf_count=3027320 1954381 66975 13 108 336 1426 77 5448 236 1526 291 4909 1614 2145 35 87 730 278 30407 108 356 1103 281 11224 1915 17195 117 37 2692 6
internal_value=-0.00131933 -0.0991164 -0.00081646 0.00326779 0.0291763 0.0357126 -0.00138059 -0.00179191 -0.000947548 0.0382967 -0.0111084 -0.0207344 0.0161871 -6.00838e-05 0.079782 -0.028887 0.0100912 0.0288203 -0.00124583 0.0544886 -0.00295167 -0.00220621 0.0675847 -0.000605234 -0.00681664 0.00466964 -0.0418379 0.0518104 -0.00256986 -0.0510348
internal_weight=8936.93 45.7188 8891.22 1079.05 122.824 112.472 7812.17 7633.44 6999.1 52.7973 634.338 304.779 178.726 956.223 6.48468 2.48573 154.186 62.1902 6946.31 24.5396 33.0621 329.56 21.8303 949.738 436.151 513.587 10.3522 79.4097 91.996 2.70927
internal_count=5133376 3094295 2039081 34994 2285 2155 2004087 1998301 1986550 1762 11751 5200 5786 32709 230 122 5314 1008 1984788 472 692 6551 389 32479 4060 28419 130 1463 4306 83
is_linear=0
shrinkage=0.08


Tree=133
num_leaves=31
num_cat=0
split_feature=12 3 5 2 3 12 8 2 13 1 10 5 5 11 12 8 0 13 12 2 0 4 0 2 3 1 5 13 5 2
split_gain=58.3008 15.4038 4.48499 18.7216 13.7827 35.3475 83.6065 10.6574 8.89238 11.1797 7.28768 7.26649 5.73317 11.514 9.21726 799.086 9.19364 10.3102 7.82616 7.21136 5.59402 5.41282 4.68613 9.64217 6.94955 4.12397 3.91841 3.59901 3.2395 824.515
threshold=0.57267080745341625 0.72377109317681587 0.71010186757215632 0.32811353070712018 0.7974358974358976 0.74115688722430317 0.8257418909592823 0.31851119894598162 0.29973395463885971 0.31400560224089641 0.83157192123706769 0.72821969696969713 0.62622549019607854 0.45000000000000007 0.57517123287671246 0.73375527426160347 0.16807909604519775 0.13653373343335837 0.60331143951833621 0.52976612331679662 0.36758151536476663 0.47222222222222227 0.10960960960960965 0.16530054644808742 0.28285714285714292 0.38757823784304291 0.65571120689655182 0.26598818562619836 0.22792207792207794 0.55351882160392807
decision_type=2 2 2 2 2 2 2 2 2 2 2 2 2 2 2 2 2 2 2 2 2 2 2 2 2 2 2 2 2 2
left_child=1 -1 12 7 5 6 -5 8 11 -10 21 -4 14 19 15 -2 18 -18 -15 26 -7 -6 23 -16 -24 -12 -14 -9 29 -3
right_child=2 28 3 4 10 20 -8 27 9 -11 25 -13 13 16 22 -17 17 -19 -20 -21 -22 -23 24 -25 -26 -27 -28 -29 -30 -31
leaf_value=-0.11579325126243506 -0.080012073337476036 66.223308427716276 -0.062341635861298837 0.47573543950990405 -0.015839706726002913 0.092007800031006101 5.0421331362468553 -0.11401907576992586 0.28613215495532679 -0.0040193387583064991 -0.3116738073389928 -0.013968275685948552 0.027278482507451386 -0.43530639523604087 0.013809531112377737 64.737085289380516 0.39253949862720705 0.031153321551737338 -0.010950789745446702 -0.20985283197508153 0.28517582990393903 0.15806856500649696 -0.02120680461894588 0.14590877804882293 0.00011470073901856422 -0.034767284335201126 -0.064657330325384385 -0.34247634050313308 -0.015619618239031951 0.060936219942334113
leaf_weight=35.279017990096563 0.088634482867255282 0.001206576281834403 23.330904564850613 0.1437714335652317 1.9924719960190485 4.2336596869281493 0.031236086382705253 1.003308231094137 1.367494530975818 2.2453708386456128 0.37382907234132279 134.14487061302336 4.5653504094600015 0.28042704529903417 27.829574844426663 0.0012342421828535058 0.50750504835298116 113.47517422885323 34.154699168345559 1.6527261138253369 1.2406422186177222 2.6942793657863149 98.987384847567228 4.051121944481948 8414.4660095154377 4.3450979840708897 8.4747422410452398 0.78788096411153663 6.7444397808021979 1.3148048226225268
leaf_count=3015429 11490 601 7435 644 146 85 25 229 12 59 4 40329 4043 1863 3922 678 6427 21282 3419 24 18 65 35259 790 1893344 299 6491 23 52269 23657
internal_value=-0.000434779 -0.0929959 1.66432e-05 -0.0125566 0.0727975 0.171565 1.29077 -0.0204459 -0.0182881 0.105805 0.0134749 -0.0211351 0.000273543 0.0151309 -1.00456e-05 0.810175 0.0218185 0.0327624 -0.0144066 -0.0524234 0.135786 0.0841352 -1.8566e-05 0.0305956 -0.000133208 -0.0567036 -0.0324705 -0.214509 0.00678338 0.121597
internal_weight=8929.81 43.3395 8886.47 177.935 15.055 5.64931 0.175008 162.88 161.089 3.61287 9.40568 157.476 8708.53 163.111 8545.42 0.0898687 148.418 113.983 34.4351 14.6928 5.4743 4.68675 8545.33 31.8807 8513.45 4.71893 13.0401 1.79119 8.06045 1.31601
internal_count=5130361 3091956 2038405 49373 1286 772 669 48087 47835 71 514 47764 1989032 43549 1945483 12168 32991 27709 5282 10558 103 211 1933315 4712 1928603 303 10534 252 76527 24258
is_linear=0
shrinkage=0.08


Tree=134
num_leaves=31
num_cat=0
split_feature=12 13 3 3 5 2 8 8 7 8 5 2 0 13 0 4 8 0 9 1 7 13 3 2 7 8 14 5 4 4
split_gain=11543.1 83865 164878 1.3493e+06 9.33888e+06 1.38699e+08 325742 965621 66111.6 1.3593e+06 674.952 2691.59 752515 46.7484 1728.36 14.6343 5.6319 12.5225 38.0374 12.2733 10.2476 16.7345 19.3532 10.3309 8.58062 15.6202 13.5145 9.17457 17.4145 9.15192
threshold=0.57517123287671246 0.15095308450601888 0.77032967032967048 0.72377109317681587 0.22792207792207794 0.56635220125786179 0.73375527426160347 0.74527629233511605 0.57267080745341625 0.70438540332906541 0.18834459459459463 0.55351882160392807 0.49089705395564387 0.13889311943682953 0.50301204819277123 0.64583333333333337 0.8257418909592823 0.16530054644808742 0.8508192712154562 0.13873295910184441 0.74736374736374744 0.50588561141116206 0.82446311858076571 0.61257406188281782 0.71623364658190547 0.78979857050032498 1.0000000180025095e-35 0.51564027370478993 0.73214285714285732 0.31666666666666671
decision_type=2 2 2 2 2 2 2 2 2 2 2 2 2 2 2 2 2 2 2 2 2 2 2 2 2 2 2 2 2 2
left_child=1 8 3 6 5 -5 -3 -8 10 -10 11 12 -1 15 -15 -12 17 18 19 -2 21 22 23 -18 25 29 -27 -26 -29 -19
right_child=16 2 -4 4 -6 -7 7 -9 9 -11 13 -13 -14 14 -16 -17 20 24 -20 -21 -22 -23 -24 -25 27 26 -28 28 -30 -31
leaf_value=-0.75391481193840426 0.0049731089079491217 -0.080060317544899146 -0.026868504988467042 -25096.620099653126 -0.081883174906148964 -0.080026929848661527 -1129.4751375473015 4.2836268167294369 -0.080012313453373562 -2781.6642136181413 -0.12854003589745897 0.014972423644274382 -1889.8704898137344 -0.080191764354768061 -47.489897540144057 0.06118434698736943 -0.0022008671437112677 -0.039512964484984772 -3.134900812627726 -0.16663653033425158 0.00057188343687627498 0.032149875285013729 -0.10564813382486307 0.17780647281315734 -0.015726814036160906 0.056267732547606343 -0.00024861214774248139 0.032238642026272413 1.4452178427942992 -0.0016776845077205657
leaf_weight=0.35621353355537333 5.2754503184816812 1.0798091837447743 2.1721942982047082 0.0015205283217837309 0.12135792206760954 0.019278423628314556 0.0065167626406426029 0.018333326218024193 0.024188756152811845 0.0011791841515434503 34.574190295872768 1.1764480656973235 0.0013546475202305111 0.17676188751037969 0.0050622342429988967 2.8137508066580486 25.594192108052088 41.467458087020077 0.026180018961896034 5.3947036587722188 4984.8242169176874 147.40548133308766 13.144646872584415 2.2172674354951587 420.40274748471802 55.540594476356432 52.842441320147032 23.482433082873289 0.055956831201909973 3079.5617960712493
leaf_count=391059 22479 1257981 44076 1294 10544 7046 3188 6299 4157 473 1124156 6379 708 250357 1175 261 21300 546745 4 14488 150950 1940 217 98 35133 8740 10958 8986 3 1203262
internal_value=-0.00675304 -1.32128 -13.3367 -36.5251 -268.517 -1834.79 -6.67033 -293.037 -0.2714 -129.377 -0.187645 -1.83248 -7.91084 -0.120485 -1.40014 -0.114262 -0.000438341 -0.00282882 -0.0892634 -0.0817907 0.00126402 0.0195808 -0.0256565 0.0121502 -0.00257713 -0.00114356 0.028713 -0.0130055 0.0355977 -0.00218038
internal_weight=8899.78 42.5482 3.41901 1.24682 0.142157 0.020799 1.10466 0.0248501 39.1291 0.0253679 39.1038 1.53402 0.357568 37.5698 0.181824 37.3879 8857.24 3684.05 10.6963 10.6702 5173.19 188.362 40.9561 27.8115 3673.35 3229.41 108.383 443.941 23.5384 3121.03
internal_count=5134456 3109153 1330428 1286352 18884 8340 1267468 9487 1778725 4630 1774095 398146 391767 1375949 251532 1124417 2025303 1850798 36971 36967 174505 23555 21615 21398 1813827 1769705 19698 44122 8989 1750007
is_linear=0
shrinkage=0.08


Tree=135
num_leaves=31
num_cat=0
split_feature=12 5 3 2 13 7 4 5 2 5 5 13 9 10 13 10 2 5 3 4 8 3 13 5 4 2 13 0 3 4
split_gain=74.4869 14.8046 59.4836 5778.19 12219.5 306.906 10.5155 38.6118 52.4942 6.88637 13.6211 18.7176 42.515 44.3036 9.80999 7.36369 6.76705 10.5952 6.55623 10.1461 8.41897 6.33784 9.35966 5.89076 986.977 5.24456 16.2466 19.8208 15.0717 13.4251
threshold=0.57919331037875077 0.21807065217391305 0.73252032520325217 0.55351882160392807 0.14078547106722744 0.57267080745341625 0.47222222222222227 0.22792207792207794 0.62258652094717681 0.69631093544137035 0.69309262166405039 0.10975609756097562 0.82793451758969006 0.6906926406926408 0.29026028274148574 0.85839598997493749 0.39314988290398134 0.74239631336405543 0.81530214424951286 0.31666666666666671 0.8402898550724639 0.46589147286821714 0.19924000217911114 0.22335600907029482 0.38750000000000007 0.22378716744913932 0.27909473342570751 0.29217479674796754 0.49018097805159805 1.0000000180025095e-35
decision_type=2 2 2 2 2 2 2 2 2 2 2 2 2 2 2 2 2 2 2 2 2 2 2 2 2 2 2 2 2 2
left_child=1 2 -1 4 -4 -5 23 8 -8 10 25 12 13 -12 16 -16 18 -18 20 -20 -11 22 -13 24 -3 26 -2 -28 -27 -30
right_child=9 6 3 5 -6 -7 7 -9 -10 14 11 21 -14 -15 15 -17 17 -19 19 -21 -22 -23 -24 -25 -26 28 27 -29 29 -31
leaf_value=-0.091329762984109164 0.0074760259511301675 -0.093892008178382197 -178.08949804644496 0.01491742500355378 -11.88985513811568 -24.512000590029707 7.3728288001732878 -0.0038863086500895995 -0.080459086569750413 -0.076387863142367854 6.4668614254138541 0.00016678890722424494 0.13140482396793809 1.386765186195495 0.11268022552995173 0.0053490795804159502 0.048621337368381701 0.71520217835698685 -0.13185712170398192 0.04605983242237132 -0.012513768846588454 -0.03449255591250662 0.25940419366847289 -0.10520213786127507 -79.562042531373507 -0.01541924916945149 0.38255283980162413 0.060883651800238435 0.018413208520524107 -0.00022572856204225897
leaf_weight=4.2385956202867225 278.6042087814003 0.16018878373044287 0.0035920792724936082 1.1517617912229521 0.01336649737550033 0.0032744015561548814 0.010732969842481732 5.800828027124922 0.013854406821522502 14.425838133363355 0.012219398189550978 1.6048513483943447 0.3095594864571467 0.10892796304173169 6.0734212683892137 12.532851359224876 0.65382976040927943 0.19907617023909552 7.5411445367924426 2.8179221616710493 156.25191332063315 1.9618338535408382 2.00484307733268 30.392754664368486 0.0010065167388333398 406.57650977518097 1.538530091755091 6.0348050852062443 255.49962825162038 7722.6363042081775
leaf_count=1027891 88907 28975 41 23502 321 25 199 18680 511 44344 142 714 5 46 207 462 77 26 209 81 6058 241 93 2055892 453 458138 34 566 74910 1300301
internal_value=-0.000787921 -0.107343 -0.230812 -0.735258 -47.0934 -0.0546137 -0.0889798 0.00952272 3.17308 -0.000286317 5.23812e-05 0.120525 0.628632 1.89916 -0.0149442 0.0403839 -0.020604 0.204208 -0.0216631 -0.0834593 -0.0179125 0.0812459 0.144149 -0.10776 -0.590098 -3.10134e-05 0.0106187 0.126231 -0.000394498 0.000371183
internal_weight=8919.18 41.79 5.41059 1.17199 0.0169586 1.15504 36.3794 5.82542 0.0245874 8877.39 8676.89 6.00224 0.430707 0.121147 200.496 18.6063 181.89 0.852906 181.037 10.3591 170.678 5.57153 3.60969 30.5539 0.161195 8670.89 286.178 7.57334 8384.71 7978.14
internal_count=5132051 3156490 1051780 23889 362 23527 2104710 19390 710 1975561 1924097 1241 193 188 51464 669 50795 103 50692 290 50402 1048 807 2085320 29428 1922856 89507 600 1833349 1375211
is_linear=0
shrinkage=0.08


Tree=136
num_leaves=31
num_cat=0
split_feature=2 7 9 5 11 0 8 13 13 10 10 2 5 3 2 8 13 5 5 2 14 11 2 1 8 5 0 5 1 3
split_gain=16.8037 42.7407 30.7423 11.7656 11.0206 33.7498 71.4724 10.9584 9.37113 5.93982 5.71693 20.4022 5.3788 10.5431 6.26759 5.11025 4.89256 4.51275 4.37583 24.4024 8.72736 8.42644 7.58583 7.09905 4.03562 3.38076 3.3734 17.1183 26.6048 13.1399
threshold=0.14907407407407411 0.74736374736374744 0.8508192712154562 0.30116279069767443 0.45000000000000007 0.14415584415584423 0.90501253132832093 0.24294609941583484 0.13711428086103752 0.72481884057971024 0.68457101658255248 0.13484848484848486 0.86425061425061445 0.74322344322344336 0.17192118226600986 0.92990501146413374 0.066873065015479891 0.77315608919382517 0.79008567931456553 0.24283374283374284 1.0000000180025095e-35 0.45000000000000007 0.30471628592483424 0.33137254901960783 0.85313725490196091 0.69309262166405039 0.83047895500725699 0.26365441906653431 0.9294019933554819 0.92770034843205595
decision_type=2 2 2 2 2 2 2 2 2 2 2 2 2 2 2 2 2 2 2 2 2 2 2 2 2 2 2 2 2 2
left_child=1 2 9 4 5 24 -7 17 15 10 -1 -12 18 14 -14 -6 -16 25 26 23 21 -21 -22 -20 -3 -5 27 28 -2 -28
right_child=12 3 -4 7 8 6 -8 -9 -10 -11 11 -13 13 -15 16 -17 -18 -19 19 20 22 -23 -24 -25 -26 -27 29 -29 -30 -31
leaf_value=-0.10626628619822517 -0.018948992021702173 0.4971188771190706 -2.620401619812128 -0.020514432888069228 -0.05686563558241485 3.2441045968403222 -0.081597300951307766 0.26290524032724494 -0.051540607186228542 -0.0098580345266728302 -0.11634178936838463 -0.7576229397607892 -0.051622058899757892 -0.093806071759446386 0.64914796474139869 0.087969236946011761 0.107543360407042 -0.056343326641175195 -0.08871945361279672 -0.053677741235034312 -0.074028984874705092 0.14030047887155181 0.11263577135597513 0.18752261470596832 0.024848221955109225 0.016991922128376604 0.011229773978774503 0.0014539426816343587 0.050668076654435568 -0.0003204933425223521
leaf_weight=28.256607092682884 544.89991274397323 0.1382226939676936 0.031086393624717767 57.655819387582596 1.7736113206919988 0.072196060849819332 0.096820535720326006 0.89382093958556552 5.5570367650361723 3.8475322709984203 1.5460461857248406 0.39957292983719339 1.7491350223311233 2.5788107265609588 0.1080756333183065 12.89136667503044 8.6760276686879561 16.660734836568736 21.61580113611533 1.7946111622376699 4.7640895933973111 7.1175642203041178 1.9693039873765767 0.61225289992456922 0.71383927040733397 20.977134417150864 708.18997324361771 1681.0561904254869 37.553715861367095 5735.8521309571461
leaf_count=158162 1825097 38 10 1522 156 41 17 37 120 4525 3247 1099 2302 531 372 97 1762 1244 39710 548 4334 1345 647 162 80 744 89484 2321810 5124 669907
internal_value=-0.000482559 -0.0268972 -0.105769 -0.00400688 0.0498767 0.306306 1.33899 -0.0159071 0.0369287 -0.103474 -0.115399 -0.248042 -2.56191e-05 0.0511746 0.0866697 0.0704526 0.114207 -0.0185223 -0.000102384 -0.0272361 0.0493047 0.10124 -0.0194355 -0.0811106 0.101461 -0.0105088 1.56348e-05 -0.00264119 -0.0144604 0.000948863
internal_weight=8910.05 151.511 34.0808 117.431 21.2431 1.02108 0.169017 96.1875 20.222 34.0498 30.2022 1.94562 8758.54 13.112 10.5332 14.665 8.7841 95.2937 8745.43 37.8736 15.6456 8.91218 6.73339 22.2281 0.852062 78.633 8707.55 2263.51 582.454 6444.04
internal_count=5134274 171139 167043 4096 549 176 58 3547 373 167033 162508 4346 4963135 4967 4436 253 2134 3510 4958168 46746 6874 1893 4981 39872 118 2266 4911422 4152031 1830221 759391
is_linear=0
shrinkage=0.08


Tree=137
num_leaves=31
num_cat=0
split_feature=12 1 1 8 3 3 13 0 8 7 1 8 8 9 11 7 13 3 9 14 4 12 14 5 2 7 9 5 11 12
split_gain=39.0912 10.5802 8.16631 910.717 6.83384 97.4356 4.82084 203.638 745.076 4.33178 18.8027 18.6039 11.8364 13.3969 10.6912 14.3549 10.6744 10.6436 9.55147 14.772 8.07669 8.02759 7.39814 8.20129 9.2401 8.26702 6.93076 6.47434 6.87173 6.3426
threshold=0.5824013764286593 0.75716625716625729 0.69804355850867494 0.68599439775910376 0.74133811230585434 0.73765182186234834 0.21768707482993202 0.3816526610644258 0.63903207331042389 0.78601953601953622 0.16530054644808748 0.86769720390997962 0.77836257309941526 0.7960174361006539 1.0000000180025095e-35 0.84356174698795205 0.088897869378774655 0.49018097805159805 0.81106578276389618 1.0000000180025095e-35 0.68333333333333346 0.75582655826558276 1.0000000180025095e-35 0.82650501672240806 0.17467581998474449 0.82167318982387483 0.78305692514567482 0.82426470588235301 0.22500000000000003 0.71819765994523299
decision_type=2 2 2 2 2 2 2 2 2 2 2 2 2 2 2 2 2 2 2 2 2 2 2 2 2 2 2 2 2 2
left_child=1 2 6 4 5 -4 -1 8 -8 10 16 14 13 17 15 20 -2 -12 19 -14 -11 -18 23 25 -25 -13 -17 28 -24 -20
right_child=9 -3 3 -5 -6 -7 7 -9 -10 11 12 22 18 -15 -16 26 21 -19 29 -21 -22 -23 27 24 -26 -27 -28 -29 -30 -31
leaf_value=-0.10239689179215267 0.0019075731060209551 0.0092959019514018346 -0.08089015391703136 -73.473113283192333 -0.086932619575321418 -8.6072963284452229 -0.080003283735529659 -0.010399825826078178 76.003653117496896 0.031806594070568191 -0.063154037037755351 0.020575651579637463 0.025339527187716263 0.13381001855008859 -0.038902672449799967 -0.0047687290248457906 -0.16162505070325728 0.00032742355822851726 0.16197102577488801 0.00087597439557049895 -0.007341886335014214 -0.019999016439915245 -0.00021791920147890454 -0.033655718055763839 0.08725943264994078 -0.0052081131007885072 -0.058471379719564398 -0.052237528747409348 0.0086353081520158612 -0.01989662900404018
leaf_weight=29.865662336804512 7.118193567437431 6.9090578263582563 0.099996747335233588 0.0010900208796696944 0.34640537027993251 0.0093824027776575891 0.0038036198559402426 1.6626748021950266 0.0010514742073155503 43.14829197229119 16.993043341662087 82.861674694649992 361.13661950431941 4.7951786151729712 115.95382474306462 22.824581368360668 8.8939983034290133 3207.0129562478387 1.2497898535320917 280.80483018513388 154.47466818988323 3.5974519251176398 1509.3276343076723 5.9156331488920868 12.78961724124383 2013.1880493253411 47.158424058696255 13.621037550095933 893.13162426154304 68.078219315438673
leaf_count=2982812 21625 42897 15850 48 19266 277 1043 126231 364 335 405915 5439 38367 578 11263 124 12134 1277131 781 40441 701 759 13019 316 188 58630 242 376 49736 5729
internal_value=-0.000459221 -0.0804813 -0.0998709 -0.435671 -0.261 -0.812274 -0.0950056 0.0373727 16.3975 -0.000108448 0.00186065 -0.00169501 0.00224956 0.000191562 -0.0186123 -0.0098204 -0.0762819 -7.17359e-06 0.0115918 0.0146384 0.00120565 -0.120838 -0.000262873 -0.00371819 0.0490194 -0.00418882 -0.0409565 0.00276151 0.00307333 -0.0166181
internal_weight=8912.97 38.8991 31.9901 0.456875 0.455785 0.109379 31.5332 1.66753 0.00485509 8874.08 3959.68 4914.4 3940.07 3228.8 383.56 267.606 19.6096 3224.01 711.269 641.941 197.623 12.4915 4530.84 2114.75 18.7053 2096.05 69.983 2416.08 2402.46 69.328
internal_count=5132617 3188788 3145891 35441 35393 16127 3110450 127638 1407 1943829 1803460 140369 1768942 1683624 12665 1402 34518 1683046 85318 78808 1036 12893 127704 64573 504 64069 366 63131 62755 6510
is_linear=0
shrinkage=0.08


Tree=138
num_leaves=31
num_cat=0
split_feature=12 7 0 13 7 5 8 13 0 13 7 14 8 11 1 12 0 14 13 13 8 9 13 9 1 7 8 9 1 12
split_gain=3715.63 146206 252336 2.38489e+07 42340 94550.6 291704 1.00257e+06 45201.8 8.68724e+06 1689.26 29935.2 71739.8 1759.78 15.563 7.59795 12.777 9.90883 9.05943 12.9178 26.31 7.07431 13.4968 7.45723 5.38281 5.12015 5.22291 4.68921 4.53964 3.9646
threshold=0.5824013764286593 0.57985507246376822 0.3816526610644258 0.21768707482993202 0.57517123287671246 0.15075757575757578 0.63903207331042389 0.21768707482993202 0.3816526610644258 0.21622767562983811 0.57267080745341625 1.0000000180025095e-35 0.64174237130211986 0.63333333333333341 0.75716625716625729 0.75093984962406024 0.16530054644808742 1.0000000180025095e-35 0.094674556213017763 0.095967985502869238 0.77836257309941526 0.57712133227597151 0.11148460333242942 0.47512376237623766 0.1680790960451978 0.69852141769949994 0.70750469043151987 0.82793451758969006 0.73765182186234834 0.57919331037875077
decision_type=2 2 2 2 2 2 2 2 2 2 2 2 2 2 2 2 2 2 2 2 2 2 2 2 2 2 2 2 2 2
left_child=1 4 3 -3 10 6 -6 -8 9 -7 14 13 -13 -12 28 16 18 21 24 20 -20 23 -23 -18 -2 26 -19 -27 -1 -16
right_child=15 2 -4 -5 5 8 7 -9 -10 -11 11 12 -14 -15 29 -17 17 25 19 -21 -22 22 -24 -25 -26 27 -28 -29 -30 -31
leaf_value=-0.099723823781414062 -0.013381912899221304 -0.080126306154722327 -0.083985942547970663 -12278.332667607345 -0.080000200473053271 -0.088242688043804196 -0.08000022398196642 -2302.6605806455441 0.060633374483409969 -6197.692855013398 -71.206588316217008 -0.080005651488003551 -459.43655263204965 -0.09421558437413198 0.01418958204381974 0.00066450120973151434 0.00033636423152333248 -0.023776305073643669 -3.1712192560475496 -0.13952930689010337 -0.44190886276520169 1.2016551279428158 0.024630009144518118 -0.069156438399791326 -0.49175448964461255 -0.056302610817703151 0.016967861682336188 0.10451356716566712 -0.47591222165499686 0.25753481976885595
leaf_weight=29.673873992130606 6.2317737134081357 0.061271943167659937 0.10597413079608486 0.0010294624440803082 0.014799791306691436 0.1895213356152366 0.0041858038078218338 0.001702437706003185 0.3909765138404297 0.0014586261213480603 0.0022495104177280003 0.0071133257170268626 0.0031348198108594417 0.223919913079556 6.5544941409401423 8553.0837114563656 68.167886338838301 95.461987644551115 0.02583327297910365 5.8600002772932323 0.18085562645296704 0.062409951599589841 65.392635635610958 11.55845709774526 0.15426824555182861 32.295812507118512 25.517865565748096 1.2036822228249082 0.20673109671501677 0.45845283079813715
leaf_count=3051325 25363 16781 2646 550 7978 32385 2051 614 4148 777 2449 6978 3282 1323 41028 1033635 114933 495191 914 6892 108 1344 97134 38525 130 33625 96957 398 13283 1579
internal_value=-0.00316211 -0.793577 -75.1975 -202.965 -0.461759 -21.4966 -189.562 -665.814 -15.522 -47.423 -0.12035 -6.86115 -140.593 -0.801508 -0.0771545 0.000217108 -0.0120431 -0.0087435 -0.0914451 -0.161453 -0.783035 0.00626254 0.0257523 -0.00973847 -0.024938 -0.0228463 -0.0151823 -0.0505243 -0.102327 0.0300976
internal_weight=8903.1 37.9009 0.168276 0.0623014 37.7326 0.602645 0.020688 0.00588824 0.581956 0.19098 37.13 0.236418 0.0102481 0.226169 36.8936 8865.2 312.113 299.661 12.4527 6.06669 0.206689 145.181 65.455 79.7263 6.38604 154.479 120.98 33.4995 29.8806 7.01295
internal_count=5134326 3189177 19977 17331 3169200 47953 10643 2665 37310 33162 3121247 14032 10260 3772 3107215 1945149 911514 878107 33407 7914 1022 251936 98478 153458 25493 626171 592148 34023 3064608 42607
is_linear=0
shrinkage=0.08


Tree=139
num_leaves=31
num_cat=0
split_feature=12 3 7 8 8 5 8 10 8 9 3 9 3 1 1 9 13 3 2 2 2 4 4 8 3 1 7 8 3 2
split_gain=35.5449 13.6764 8.06921 829.334 184.611 787.576 21.1938 4.40138 7.15244 8.52072 7.16473 6.84229 8.20227 6.75173 11.7856 7.08613 5.15749 16.0867 14.1258 13.3041 10.6483 10.2726 10.1755 9.39053 6.5933 14.2952 18.4967 9.84303 12.8756 10.9885
threshold=0.57601438109912695 0.92031746031746042 0.57267080745341625 0.71892556179775291 0.67669683257918567 0.23466833541927412 0.63903207331042389 0.96039215686274526 0.92990501146413374 0.92549648451955113 0.18465909090909091 0.94609125254286564 0.7748518762343648 0.938137755102041 0.82683658170914553 0.90168461750897555 0.75084549611802121 0.87609649122807032 0.87026647966339421 0.92084377610693402 0.7974358974358976 0.68333333333333346 0.31666666666666671 0.99629629629629635 0.87841832963784194 0.78629976580796257 1.0000000180025095e-35 0.80576285240464351 0.50396825396825407 0.80982519590114543
decision_type=2 2 2 2 2 2 2 2 2 2 2 2 2 2 2 2 2 2 2 2 2 2 2 2 2 2 2 2 2 2
left_child=1 2 -1 4 6 -6 -4 16 13 10 -10 12 -11 14 -9 -15 24 19 21 20 -18 -19 -20 -21 27 26 -26 28 -2 -29
right_child=7 -3 3 -5 5 -7 -8 8 9 11 -12 -13 -14 15 -16 -17 17 18 22 23 -22 -23 -24 -25 25 -27 -28 29 -30 -31
leaf_value=-0.10223879047528232 -0.059181248503404942 0.024176257122883398 -0.08000664152662422 64.162617202831626 -79.921234058522458 -0.080007223503118632 -2.5036255432303145 0.06984989395480462 0.30394737754228063 -0.040752878039746615 -0.033099464831251389 0.0024087764106366177 0.039195619539156346 0.010728135319153809 -0.16567127499674736 0.067732602143326395 0.0074595375040924852 -0.0092022348537539878 0.079736441184149659 -0.035266149118350965 0.051236809099400475 -0.052719728124616866 -0.0044719628555622924 -0.26010584675928561 0.64438822742719426 0.0015729823438809668 0.043834330126348978 -0.0025490241505613195 -0.010632487238875577 0.035001993983163775
leaf_weight=28.344592483476774 39.685359540039485 6.435468503743123 0.076743475507475678 0.0012452791813136179 0.0010019885738679619 0.0037499846961758644 0.033030847434849311 2.5751507624047454 0.40703167882740743 9.5231096066418086 48.512149749757398 1356.3132883121725 59.691642404126469 28.419030088058207 2.8811605810187757 27.423996476019965 83.59826001978945 71.189076197333634 9.2229050067253393 4.5618460851255795 61.883691160765011 67.760453892464284 2167.9378057013382 1.6078595754224805 0.33083744594374209 3646.9552963188676 41.552133325352443 774.96463192775695 293.71357908315315 53.304369227378629
leaf_count=3081058 542059 14354 23072 1964 907 1586 3117 326 7 733 2193 39584 1997 191 31 184 1533 1795 434 60 1248 1396 32654 66 69 819040 8671 97754 454791 897
internal_value=-0.000563828 -0.0811457 -0.104961 -0.771491 -1.47754 -16.9151 -0.809268 -0.000246235 0.00364743 0.00253424 -0.0302951 0.00366083 0.0281957 0.0304233 -0.0545151 0.0387225 -0.00106333 -0.00404079 -0.00569357 0.0212014 0.0260811 -0.0304241 -0.00411524 -0.0938606 0.000451502 0.00210668 0.0485782 -0.00480445 -0.0164114 -0.000132378
internal_weight=8888.91 34.8958 28.4604 0.115772 0.114526 0.00475197 0.109774 8854.01 1535.75 1474.45 48.9192 1425.53 69.2148 61.2993 5.45631 55.843 7318.27 2467.76 2316.11 151.652 145.482 138.95 2177.16 6.16971 4850.51 3688.84 41.883 1161.67 333.399 828.269
internal_count=5133771 3126058 3111704 30646 28682 2493 26189 2007713 45246 44514 2200 42314 2730 732 357 375 1962467 39186 36279 2907 2781 3191 33088 126 1923281 827780 8740 1095501 996850 98651
is_linear=0
shrinkage=0.08


Tree=140
num_leaves=31
num_cat=0
split_feature=12 7 8 7 8 8 1 1 2 12 3 8 11 13 2 11 5 8 7 5 5 0 3 12 12 4 4 10 1 12
split_gain=6387.42 6.43511e+06 1.49412e+08 1761.27 63115.6 913.54 10.6598 25.4242 208.029 3.769 10.933 8.09758 7.47099 7.21025 11.9179 11.4952 20.8737 14.0767 7.87381 7.16578 3.50625 3.34415 2.72532 28.268 2.64803 11.3961 11.1478 10.5938 9.81145 6.28299
threshold=0.57601438109912695 0.57517123287671246 0.67942846675215252 0.57267080745341625 0.68599439775910376 0.63903207331042389 0.75716625716625729 0.73765182186234834 0.5131670131670133 0.8166139695314748 0.56465997770345611 0.74527629233511605 0.45000000000000007 0.47377020983832147 0.63224516988674229 0.22500000000000003 0.42997198879551829 1.0000000180025095e-35 0.62889245585874809 0.76095238095238105 0.12660256410256412 0.60136986301369866 0.53950103950103967 0.73499399759903972 0.90990259740259749 0.94444444444444453 0.76388888888888895 0.58476052249637156 0.95040983606557383 0.82519841269841276
decision_type=2 2 2 2 2 2 2 2 2 2 2 2 2 2 2 2 2 2 2 2 2 2 2 2 2 2 2 2 2 2
left_child=1 3 -3 6 5 -5 7 -1 -9 10 11 22 20 15 21 17 -17 -12 -16 -14 -13 -15 -2 -24 25 26 28 -28 -11 -27
right_child=9 2 -4 4 -6 -7 -8 8 -10 24 13 12 19 14 18 16 -18 -19 -20 -21 -22 -23 23 -25 -26 29 27 -29 -30 -31
leaf_value=-0.096414008945949189 -0.0896286385124897 -0.080046350583048834 -29686.325885436909 -0.080008704098229327 -576.6227538942494 -74.605808597599619 0.014879750232775713 -18.791863755089143 -0.080077112806166875 -0.0046096453568194237 0.0031340628020643285 0.014989556761146359 -0.0061593987230772577 -0.23108089002546703 0.10716816747440248 0.075044983535620266 -0.0019690778999840817 -0.04686968014840745 -0.013220161147708144 -0.10828723405048775 -0.073568252081107857 -0.086437699894269054 -0.080690900927317191 2.3864873129153166 -0.00086181299347789131 0.17339755784838201 0.02413756268767037 -0.053796949187325541 0.011545144610106568 0.037701961730307133
leaf_weight=26.622402739624544 13.755823913869188 0.026256761003221423 0.0011318372868654612 0.054382219957573925 0.0012488232778234956 0.0010734536974749609 6.4981095696159477 0.0042753676918447286 0.03438225115171261 460.85129954327749 295.35941618016659 3.3407959178486228 98.907307586626473 1.1786909793736393 3.5560476937680496 37.409815168111066 56.603288792464042 41.03701721331538 156.27702685902477 4.6015519186257867 19.937577168018908 7.7439662828692235 0.35612967133497164 0.032428055759737617 7054.1778629859364 2.3210511496508834 15.301995120724312 41.267410855376511 503.46458112557593 36.933285909537517
leaf_count=3044930 451644 14944 1975 9500 2099 2419 37498 2170 9603 64598 20486 9245 107576 17 269 10858 13364 489513 2288 3862 41161 125 7796 63 686705 287 3856 515 90087 2538
internal_value=-0.00495561 -1.1118 -1226.87 -0.101088 -14.1882 -1.5226 -0.0769976 -0.0993909 -2.14952 -0.000800033 -0.00626522 -0.0263139 -0.0199089 -0.00154951 -0.0155648 0.00394565 0.0286765 -0.0029659 -0.0105417 -0.0106996 -0.0608589 -0.105545 -0.0837267 0.125214 -0.000301561 0.00342636 0.00179991 -0.0327157 0.00382469 0.0457254
internal_weight=8887.66 33.2433 0.0273886 33.2159 0.0567045 0.0554557 33.1592 26.6611 0.0386576 8854.41 740.097 140.932 126.787 599.165 168.756 430.41 94.0131 336.396 159.833 103.509 23.2784 8.92266 14.1444 0.388558 8114.32 1060.14 1020.89 56.5694 964.316 39.2543
internal_count=5131991 3125138 16919 3108219 14018 11919 3094201 3056703 11773 2006853 1158267 621347 161844 536920 2699 534221 24222 509999 2557 111438 50406 142 459503 7859 848586 161881 159056 4371 154685 2825
is_linear=0
shrinkage=0.08


Tree=141
num_leaves=31
num_cat=0
split_feature=12 1 1 2 12 8 2 5 13 2 8 5 2 2 11 9 13 5 10 0 12 13 2 2 12 4 0 14 5 0
split_gain=25.4775 9.71211 34.4292 919.222 3.04495 963.178 3.01021 6.15515 8.49992 3.99219 12.3186 9.37477 8.84976 7.91081 3.73796 2.88425 2.83674 4.33703 3.63324 2.0179 2.14836 1.91265 1.78753 1.47507 1.35054 1.20409 0.75676 0.727586 0.726343 0.641514
threshold=0.57267080745341625 0.75716625716625729 0.73765182186234834 0.56048780487804895 0.57517123287671246 0.63686313686313689 0.10128205128205127 0.67799539170506928 0.23158166804967967 0.24283374283374284 0.75123762376237635 0.84409722222222239 0.24068965517241384 0.44033898305084751 0.63333333333333341 0.53144778481012667 0.080014040014040042 0.55217785843920153 0.9417420814479639 0.55217785843920153 0.54953443503061838 0.27909473342570751 0.46265328874024531 0.93440860215053778 0.54261501210653773 0.64583333333333337 0.45867486338797819 1.0000000180025095e-35 0.70087719298245621 0.41897974493623408
decision_type=2 2 2 2 2 2 2 2 2 2 2 2 2 2 2 2 2 2 2 2 2 2 2 2 2 2 2 2 2 2
left_child=1 2 21 -4 5 -2 7 16 15 10 28 13 -12 -11 -13 -9 17 -6 -18 20 22 29 26 -24 -23 27 -3 -22 -8 -1
right_child=4 19 3 -5 6 -7 9 8 -10 11 12 14 -14 -15 -16 -17 18 -19 -20 -21 25 24 23 -25 -26 -27 -28 -29 -30 -31
leaf_value=-0.092177492263419189 -0.092773616691913516 0.037087133230683203 -76.399659856997616 -0.080071842737790264 -0.014709116638485991 77.356324763971969 -0.084368213692979505 0.044234260421077753 0.63100077508094532 -0.010497280014518488 0.0070431879285262032 -0.047839376182879721 0.085932203482804684 -1.1335580384762964e-05 0.16196309327101438 -0.085038009061228229 -0.061587298936837759 0.087982924882473432 0.010683872450010018 -0.081909094965861448 0.12930614850403763 0.20113242410583607 -0.05860945468832255 0.1133722738804873 -0.085445173035623531 0.32246151437864262 0.14949367160164304 -0.082416799363347948 -0.14159054564693946 -0.15185902543034582
leaf_weight=23.116400295161124 0.19528676099211179 1.2805693935538456 0.001048222740381923 0.027710584400779711 5.799187096378402 0.001033106730082555 3.3925290269586164 1.2185238045804982 0.11070886999368745 489.06747193191495 433.59393029586369 0.65813005872314478 9.2958869751050752 7870.0721391668767 3.120181330480591 11.813891536718739 7.7608996335099638 4.8195123778858644 10.441334428149274 1.149141271136173 0.70611200637659977 0.24015207146048301 2.1532596362807093 0.37471700058085833 0.18735044715005411 0.18793742726438722 0.54706897037777924 0.12179732741253679 2.4412987776407489 1.2131662876592333
leaf_count=2788143 9379 3576 3386 8284 2103 4649 93975 1841 1 501663 45049 49 2013 1346339 96 4854 1106 1534 70 12425 278 551 18869 5 3766 54 523 1519 24964 252665
internal_value=-0.000523 -0.0725649 -0.0954195 -2.86183 -0.000268265 0.314792 -0.000275251 -0.0216508 -0.0670215 -0.000173453 0.00717772 -0.00056789 0.008699 -0.000624836 0.125418 -0.0729511 -0.000960589 0.0318998 -0.0201304 0.0143087 0.034893 -0.0922059 0.0104594 -0.0331169 0.0755415 0.139656 0.0707339 0.0981587 -0.108314 -0.0951534
internal_weight=8885.11 31.3064 24.7858 0.0287588 8853.8 0.19632 8853.61 41.9641 13.1431 8811.64 448.724 8362.92 442.89 8359.14 3.77831 13.0324 28.8209 10.6187 18.2022 6.5206 5.37146 24.7571 4.35562 2.52798 0.427503 1.01585 1.82764 0.827909 5.83383 24.3296
internal_count=5133729 3094044 3056795 11670 2039685 14028 2025657 11509 6696 2014148 166001 1848147 47062 1848002 145 6695 4813 3637 1176 37249 24824 3045125 22973 18874 4317 1851 4099 1797 118939 3040808
is_linear=0
shrinkage=0.08


Tree=142
num_leaves=31
num_cat=0
split_feature=12 7 14 8 5 8 8 8 1 5 4 4 0 5 3 1 1 9 4 5 3 2 11 1 10 10 3 2 10 7
split_gain=527.551 45069 1.41718e+06 5.36417e+06 3347.73 6680.24 1091.61 2308.31 8.36601 2.98128 16.941 12.1084 26.0269 30.5177 10.6561 11.2151 11.0078 18.0641 10.4164 10.0589 15.7786 13.662 8.30387 9.55499 8.22171 6.63512 11.7862 11.0636 9.55488 7.81335
threshold=0.57517123287671246 0.57267080745341625 1.0000000180025095e-35 0.62351626867755916 0.056079664570230614 0.63686313686313689 0.63686313686313689 0.64174237130211986 0.81892697466467967 1.0000000180025095e-35 0.84523809523809534 0.73214285714285732 0.77581480353335375 0.16035714285714289 0.62593283582089565 0.49018097805159805 0.69028213166144214 0.94609125254286564 0.78888888888888908 0.14119601328903655 0.94494949494949509 0.83047895500725699 0.87500000000000011 0.93440860215053767 0.99593495934959353 0.63211600429645554 0.7748518762343648 0.95311355311355306 0.75123762376237635 0.70438540332906541
decision_type=2 2 2 2 2 2 2 2 2 2 2 2 2 2 2 2 2 2 2 2 2 2 2 2 2 2 2 2 2 2
left_child=1 8 4 -4 5 -3 -6 -8 -1 14 11 19 18 -14 15 -2 17 -16 -13 20 -11 -21 24 -24 -18 26 -12 -28 29 -27
right_child=9 2 3 -5 6 -7 7 -9 -10 10 25 12 13 -15 16 -17 22 -19 -20 21 -22 -23 23 -25 -26 28 27 -29 -30 -31
leaf_value=-0.096570629522896564 0.02358275034259863 -0.080006289036656256 -0.080001833911462358 -6205.7481140857508 -0.092305263901433746 -206.78316804838508 -40.194171197447957 5.4922307084819408 0.0076878794404181133 -0.0045250837362415305 0.40416193617925567 0.06589725702258814 0.016687176205114895 -0.031938621696016481 0.0057994908360897799 0.14190525356048686 0.00029847492842378177 -0.19433358436227366 -0.056692036881636376 -0.0011375112855077838 -0.03923641570776127 0.015883415175221374 -0.0025454078707893351 0.040866548376366392 0.076903794531356526 0.21658198808081838 0.0014424605184247539 0.5278935328976847 0.031048975119459112 0.071866664452017948
leaf_weight=23.575140813814635 26.579620403930107 0.0028295448821550042 0.0041621552459620717 0.0011344467495536924 0.17377600433702423 0.0015481138979680509 0.013960165149910608 0.014356732355307211 6.2268114090809581 596.75824438426537 0.47604620549100118 32.54813298670706 109.36109542048143 337.60815725231078 7.0662579954405356 6.3520439171330727 5202.3730768779596 4.8796403303276747 5.135995915017701 1850.9646526552337 97.505900773380631 360.60483873871999 60.197336255371738 70.391515401570359 8.9820066232350637 3.2776447657961389 49.077825681695685 0.2568180261150691 45.233347649598727 8.7944778560777177
leaf_count=3075426 26079 185 5946 4240 2353 75 79 1039 19166 318139 32 4409 7624 38898 3233 1567 615460 39 256 897130 9407 62357 1621 31037 2117 58 5595 25 1053 198
internal_value=-0.00127468 -0.336109 -37.1119 -1329.23 -3.96501 -73.1784 -2.46573 -17.0311 -0.0747869 -0.000143529 -0.00196221 -0.00295184 -0.0146582 -0.0200412 0.00103732 0.0464055 0.000758264 -0.0759505 0.0491895 -0.000999376 -0.00940012 0.00163782 0.000929804 0.020855 0.000430508 0.0293618 0.00800561 0.00418297 0.0479249 0.111158
internal_weight=8914.44 30.0137 0.211767 0.0052966 0.206471 0.00437766 0.202093 0.0283169 29.802 8884.42 3497.6 3390.49 484.653 446.969 5386.82 32.9317 5353.89 11.9459 37.6841 2905.83 694.264 2211.57 5341.94 130.589 5211.36 107.116 49.8107 49.3346 57.3055 12.0721
internal_count=5134843 3108509 13917 10186 3731 260 3471 1118 3094592 2026334 1345181 1338220 51187 46522 681153 27646 653507 3272 4665 1287033 327546 959487 650235 32658 617577 6961 5652 5620 1309 256
is_linear=0
shrinkage=0.08


Tree=143
num_leaves=31
num_cat=0
split_feature=12 7 10 8 8 14 10 1 10 9 11 7 10 8 10 7 8 7 10 9 7 10 8 12 4 11 8 13 8 9
split_gain=40.1473 28.0792 662.211 321.096 26292 26355 36.3761 10.269 3.81581 18.2728 22.3513 25.6781 19.2658 20.115 16.437 14.6959 9.8761 9.58893 17.1815 38.819 13.6401 13.2298 90.6351 7.99222 7.87596 9.05777 6.54936 6.17054 7.25895 19.7895
threshold=0.57601438109912695 0.57267080745341625 0.41955396256471528 0.64174237130211986 0.62977544473607472 1.0000000180025095e-35 0.67669683257918567 0.75716625716625729 0.8426212590299279 0.74310998735777511 0.22500000000000003 0.88669519548725939 0.73443554637044695 0.88153818115545846 0.82287581699346413 0.64480286738351256 0.75701915507740758 0.92549648451955113 0.92031746031746042 0.90168461750897555 0.84356174698795205 0.92031746031746042 0.96178188899707895 0.65806129247168565 0.61250000000000016 0.29166666666666669 0.96178188899707895 0.75084549611802121 0.76689497716894994 0.70438540332906541
decision_type=2 2 2 2 2 2 2 2 2 2 2 2 2 2 2 2 2 2 2 2 2 2 2 2 2 2 2 2 2 2
left_child=1 7 -3 4 -4 -6 -5 -1 9 27 11 15 23 -14 -13 -11 24 18 20 -20 -18 22 -19 -12 -10 -26 -23 28 29 -2
right_child=8 2 3 6 5 -7 -8 -9 16 10 12 14 13 -15 -16 -17 17 21 19 -21 -22 26 -24 -25 25 -27 -28 -29 -30 -31
leaf_value=-0.095687848081825316 -0.00017646604292741543 -53.557746772810518 -0.089876158959017544 -0.093600241768321407 -529.97800862832048 -0.080000208134671652 2.8396512165494148 0.015874094406393577 0.19212384792296505 0.11368205213826689 0.41621497905516963 0.070163218915666445 -0.0080937851038332537 0.033141240928630106 0.00023499421801789842 -0.0063376028700538982 -0.0026228533947121112 0.097619946292894916 0.032235743307117377 -0.018360694204315284 -0.024418685558332567 -0.01071867059400965 -0.0072304725118692683 0.067817310640128678 0.085604821434212025 -0.10008177469605883 0.00088987210417404373 -0.0069696530529864036 0.0078612769438112066 -0.044325433938585672
leaf_weight=21.598248467174379 2999.2257580814485 0.0014959494745266913 0.18539517104270703 2.3068102900726837 0.001207779610323878 0.001195095699552883 0.027379233849248563 6.9893456665044402 2.6919409484662529 6.610179382463456 0.42476473500063505 52.506565525429323 115.44833051796161 219.97424482403608 36.444931640231516 534.21412816027464 315.40944488720334 68.012299182941206 182.69673787447164 207.00977118428273 440.25468467338942 406.37902303843293 235.33999059558846 53.238603583335802 6.1789355576038343 2.3097660141065717 1325.8866893390077 856.55288247030694 706.65793912785148 66.417899903057787
leaf_count=3058658 1708038 521 20833 5729 492 1471 1656 37361 159 106 1508 336 37016 13382 280 4076 16788 1263 5250 5363 9743 6767 8575 7163 35 58 42224 14700 90251 33986
internal_value=-0.000273897 -0.0909928 -0.3468 -0.315238 -3.49767 -266.428 -0.0591942 -0.0684122 4.53793e-05 0.00129497 0.0109941 0.00168062 0.026069 0.0189487 0.0415124 -0.00487067 -0.00216544 -0.00242925 -0.00828482 0.00535922 -0.0153212 0.000865469 0.0162772 0.070575 0.0728909 0.0350797 -0.00183342 -0.000839928 0.00055191 -0.00113296
internal_weight=8871 31.1111 2.52348 2.52199 0.187798 0.00240288 2.33419 28.5876 8839.89 5647.72 1018.86 629.776 389.086 335.423 88.9515 540.824 3192.17 3180.99 1145.37 389.707 755.664 2035.62 303.352 53.6634 11.1806 8.4887 1732.27 4628.85 3772.3 3065.64
internal_count=5133788 3126721 30702 30181 22796 1963 7385 3096019 2007067 1910842 63867 4798 59069 50398 616 4182 96225 95973 37144 10613 26531 58829 9838 8671 252 93 48991 1846975 1832275 1742024
is_linear=0
shrinkage=0.08


Tree=144
num_leaves=31
num_cat=0
split_feature=12 1 5 2 3 5 1 13 13 8 0 1 13 13 3 5 12 2 10 5 13 13 2 3 0 13 0 12 5 10
split_gain=24.4908 6.09616 3.865 9.26223 9.80014 15.3302 12.5244 11.7941 7.37523 6.02982 6.48187 7.50328 6.39753 5.56503 4.86504 4.2519 8.22564 7.66148 8.76647 5.52613 2.73163 27.0985 2.58055 16.9879 6.81094 1.95624 2.49759 184.474 802.874 15.3992
threshold=0.57601438109912695 0.75716625716625729 0.69631093544137035 0.27639257294429714 0.7974358974358976 0.78319623971797891 0.35585996955859972 0.30561188207326739 0.15521726180626802 0.80576285240464351 0.17712418300653601 0.23132664437012271 0.12456747404844294 0.25352909761910464 0.85215543412264738 0.68819444444444455 0.75093984962406024 0.12632978723404256 0.68783602150537648 0.68469785575048747 0.095967985502869238 0.094674556213017763 0.22378716744913932 0.39736842105263165 0.15504807692307696 0.27909473342570751 0.41897974493623408 0.42146381578947373 0.3465463108320252 1.0000000180025095e-35
decision_type=2 2 2 2 2 2 2 2 2 2 2 2 2 2 2 2 2 2 2 2 2 2 2 2 2 2 2 2 2 2
left_child=1 25 15 9 5 7 14 -5 -7 20 12 -12 -11 -8 -6 19 -17 -18 -19 22 21 -4 23 -2 -24 26 29 28 -28 -1
right_child=2 -3 3 4 6 8 13 -9 -10 10 11 -13 -14 -15 -16 16 17 18 -20 -21 -22 -23 24 -25 -26 -27 27 -29 -30 -31
leaf_value=1.1311726660584698 0.0016384143582075935 -0.0056555957915276102 -0.1472168924185272 -0.013692024363489855 -0.2313973892654605 -0.10162825688777571 -0.12905928710267134 0.14821190234682499 0.19565229399715522 -0.027583346901278411 -0.046975041011160387 0.0032546152176179282 0.024088562752033173 0.025891403243652213 0.018181367341557727 -0.07573085629357483 -0.104148512399865 0.28913825289414946 0.064321458681423346 -0.075494291684105749 -0.070761115451771661 -2.5463629621185504 -0.086319776932581457 0.070055795103779753 4.4776082129765783e-05 0.080288493292010765 -0.080029842304918636 -0.14052704199497668 -79.256394240606241 -0.092340030214643001
leaf_weight=0.066036002810370031 263.02550215019517 6.8198714859365763 1.2839978327561374 14.373165054115054 2.2384314946980353 0.59252065396267894 1.684835772496627 3.601014198982738 5.4170090911395619 26.266440298972242 59.941677417045184 27.888563645459726 36.847307370393537 12.407963567922705 0.64358158591494419 3.2241325806007834 1.517831513803684 1.2284487775614241 11.518645996286066 6.170334567423196 4.0395476267046782 0.030854922652949646 5.8481815684917811 25.476341952801818 8334.8374095841809 0.41603404263192345 0.0043420509431243365 1.1660705870162058 0.0010104025731960727 21.689976397456324
leaf_count=730 83067 37514 13235 4333 65 132 80 50 253 2562 2441 1514 935 583 23 3063 56 76 402 1617 26578 372 1678 8030 1856912 4859 1611 261330 913 2818200
internal_value=-0.000230483 -0.0721941 1.47865e-05 -0.0110579 0.022806 0.0557274 -0.0237087 0.0187444 0.166341 -0.0199321 -0.0169726 -0.0310257 0.00258394 0.00736659 -0.175664 0.000267208 0.0396729 0.0657562 0.0859873 0.000187401 -0.103361 -0.203516 0.000241517 0.00768006 -1.57796e-05 -0.0916336 -0.0947532 -0.208544 -15.0264 -0.0886263
internal_weight=8880.27 30.1633 8850.1 197.257 40.9585 23.9837 16.9748 17.9742 6.00953 156.298 150.944 87.8302 63.1137 14.0928 2.88201 8652.85 17.4891 14.2649 12.7471 8635.36 5.3544 1.31485 8629.19 288.502 8340.69 23.3435 22.9274 1.17142 0.00535245 21.756
internal_count=5133214 3125157 2008057 53156 5519 4768 751 4383 385 47637 7452 3955 3497 663 88 1954901 3597 534 478 1951304 40185 13607 1949687 91097 1858590 3087643 3082784 263854 2524 2818930
is_linear=0
shrinkage=0.08


Tree=145
num_leaves=31
num_cat=0
split_feature=12 0 0 10 9 12 2 5 2 13 0 2 5 11 10 1 12 13 14 7 7 11 2 14 10 9 13 4 12 7
split_gain=17.2149 7.81493 11.769 171.317 803.438 9.37946 640.024 4.07622 11.0277 10.7569 12.0355 10.9901 8.64327 6.10228 11.2304 16.9052 11.8793 10.497 9.39752 7.06586 6.04157 43.061 16.409 15.4977 8.25947 5.99401 5.82621 5.25111 4.82532 4.38681
threshold=0.57601438109912695 0.37248718959400873 0.3816526610644258 0.70750469043151976 0.6844476055002372 0.37553418803418809 0.48934240362811798 0.69631093544137035 0.36032786885245899 0.22816712148978627 0.29459980713596917 0.38507877664504175 0.70087719298245621 0.87500000000000011 0.72036036036036044 0.99295774647887336 0.76239567992145318 0.59383018303113244 1.0000000180025095e-35 0.61134067952249782 0.97590011614401873 0.29166666666666669 0.89039039039039047 1.0000000180025095e-35 0.97259759759759767 0.94609125254286564 0.40006174745291762 0.31666666666666671 0.8755952380952382 0.70438540332906541
decision_type=2 2 2 2 2 2 2 2 2 2 2 2 2 2 2 2 2 2 2 2 2 2 2 2 2 2 2 2 2 2
left_child=1 -1 3 5 -5 6 -3 13 12 10 -10 -12 -9 20 17 16 -16 18 -15 -19 24 22 -22 -23 25 -2 -11 -28 -26 -17
right_child=7 2 -4 4 -6 -7 -8 8 9 26 11 -13 -14 14 15 29 -18 19 -20 -21 21 23 -24 -25 28 -27 27 -29 -30 -31
leaf_value=-0.091320696482698055 9.7574065271988465e-06 -0.081520189737225676 -0.017192272568412024 78.800772323244217 -0.080254154693789756 -0.081396538314426281 52.17912096592547 -0.09797321207803586 0.18957983944430085 0.068980905265522807 -0.081241621855097396 1.3882290040762286 -0.012788410886508622 -0.0031026444393307076 0.054826533513830274 -0.019008141867912273 0.0044897823224509335 -0.32019630165500595 -0.045386659727135882 0.021434131130493143 -0.023820549540911531 -0.08966571561401826 0.0088415080697336577 0.0067352205204001146 0.10594180243328932 -0.011087523123597979 0.10530756024351964 -0.11487442610055956 0.012401977399761614 0.054603926375690462
leaf_weight=19.262452851092981 6334.1903729389069 0.073935295847172705 8.9044116993976612 0.0010141888117303202 0.0044629688306230264 0.18294219806819115 0.0015308309312729298 7.962229898830997 0.99078609350203695 9.3638437688382492 0.04653156833455796 0.10858450696832733 178.99870558010966 67.500213823632748 31.043151320418247 5.6725747948512426 897.71243474886796 0.39051634655333956 67.056469963752306 49.577224199834745 137.67559699091362 51.685439721331932 345.43072960159043 13.45046642993111 3.5760571958107894 327.61633204176906 0.96466641267761533 2.4635009234771132 271.09275217738468 59.813942043896532
leaf_count=2495611 1540054 1276 544674 392 109 83099 274 2295 89 416 108 25 50165 64884 35158 423 30586 17 228012 5636 844 529 2298 147 167 4559 65 154 5520 36468
internal_value=-0.000232428 -0.0623841 -0.00158885 0.524925 14.5259 0.228163 0.978587 -3.30889e-05 -0.0112986 0.0573481 0.292165 0.947419 -0.0164162 0.000228149 0.00557827 0.00894226 0.00617226 -0.0125474 -0.0241749 0.0187642 -0.00061444 -0.00869907 -0.000466522 -0.0697591 2.45502e-05 -0.000535988 0.0363133 -0.0529165 0.0136198 0.0482275
internal_weight=8892.81 28.4308 9.1683 0.263885 0.00547716 0.258408 0.0754661 8864.38 200.899 13.9379 1.1459 0.155116 186.961 8663.48 1178.77 994.242 928.756 184.524 134.557 49.9677 7484.72 548.242 483.106 65.1359 6936.48 6661.81 12.792 3.42817 274.669 65.4865
internal_count=5134054 3125435 629824 85150 501 84649 1550 2008619 53317 857 222 133 52460 1955302 401184 102635 65744 298549 292896 5653 1554118 3818 3142 676 1550300 1544613 635 219 5687 36891
is_linear=0
shrinkage=0.08


Tree=146
num_leaves=31
num_cat=0
split_feature=0 7 10 8 0 8 0 0 0 2 4 1 2 13 2 1 2 3 0 1 3 3 5 3 3 1 2 3 0 1
split_gain=139.704 8783.39 822665 1.75311e+07 4.5061e+07 826877 46557.3 4080 11776.4 1.33999e+06 9.95671 11.5566 14.4475 10.0409 9.55719 9.54476 21.2887 14.5988 12.2205 17.1997 13.3822 15.0327 11.6761 10.0208 10.935 8.24198 12.7376 11.4489 8.12635 7.17916
threshold=0.39314988290398134 0.57267080745341625 0.70750469043151976 0.70750469043151987 0.32811353070712018 0.73375527426160347 0.37248718959400873 0.37248718959400873 0.37573529411764711 0.44033898305084751 0.41428571428571431 0.33549783549783552 0.63224516988674229 0.33171815316820336 0.32305502846299816 0.60158730158730167 0.63702239789196324 0.49018097805159805 0.6813346228239846 0.82097069597069605 0.89725545390570038 0.81120250685468098 0.22335600907029482 0.82683658170914553 0.86729559748427687 0.77871939736346529 0.74543037554004665 0.89564428312159727 0.49089705395564387 0.95742753623188415
decision_type=2 2 2 2 2 2 2 2 2 2 2 2 2 2 2 2 2 2 2 2 2 2 2 2 2 2 2 2 2 2
left_child=1 2 7 4 -4 -5 -7 -1 9 -9 11 13 -13 14 -3 16 17 -2 19 20 21 -17 29 28 -25 26 27 -20 -19 -21
right_child=15 10 3 5 -6 6 -8 8 -10 -11 -12 12 -14 -15 -16 18 -18 23 25 22 -22 -23 -24 24 -26 -27 -28 -29 -30 -31
leaf_value=-0.090343504179033085 -0.048666379007907337 0.0020849656907611985 -0.080001156580615795 -2258.4923133536272 -19812.101734395659 -0.080237635782103439 -185.4455156380817 -0.081151249607010936 -0.080457169979983853 -2931.8703970686929 0.13481039052947147 -0.032628452274664869 0.13202998638814684 0.079593181014535927 -0.027269197552016303 -0.027838715670385802 0.098644228429548647 0.0099942298260589837 -0.018045826557887872 0.028471453058005088 0.042730927158608906 -0.09179918040441265 -0.009279577528538226 -0.17909075917921333 0.0070395213216268718 -4.3792783288524269e-05 0.060806926355292987 0.082405272436090249 0.058693333702613287 0.13440216062008692
leaf_weight=14.173311968164828 23.356087933044165 754.93599909445504 0.0025401775864399697 0.0010626934626269948 0.00103371580527023 0.10005395356967996 0.0094947648194647627 0.084771952438641981 0.24148132241932246 0.0010096219752601795 3.3725735745884995 106.03784610702689 3.5237326475926229 10.094732124358414 78.353138369382123 72.033520864500005 19.29596210984505 55.076029487171589 42.79396049240313 21.265683676826828 11.324967276346682 34.917490097227429 137.43348317083041 3.1627580858160922 5.5911137294707487 7388.4829976028432 36.418258233150482 8.7456689447990339 36.438533455841004 5.0709667614580658
leaf_count=2455890 245934 395971 7272 2276 2733 2638 158 33326 144985 1286 123 145929 81 325 97969 181700 10403 120505 35136 16902 3430 48693 67751 375 284 1058862 13730 358 37796 710
internal_value=-0.00351226 -0.0321496 -1.97855 -215.87 -5730.53 -37.6894 -16.1461 -0.294254 -9.12535 -34.5874 -0.00240411 -0.00288973 -0.0273327 0.000285588 -0.00067517 6.72201e-06 0.0204929 0.00829466 -0.000370658 -0.0167175 -0.0399641 -0.0487206 7.13753e-05 0.0215629 -0.060209 0.00024602 0.0245904 -0.00100046 0.0293848 0.0488678
internal_weight=8872.34 970.933 14.6148 0.114185 0.00357389 0.110611 0.109549 14.5006 0.327263 0.0857816 956.318 952.945 109.562 843.384 833.289 7901.41 142.92 123.625 7758.49 282.046 118.276 106.951 163.77 100.268 8.75387 7476.44 87.9579 51.5396 91.5146 26.3367
internal_count=5133531 3290962 2650564 15077 10005 5072 2796 2635487 179597 34612 640398 640275 146010 494265 493940 1842569 415297 404894 1427272 319186 233823 230393 85363 158960 659 1108086 49224 35494 158301 17612
is_linear=0
shrinkage=0.08


Tree=147
num_leaves=31
num_cat=0
split_feature=12 3 10 10 9 5 2 5 1 10 9 2 2 11 11 10 9 12 3 5 1 10 4 2 5 1 1 9 12 10
split_gain=16.0859 4.15463 5.69448 62.1154 912.199 2.95628 9.47533 8.84327 7.9211 6.15373 5.60766 5.41262 12.2108 8.89536 12.0316 7.80365 15.3597 6.89491 6.43332 8.18368 16.8367 5.26236 4.71281 4.34083 10.3351 4.19817 5.90554 4.75339 4.12131 6.72611
threshold=0.57601438109912695 0.92031746031746042 0.70750469043151976 0.71081871345029246 0.64112350753572134 0.71010186757215632 0.36032786885245899 0.73746867167919816 0.44033898305084757 0.83157192123706769 0.77125645438898471 0.24283374283374284 0.23845060412224597 0.70833333333333337 0.63333333333333341 0.72036036036036044 0.53546277665995989 0.75582655826558276 0.36214605067064082 1.0000000180025095e-35 0.18321678321678331 0.6906926406926408 0.47222222222222227 0.091966173361522255 0.93142633228840133 0.227922077922078 0.26766169154228864 0.47106647537063612 0.951918631530282 0.99593495934959353
decision_type=2 2 2 2 2 2 2 2 2 2 2 2 2 2 2 2 2 2 2 2 2 2 2 2 2 2 2 2 2 2
left_child=1 2 -1 4 -4 11 7 28 -8 22 -11 12 15 14 -14 17 -17 -2 19 20 -13 -21 -10 -9 -25 27 -27 -20 29 -7
right_child=5 -3 3 -5 -6 6 8 23 9 10 -12 18 13 -15 -16 16 -18 -19 25 21 -22 -23 -24 24 -26 26 -28 -29 -30 -31
leaf_value=-0.090416659810087285 -0.084438627954738138 -0.0078831634213308525 -0.080449980822888761 -0.080759089001107329 78.304338307656479 -0.031670890320430078 0.14129848846665075 -0.072872537862715525 -0.041485192214007267 -0.39913176767041714 -0.040961576607762354 0.6387837732577526 0.16519195920182891 0.044510802172484536 1.3470926127610527 0.39532570853763999 0.0093258245714362767 -0.0094873533506193691 0.14023177679066287 -0.096278757535957701 0.038588876829530321 -0.023113298211567913 0.13900485008146637 -0.004931019045482197 0.34598019763310456 0.025263136341926656 -0.00096709455484385038 -0.033229630699003573 -0.079155460304892636 0.29179462241291743
leaf_weight=17.763952673100846 9.6135825371873107 5.7818529046560903 0.013768888148124381 0.16676817133239924 0.001020611914949455 15.104101912148845 4.4982395996053111 6.037735612681387 1.4577022893681717 0.308549088193104 2.9981127646751702 0.3286807656999059 3.5576090551159871 15.969360940757699 0.055991567005435061 0.66118395095116866 307.59536704231004 42.943080821707554 1.0412497902594129 6.9575379918533278 3.3265416515095945 65.712434623607479 2.5377837485284545 117.78856682809533 0.53961389705040019 55.307868790084285 8110.0822605482672 34.874571201655684 17.937668767757714 0.42294331826269704
leaf_count=3092825 92034 14446 1318 16062 667 10534 238 4265 73 11 229 123 5547 6711 20 143 27869 3073 2312 73911 5409 31523 58 31442 34 38956 1662702 11148 173 10
internal_value=-0.00107756 -0.0668593 -0.0858607 0.3599 5.32882 -0.000900745 -0.0113599 -0.0165299 0.0577885 0.00634499 -0.0743829 -0.000695826 0.00863498 0.0701591 0.183505 0.00529579 0.0101538 -0.0231973 -0.00112462 -0.0242432 0.0925589 -0.0301183 0.0731554 -0.00670688 -0.00333075 -0.000909467 -0.000789425 -0.0282007 -0.0530353 -0.02286
internal_weight=8851.39 23.7274 17.9455 0.181558 0.0147895 8827.66 169.631 157.831 11.8004 7.30215 3.30666 8658.03 380.396 19.583 3.6136 360.813 308.257 52.5567 8277.63 76.3252 3.65522 72.67 3.99549 124.366 118.328 8201.31 8165.39 35.9158 33.4647 15.527
internal_count=5133866 3125318 3110872 18047 1985 2008548 47067 46458 609 371 240 1961481 135397 12278 5567 123119 28012 95107 1826084 110966 5532 105434 131 35741 31476 1715118 1701658 13460 10717 10544
is_linear=0
shrinkage=0.08


Tree=148
num_leaves=31
num_cat=0
split_feature=12 9 3 8 10 13 10 9 10 12 3 12 5 9 10 10 12 4 2 5 5 3 2 8 9 13 3 0 1 5
split_gain=8227.8 597759 4.58209e+06 2.42455e+06 4.38261e+07 116033 342751 15799 1.92206e+06 7863.09 5.99788 5.64523 666.246 42.0306 256.155 32.4755 5.63889 15.1746 3.69208 5.88691 4.84477 8.2966 4.83014 4.6108 4.51205 3.72283 3.48388 3.40714 3.31009 2.67223
threshold=0.57267080745341625 0.64801773604590529 0.31909090909090915 0.71132478632478646 0.70750469043151976 0.15095308450601888 0.71081871345029246 0.64112350753572134 0.70750469043151976 0.55898165717900072 0.72377109317681587 0.57601438109912695 0.037749287749287756 0.65868005738880919 0.67826876513317191 0.70750469043151976 0.37553418803418809 0.58571428571428574 0.16530054644808742 0.76095238095238105 0.86425061425061445 0.99253731343283602 0.17712418300653601 0.73375527426160347 0.41287094547964115 0.23158166804967967 0.20256410256410259 0.55217785843920153 0.17467581998474455 1.0000000180025095e-35
decision_type=2 2 2 2 2 2 2 2 2 2 2 2 2 2 2 2 2 2 2 2 2 2 2 2 2 2 2 2 2 2
left_child=1 7 -3 4 -4 6 -5 10 -9 -7 -1 12 -2 15 -15 -14 17 -12 19 23 26 22 -22 -13 -25 -21 28 -18 -20 -28
right_child=11 2 3 5 -6 9 -8 8 -10 -11 16 18 13 14 -16 -17 27 -19 20 25 21 -23 -24 24 -26 -27 29 -29 -30 -31
leaf_value=-0.088222038815890191 -53.435146654858308 -5125.7517357576207 -0.080351971211704981 -1438.8134258879506 -15540.612222199001 -52.547222602903894 -0.080276101677821621 -0.09528122419762497 -3229.977486113446 -2.5002044711985989 1.7284229256762067 -0.13246026481534345 -0.090508577883977384 -0.081659731780916317 23.718972920525772 -2.7315769646694044 0.016948840590364812 -0.082835236211018515 0.20327365911092812 -0.048585626085811164 -0.097966334269724481 -0.1032144903579751 0.10473744155512764 0.23668021518137736 -0.00375313771503502 0.15012304505289581 0.0016030697665274658 -0.13063493192315209 -0.094102464931263188 -0.001290064010519742
leaf_weight=14.39864872487661 0.0014993868178695404 0.0011705782794054756 0.019369224058130574 0.0014457160882958 0.0012354789223043552 0.022871448221728485 0.0039693342507094442 0.14406973006644008 0.0011888922235172563 0.16531311387218617 0.04422006614959606 1.7800573185182873 2.236374612914688 0.02081317285788678 0.0033614535508086065 0.030199694859190163 5.8208874749820714 0.089556842915840207 0.98876358220155569 28.204615414271164 0.82951251009986116 1.7817162383653347 8.087118064782354 0.50139751989357151 134.35213322770778 0.61661167850252141 5356.9043821834639 1.2090864580709517 0.31615308382964713 3303.0951289442128
leaf_count=2984966 1345 4185 13780 1111 2872 2317 549 5821 571 1594 1125 18416 27949 670 775 500 56220 73 151 13832 252 48 349 470 9771 11 679536 19156 146 1284891
internal_value=-0.00351158 -1.55141 -134.172 -106.894 -931.906 -19.0888 -384.195 -0.235603 -26.5308 -8.58279 -0.0584609 0.000327302 -0.125202 -0.0903081 3.22779 -0.125698 0.00135695 0.515878 0.000359861 -0.0114782 0.000585722 0.0543879 0.0858799 -0.00454762 -0.00285918 -0.0443344 0.000519267 -0.00843412 0.131226 0.000499571
internal_weight=8861.67 21.923 0.215375 0.214204 0.0206047 0.1936 0.00541505 21.7077 0.145259 0.188185 21.5624 8839.75 2.29225 2.29075 0.0241746 2.26657 7.16375 0.133777 8837.46 165.455 8672 10.6983 8.91663 136.634 134.854 28.8212 8661.3 7.02997 1.30492 8660
internal_count=5133452 3094340 26408 22223 16652 5571 1660 3067932 6392 3911 3061540 2039112 31239 29894 1445 28449 76574 1198 2007873 42500 1965373 649 601 28657 10241 13843 1964724 75376 297 1964427
is_linear=0
shrinkage=0.08


Tree=149
num_leaves=31
num_cat=0
split_feature=12 9 5 10 7 8 10 5 10 5 11 2 10 10 13 3 10 5 8 10 9 10 8 10 7 10 11 12 11 7
split_gain=537.132 35056 33451.7 25657.5 9630.43 233524 548552 18968.7 61029.5 5699.44 5280.46 1273.5 869.13 30270 137493 7.64868 10.1225 4.24322 2.89252 15.5845 10.3482 32.5607 29.4461 28.0752 10.9878 10.2864 5.67873 30.0299 9.69921 27.0091
threshold=0.57601438109912695 0.70997889659330737 0.26975051975051983 0.70042735042735049 0.57517123287671246 0.63686313686313689 0.73443554637044695 0.27718676122931446 0.63349834983498365 0.42705167173252284 0.87500000000000011 0.31400560224089641 0.70750469043151976 0.71081871345029246 0.2736936258356088 0.72377109317681587 0.67826876513317191 0.22792207792207794 0.94474969474969483 0.96039215686274526 0.8771316745876433 0.92031746031746042 0.88153818115545846 0.7814295977011495 0.78601953601953622 0.87206764866339348 0.29166666666666669 0.93063352044907788 0.70833333333333337 0.95861872146118743
decision_type=2 2 2 2 2 2 2 2 2 2 2 2 2 2 2 2 2 2 2 2 2 2 2 2 2 2 2 2 2 2
left_child=1 4 3 -3 12 7 -7 8 -6 -4 -8 -9 15 14 -14 16 -1 -17 19 20 21 24 -23 -22 -2 -25 27 -20 29 -28
right_child=18 2 9 -5 5 6 10 11 -10 -11 -12 -13 13 -15 -16 17 -18 -19 26 -21 23 22 -24 25 -26 -27 28 -29 -30 -31
leaf_value=-0.087936026180237492 0.0010178908456836178 -154.9670872618957 -208.77127700165187 -706.27196579010865 -0.080000070870317311 -1742.9631155430761 -23.22168962442683 -2.3401558710881489 -718.39986939674725 -0.08005355193789461 -182.01600738386085 -38.927454175943474 -1037.8378475701493 -0.083914575951275744 -0.080314402214704775 0.13744336744230054 -0.90510187798978081 -0.02216859974460356 0.057599292541320492 0.030846268943875526 0.14350564454536327 -0.0064108605311343908 0.09003011282515562 0.0063038766789677257 -0.0077215056245002172 -0.018216406857891859 0.0010672478308325923 0.003178580485958999 0.0029497071127432386 -0.043423980532381112
leaf_weight=15.421657091483686 3916.5954712428502 0.0010328809427947389 0.0011499273918058606 0.0011328110725450369 0.0030936077907582167 0.0016523050896831695 0.0034331980427069198 0.42360563192808787 0.0010022126106168545 0.0030830167587225839 0.0021984679208806313 0.0061773935867567844 0.0010021470212570318 0.18897380140717154 0.0044247302714239822 1.302803034699809 0.097630833198745104 5.8638149412118068 68.086423457506044 97.437816997153277 7.4411108547358245 34.989998749486858 48.138149341547887 140.57862469392694 1203.6864534797569 495.18680281173306 312.66928659657299 1384.0558895878494 1006.9410931245128 121.16599669202697
leaf_count=2987988 1866539 403 759 917 4999 2988 48 5308 727 1162 52 2407 1788 13843 18 24467 25616 52524 1129 1555 168 703 1449 2411 36333 11238 16015 13670 55652 2070
internal_value=-0.000887042 -0.384259 -187.611 -443.339 -0.33289 -12.0404 -461.258 -4.49898 -175.847 -56.7734 -85.2112 -2.86604 -0.107153 -5.43352 -191.716 -0.0615103 -0.0930768 0.00684689 0.000124985 -0.000884739 -0.00141356 -0.000230241 0.0494365 -0.0109864 -0.00103658 -0.0127946 0.00219966 0.0057302 -0.00135873 -0.0113587
internal_weight=8860.3 23.3279 0.00639864 0.00216569 23.3215 0.441163 0.00728397 0.433879 0.00409582 0.00423294 0.00563167 0.429783 22.8803 0.194401 0.00542688 22.6859 15.5193 7.16662 8836.97 5944.05 5846.62 5203.41 83.1281 643.207 5120.28 635.765 2892.92 1452.14 1440.78 433.835
internal_count=5134946 3126014 3241 1320 3122773 16529 3088 13441 5726 1921 100 7715 3106244 15649 1806 3090595 3013604 76991 2008932 1920396 1918841 1905024 2152 13817 1902872 13649 88536 14799 73737 18085
is_linear=0
shrinkage=0.08


end of trees

feature_importances:
addr_set_ratio=484
name_partial=466
name_ratio=435
tok_jaccard=355
len_diff=353
name_set_ratio=317
addr_partial=310
prod_sim=310
max_sim=303
num_jaccard=293
addr_sort_ratio=236
name_sort_ratio=231
addr_ratio=179
is_s2=138
addr_missing=90

parameters:
[boosting: gbdt]
[objective: binary]
[metric: binary_logloss]
[tree_learner: serial]
[device_type: cpu]
[data_sample_strategy: bagging]
[data: ]
[valid: ]
[num_iterations: 150]
[learning_rate: 0.08]
[num_leaves: 31]
[num_threads: -1]
[seed: 0]
[deterministic: 0]
[force_col_wise: 0]
[force_row_wise: 0]
[histogram_pool_size: -1]
[max_depth: 6]
[min_data_in_leaf: 20]
[min_sum_hessian_in_leaf: 0.001]
[bagging_fraction: 0.8]
[pos_bagging_fraction: 1]
[neg_bagging_fraction: 1]
[bagging_freq: 1]
[bagging_seed: 3]
[bagging_by_query: 0]
[feature_fraction: 0.9]
[feature_fraction_bynode: 1]
[feature_fraction_seed: 2]
[extra_trees: 0]
[extra_seed: 6]
[early_stopping_round: 0]
[early_stopping_min_delta: 0]
[first_metric_only: 0]
[max_delta_step: 0]
[lambda_l1: 0]
[lambda_l2: 0]
[linear_lambda: 0]
[min_gain_to_split: 0]
[drop_rate: 0.1]
[max_drop: 50]
[skip_drop: 0.5]
[xgboost_dart_mode: 0]
[uniform_drop: 0]
[drop_seed: 4]
[top_rate: 0.2]
[other_rate: 0.1]
[min_data_per_group: 100]
[max_cat_threshold: 32]
[cat_l2: 10]
[cat_smooth: 10]
[max_cat_to_onehot: 4]
[top_k: 20]
[monotone_constraints: ]
[monotone_constraints_method: basic]
[monotone_penalty: 0]
[feature_contri: ]
[forcedsplits_filename: ]
[refit_decay_rate: 0.9]
[cegb_tradeoff: 1]
[cegb_penalty_split: 0]
[cegb_penalty_feature_lazy: ]
[cegb_penalty_feature_coupled: ]
[path_smooth: 0]
[interaction_constraints: ]
[verbosity: -1]
[saved_feature_importance_type: 0]
[use_quantized_grad: 0]
[num_grad_quant_bins: 4]
[quant_train_renew_leaf: 0]
[stochastic_rounding: 1]
[linear_tree: 0]
[max_bin: 255]
[max_bin_by_feature: ]
[min_data_in_bin: 3]
[bin_construct_sample_cnt: 200000]
[data_random_seed: 1]
[is_enable_sparse: 1]
[enable_bundle: 1]
[use_missing: 1]
[zero_as_missing: 0]
[feature_pre_filter: 1]
[pre_partition: 0]
[two_round: 0]
[header: 0]
[label_column: ]
[weight_column: ]
[group_column: ]
[ignore_column: ]
[categorical_feature: ]
[forcedbins_filename: ]
[precise_float_parser: 0]
[parser_config_file: ]
[objective_seed: 5]
[num_class: 1]
[is_unbalance: 0]
[scale_pos_weight: 1]
[sigmoid: 1]
[boost_from_average: 1]
[reg_sqrt: 0]
[alpha: 0.9]
[fair_c: 1]
[poisson_max_delta_step: 0.7]
[tweedie_variance_power: 1.5]
[lambdarank_truncation_level: 30]
[lambdarank_norm: 1]
[label_gain: ]
[lambdarank_position_bias_regularization: 0]
[eval_at: ]
[multi_error_top_k: 1]
[auc_mu_weights: ]
[num_machines: 1]
[local_listen_port: 12400]
[time_out: 120]
[machine_list_filename: ]
[machines: ]
[gpu_platform_id: -1]
[gpu_device_id: -1]
[gpu_device_id_list: ]
[gpu_use_dp: 0]
[num_gpu: 1]

end of parameters

pandas_categorical:null
