tree
version=v4
num_class=1
num_tree_per_iteration=1
label_index=0
max_feature_idx=14
objective=binary sigmoid:1
feature_names=name_sort_ratio name_set_ratio name_ratio name_partial tok_jaccard len_diff addr_missing addr_sort_ratio addr_set_ratio addr_ratio addr_partial num_jaccard max_sim prod_sim is_s2
feature_infos=[0:1] [0:1] [0:1] [0:1] [0:1] [0:1] [0:1] [0:1] [0:1] [0:1] [0:1] [0:1] [0.13872832369942201:1] [0:1] [0:1]
tree_sizes=3406 3480 3491 3485 3488 3500 3511 3505 3512 3543 3533 3515 3513 3514 3511 3515 3525 3529 3527 3529 3534 3522 3529 3564 3567 3528 3553 3544 3541 3559 3558 3563 3543 3547 3550 3560 3557 3564 3568 3552 3565 3561 3536 3539 3566 3555 3523 3545 3577 3564 3575 3562 3560 3554 3580 3584 3591 3551 3568 3555 3533 3553 3536 3546 3521 3586 3549 3560 3546 3571 3579 3536 3567 3552 3555 3555 3574 3569 3575 3548 3574 3546 3584 3541 3538 3585 3550 3568 3563 3541 3545 3555 3552 3568 3584 3512 3533 3558 3584 3534 3556 3559 3569 3548 3559 3560 3562 3563 3555 3564 3497 3533 3497 3541 3579 3537 3501 3505 3559 3530 3555 3562 3563 3559 3527 3517 3488 3523 3516 3520 3517 3539 3602 3561 3554 3578 3585 3561 3570 3558 3562 3584 3543 3563 3572 3599 3551 3580 3491 3540

Tree=0
num_leaves=31
num_cat=0
split_feature=13 11 8 3 8 12 5 13 11 0 7 3 5 11 3 11 6 8 0 5 8 8 3 8 12 5 12 4 11 7
split_gain=3.88751e+06 562522 474226 314114 236360 163439 153009 51435.8 44125.8 24913.2 22233.7 30775.3 17846.6 31961.4 17713 13626.9 12727.8 9409.76 9564.25 8253.63 8203.07 5995.74 68586.3 5735.37 5166.51 10073.3 4664.57 4542.67 4536.7 4085.99
threshold=0.58227617846191659 0.47222222222222227 0.99779735682819404 0.81557067271353001 0.99779735682819404 0.85462315462315475 0.97826086956521752 0.74690314987239714 0.85416666666666685 0.83795948987246816 0.86377084454007547 0.87068004459308812 0.95060975609756104 0.73214285714285732 0.60990338164251223 0.73214285714285732 1.0000000180025095e-35 0.77944089808496597 0.87068004459308812 0.21807065217391305 0.99779735682819404 0.86162029459901812 0.87068004459308812 0.99779735682819404 0.71463077984817136 0.97826086956521752 0.99767441860465123 0.15476190476190479 0.13392857142857145 0.93777654867256655
decision_type=2 2 2 2 2 2 2 2 2 2 2 2 2 2 2 2 2 2 2 2 2 2 2 2 2 2 2 2 2 2
left_child=2 4 10 5 7 24 14 17 9 20 16 12 -12 -14 -7 27 21 -2 -19 28 -3 -1 -23 29 -4 -26 -6 -13 -9 -11
right_child=1 8 3 -5 26 6 -8 19 -10 23 11 15 13 -15 -16 -17 -18 18 -20 -21 -22 22 -24 -25 25 -27 -28 -29 -30 -31
leaf_value=-4.7944156986653228 -4.7284149079995101 -1.8821721245773944 -4.521733695709881 3.9702004367382671 1.2390580088121581 -3.5219331573326786 2.4084343048805907 -0.28247526370795395 4.0845592782510582 2.4403799113175459 -4.6717246966101182 3.0920839096107988 -4.1987794750656091 0.069915100668449526 0.91646978740970919 2.9624050368933199 -4.3317650036550459 -4.1096899484922282 -1.6204191400839214 -3.8881369045753669 1.7299657204168613 -4.7211844576622415 -1.3235152426474173 3.688944394177863 -4.4143071103137972 -1.5185840938795563 3.8836715458683031 -3.0879654597151944 -1.8677869269905254 0.0046255813888880226
leaf_weight=66724.233160963282 60.077798990532756 11.804451866075398 156.15829655621201 50.190910840407014 4.7851131260395041 64.783746642060578 58.02829281706363 35.730017496272922 294.97055803053081 34.700866327621043 147.66999845579267 0.86202405579387953 39.494775617495179 15.683560117147861 6.3156456332653752 5.2689021369442344 388.66729519702494 26.098218097351491 15.894668049179016 6.1661108480766407 6.1045377012342206 1452.1762797869742 39.046171261928976 24.409354641102254 22.826045150868595 11.59334393404424 39.529960272833705 6.5091612376272678 17.073354003019631 5.0489980410784474
leaf_count=7585606 6830 1342 17753 5706 544 7365 6597 4062 33534 3945 16788 98 4490 1783 718 599 44186 2967 1807 701 694 165092 4439 2775 2595 1318 4494 740 1941 574
internal_value=-4.71558 1.79316 -4.77037 -1.91357 -1.57576 -2.83727 -0.639821 -2.99951 3.62806 1.9873 -4.78572 -3.97438 -4.21303 -2.98547 -3.12768 -0.14446 -4.78827 -4.08623 -3.16748 -1.11849 -0.650923 -4.79087 -4.63222 2.72371 -4.32618 -3.43895 3.59811 -2.36524 -0.795067 2.13099
internal_weight=69771.9 582.394 69189.5 369.896 205.355 319.705 129.128 161.04 377.039 82.0682 68819.6 215.488 202.848 55.1783 71.0994 12.6401 68604.1 102.071 41.9929 58.9695 17.909 68215.5 1491.22 64.1592 190.578 34.4194 44.3151 7.37119 52.8034 39.7499
internal_count=7932083 66210 7865873 42052 23346 36346 14680 18308 42864 9330 7823821 24498 23061 6273 8083 1437 7799323 11604 4774 6704 2036 7755137 169531 7294 21666 3913 5038 838 6003 4519
is_linear=0
shrinkage=1


Tree=1
num_leaves=31
num_cat=0
split_feature=8 6 3 11 7 5 8 9 3 13 2 12 5 3 12 8 4 8 7 13 11 13 14 8 8 7 11 12 14 11
split_gain=9686.03 8930.01 1526.83 1159.56 2889.27 2342.98 1282.19 9545.51 1228.61 1735.17 1137.3 1002.9 715.777 2285.07 1789.51 687.09 532.341 537.25 338.985 327.321 1976.73 7903.39 3192.76 715.395 522.26 1384.33 313.384 264.085 262.764 200.484
threshold=0.82938069012026527 1.0000000180025095e-35 0.90161290322580656 0.61250000000000016 0.86377084454007547 0.97826086956521752 0.99779735682819404 0.81266711229946542 0.58434959349593507 0.58227617846191659 0.72377109317681587 0.71463077984817136 0.89528508771929838 0.60232558139534886 0.99767441860465123 0.99779735682819404 0.18333333333333338 0.99779735682819404 0.98496155585707845 0.47148664343786301 0.61250000000000016 0.58227617846191659 1.0000000180025095e-35 0.71649772527735667 0.69177661133967006 0.57949235344095174 0.5277777777777779 0.99767441860465123 1.0000000180025095e-35 0.47222222222222227
decision_type=2 2 2 2 2 2 2 2 2 2 2 2 2 2 2 2 2 2 2 2 2 2 2 2 2 2 2 2 2 2
left_child=1 19 -3 10 5 8 7 -7 -5 -10 18 -8 13 14 -6 -14 -12 26 29 -1 24 22 -22 -23 -21 -26 -18 -15 -4 -2
right_child=3 2 28 4 12 6 11 -9 9 -11 16 -13 15 27 -16 -17 17 -19 -20 20 21 23 -24 -25 25 -27 -28 -29 -30 -31
leaf_value=-0.079742276619738789 -0.065617863413474947 -0.033603492255074648 0.37272392477970279 -0.037906197823584405 0.12328076612088844 0.38201095449771905 0.61770314483015354 3.398167900610646 0.33374096712659646 -0.0034621751896608999 0.2362066322617222 0.13878205727263246 0.019820797494293406 -0.071492350323808351 0.62144727677227407 -0.12094515619767218 0.043930635994257915 -0.089483340551336096 0.14328165544924898 -0.078597362789367103 6.6019444841075767 -2.6918808618034662 1.3417193563475818 -0.08469308466600986 0.79255237647072863 0.0043413725566142968 -0.16869489426984172 0.022340878847109575 0.25061393122925496 -0.017289383050135693
leaf_weight=60686.177270657383 1531.02814943064 106.22142220381647 197.10188433527946 272.5336993150413 145.14839246124029 95.956423604860902 35.157397193834186 7.220725434832274 218.33129440248013 176.71367155201733 80.349470213986933 137.1498060375452 448.11144754011184 304.90170862711966 67.662116559222341 439.6530531309545 2074.5581507636234 229.4597350936383 60.624160273931921 489.82391347922385 1.8316206056624651 0.74972967989742745 1.237361475825308 6.630521422252059 16.215947762131691 118.25622698664665 45.332908727228642 518.22137567587197 263.63913686946034 856.78360588289797
leaf_count=7454781 155824 8295 15392 29967 7955 11185 3305 832 4509 7268 905 967 2018 9615 2431 5797 16149 7244 1461 59345 225 39 152 245 1992 3874 355 24043 20588 73828
internal_value=-0.0656674 -0.0762225 0.239816 0.018676 0.0590554 0.173761 0.370055 0.593093 0.0927585 0.182901 -0.00505403 0.236501 0.00282261 0.0479971 0.281671 -0.0498916 0.0337225 0.0267974 -0.0435338 -0.0791445 -0.0219943 1.06924 4.48111 -0.349547 -0.0402589 0.0993914 0.0393837 -0.0124169 0.302852 -0.0482769
internal_weight=69632.8 61887.9 566.962 7744.9 2866.76 943.063 275.484 103.177 667.579 395.045 4878.14 172.307 1923.7 1035.93 212.811 887.765 2429.7 2349.35 2448.44 61320.9 634.745 10.4492 3.06898 7.38025 624.296 134.472 2119.89 823.123 460.741 2387.81
internal_count=7930586 7564928 44275 365658 109892 58033 16289 12017 41744 11777 255766 4272 51859 44044 10386 7815 24653 23748 231113 7520653 65872 661 377 284 65211 5866 16504 33658 35980 229652
is_linear=0
shrinkage=0.08


Tree=2
num_leaves=31
num_cat=0
split_feature=8 6 3 11 7 2 5 3 8 14 8 4 12 5 3 9 11 7 5 12 8 3 7 11 7 11 1 2 1 7
split_gain=9165.35 6882.79 780.276 725.147 1676.08 996.161 584.486 1432.97 571.431 520.41 457.431 471.559 380.315 375.089 824.643 420.662 261.757 261.468 228.203 215.526 201.042 1668.31 2321.2 6828.64 680.607 191.962 176.056 663.03 160.203 142.06
threshold=0.82938069012026527 1.0000000180025095e-35 0.90161290322580656 0.61250000000000016 0.86377084454007547 0.710394265232975 0.89528508771929838 0.60232558139534886 0.99779735682819404 1.0000000180025095e-35 0.99779735682819404 0.18333333333333338 0.53528240147958461 0.97826086956521752 0.5629401408450706 0.81266711229946542 0.58571428571428574 0.98496155585707845 0.92546296296296304 0.99767441860465123 0.74527629233511605 0.86811594202898557 0.46679636835278859 0.19090909090909094 0.57949235344095174 0.47222222222222227 0.98979591836734704 0.91547619047619044 0.94281045751633996 0.86377084454007547
decision_type=2 2 2 2 2 2 2 2 2 2 2 2 2 2 2 2 2 2 2 2 2 2 2 2 2 2 2 2 2 2
left_child=1 20 -3 5 12 17 7 9 -8 -6 11 -7 -5 14 -14 -15 -13 18 28 -9 -1 -22 23 -23 -24 -20 27 -4 -2 -12
right_child=3 2 26 4 6 10 8 19 -10 -11 29 16 13 15 -16 -17 -18 -19 25 -21 21 22 24 -25 -26 -27 -28 -29 -30 -31
leaf_value=-0.080123433737444433 -0.07380774383237379 -0.036232059373895932 0.054530639409412461 -0.0032347472263721711 0.29326340016900215 0.2645722475270913 0.019644672590677786 -0.064895806407299014 -0.10665412295909249 0.074309600090467415 0.0352537708400198 0.040625420093150948 -0.032920573477229355 0.26502425270006003 0.16280478843717705 0.10174105845180392 -0.15192013961232284 0.12649780850993636 -0.044944211199491865 0.019088443595034234 -0.074319859736114477 0.39995750233054717 0.48413481817340698 6.1780116315188662 0.037099317809742301 0.038614105576685598 0.19954318020660222 2.5310495600612861 0.0021569854289208257 -0.099637380188207211
leaf_weight=54660.34468546696 1339.813676873222 101.82040268927813 2.3538274001330133 139.73048399481922 155.95679609943181 59.627784526906908 437.54323049448431 318.91020394396037 481.64857420884073 125.28348818235099 65.854872732423246 2121.506663239561 205.79612159263343 240.05067017953843 416.77974337525666 174.29830878973007 46.170225217938423 57.393211282789707 410.93603418953717 505.61291057057679 1947.6302557159215 6.9917145920917374 27.261259538121521 1.6105779577046631 108.74025317374617 307.7278689108789 618.70424065366387 0.97991197183728207 204.83995599951595 207.11353307962418
leaf_count=7256793 153889 8216 138 11709 5308 495 1956 9596 5752 4982 2339 16601 23613 9798 11790 1085 350 1418 47195 24054 258280 929 1410 214 2482 25549 35962 57 2630 5374
internal_value=-0.0648849 -0.0760654 0.169063 0.0152155 0.0447295 -0.00438481 0.000606039 0.039793 -0.0465348 0.195727 0.0306503 0.0426294 0.120664 0.137359 0.0981066 0.196338 0.0365243 -0.0421307 -0.0464068 -0.0133951 -0.0791919 -0.0548546 0.207317 1.48176 0.126707 -0.00916501 0.202667 0.782473 -0.0637339 -0.0670943
internal_weight=65499 57476.4 723.858 8022.59 3201.61 4820.98 2024.96 1105.76 919.192 281.24 2500.27 2227.3 1176.66 1036.92 622.576 414.349 2167.68 2320.71 2263.32 824.523 56752.6 2092.23 144.604 8.60229 136.002 718.664 622.038 3.33374 1544.65 272.968
internal_count=7929964 7564481 44373 365483 109643 255840 51648 43940 7708 10290 25159 17446 57995 46286 35403 10883 16951 230681 229263 33650 7520108 263315 5035 1143 3892 72744 36157 195 156519 7713
is_linear=0
shrinkage=0.08


Tree=3
num_leaves=31
num_cat=0
split_feature=8 6 11 7 13 8 3 5 3 13 13 8 5 4 13 11 8 11 8 7 8 5 5 8 13 8 7 11 7 7
split_gain=8878.57 5694.48 589.198 1340.96 929.389 530.806 467.128 455.228 1068.07 383.132 1017.2 2500.17 633.282 375.982 336.122 776.083 313.6 1159.44 270.8 204.213 315.271 344.92 212.111 182.683 151.599 498.928 403.871 432.677 146.757 278.86
threshold=0.82938069012026527 1.0000000180025095e-35 0.61250000000000016 0.86377084454007547 0.35200574712643684 0.99779735682819404 0.90161290322580656 0.77888888888888907 0.60232558139534886 0.58227617846191659 0.34357584833407268 0.86162029459901812 0.97826086956521752 0.22500000000000003 0.74690314987239714 0.41428571428571431 0.99779735682819404 0.69047619047619058 0.86162029459901812 0.98496155585707845 0.99779735682819404 0.70106382978723414 0.92546296296296304 0.99779735682819404 0.45616934899231554 0.68764140271493224 0.58191438191438205 0.19090909090909094 0.98496155585707845 0.93777654867256655
decision_type=2 2 2 2 2 2 2 2 2 2 2 2 2 2 2 2 2 2 2 2 2 2 2 2 2 2 2 2 2 2
left_child=1 24 4 9 19 14 -3 8 13 10 12 -12 -4 -5 18 -16 17 -9 -6 22 -21 -22 -2 -10 -1 -26 27 -27 29 -7
right_child=2 6 3 7 5 28 -8 16 23 -11 11 -13 -14 -15 15 -17 -18 -19 -20 20 21 -23 -24 -25 25 26 -28 -29 -30 -31
leaf_value=-0.079733864294456822 -0.068367108026886725 -0.034893469284198224 -0.011472678124916202 0.15356651574509045 0.24114454574136687 -0.029828142481258885 0.14991882956225705 1.3947562041247028 -0.071176292296913288 -0.011968597417092441 2.3473633607792999 0.23860823208832035 0.13290678817463025 1.3182549469430176 0.041123575294661228 -0.11628092364997794 -0.075877993743112784 0.0010913796297217571 0.065641782181583896 0.82747426497438825 0.47403899824103402 -0.083865800756785763 -0.013811148673836229 0.012275548061938112 -0.081627816668891684 0.090148354817112794 -0.010653469691390574 0.54664883294861977 0.056618726046857804 -0.19486363296042578
leaf_weight=51743.847413442098 1280.671444887761 98.942980854772031 299.14078809693456 317.71228480804712 60.180171437095851 175.28066727798432 758.78839239105582 3.8534379024058572 241.86647987458855 155.08962706662714 3.6567663936875752 225.03824858553708 555.46501017734408 1.7838526414707292 1232.9133088905364 239.39833153039217 583.09148523211479 445.82266371138394 865.52642430318519 3.7844538334757081 9.574752673506735 27.352736506611109 708.38196274219081 548.83867207914591 580.63854830665514 41.402957110665739 137.70297460909933 19.568458161316812 50.521745431236923 104.64551428519189
leaf_count=7433286 150115 8271 31064 9772 2043 4520 36081 258 7347 7231 309 3130 16304 69 6546 2310 6556 2022 12842 227 251 423 72734 25872 80456 2207 4697 406 2039 1839
internal_value=-0.0639998 -0.0758673 0.0138295 0.0393622 -0.00431489 0.0261802 0.1286 0.00106443 0.0366273 0.105634 0.122471 0.272327 0.0823691 0.160069 0.0392788 0.0155296 -0.0371648 0.0130342 0.0770512 -0.0453072 0.132059 0.0607907 -0.0489375 -0.0132513 -0.0792064 -0.0441848 0.0652448 0.23666 -0.0688745 -0.0915238
internal_weight=61520.5 53380.9 8139.59 3381.36 4758.23 2728.47 857.731 2142.97 1110.2 1238.39 1083.3 228.695 854.606 319.496 2398.02 1472.31 1032.77 449.676 925.707 2029.77 40.7119 36.9275 1989.05 790.705 52523.2 779.313 198.674 60.9714 330.448 279.926
internal_count=7931227 7565404 365823 109934 255889 32139 44352 51896 43060 58038 50807 3439 47368 9841 23741 8856 8836 2280 14885 223750 901 674 222849 33219 7521052 87766 7310 2613 8398 6359
is_linear=0
shrinkage=0.08


Tree=4
num_leaves=31
num_cat=0
split_feature=8 6 14 12 8 7 11 8 3 3 5 7 2 5 12 4 8 8 3 14 0 0 7 12 11 8 5 7 0 11
split_gain=8457.4 4871.66 489.986 381.345 482.108 2240.89 1072.46 321.861 292.366 240.207 720.116 321.353 239.823 294.553 821.034 223.077 154.866 154.847 518.803 194.605 140.644 136.044 122.908 119.258 760.983 211.016 301.756 181.959 152.513 114.704
threshold=0.82938069012026527 1.0000000180025095e-35 1.0000000180025095e-35 0.99767441860465123 0.86162029459901812 0.57949235344095174 0.61250000000000016 0.89492086860507924 0.93933823529411764 0.60232558139534886 0.92052631578947375 0.75820584644114064 0.90098039215686287 0.97826086956521752 0.85462315462315475 0.90000000000000013 0.86162029459901812 0.76490327674694047 0.7593103448275863 1.0000000180025095e-35 0.64932432432432441 0.81557067271353001 0.65846083926677779 0.86499057196731621 0.61250000000000016 0.99779735682819404 0.66927083333333337 0.51521767897313764 0.83484848484848506 0.47222222222222227
decision_type=2 2 2 2 2 2 2 2 2 2 2 2 2 2 2 2 2 2 2 2 2 2 2 2 2 2 2 2 2 2
left_child=1 17 3 12 5 6 -5 -4 -3 10 -6 -11 13 15 -15 -2 22 -1 -19 20 -20 -18 -14 24 29 28 -27 -26 -25 -9
right_child=2 8 7 4 9 -7 -8 23 -10 11 -12 -13 16 14 -16 -17 21 18 19 -21 -22 -23 -24 25 27 26 -28 -29 -30 -31
leaf_value=-0.079837785099840172 -0.021257068224606848 -0.022642776574582437 -0.046885796808072019 2.2816480671379735 0.25133421588604921 0.046897487117615329 0.6617374408022505 -0.056995198727791074 0.11756053491658167 0.093616645247793145 -0.038305562073748405 0.013845326468683099 1.3808049764378532 0.17357322001679149 -0.034132002906730498 0.27195086219922104 0.20706886366394642 -0.071508329792123584 0.58194538762969406 -0.032135051579438273 0.12261137319080405 0.035730003179819697 0.31994415556780703 0.047825610044083339 -0.02473938135494096 0.005703130684951061 -0.083574142784894778 0.11874097189843216 -0.0050571680649226219 0.010416516682384748
leaf_weight=47201.017625384033 1326.1985163362697 107.0050033275038 963.23442946141586 4.4359220867045206 130.88262946903706 46.174206611700356 6.3742564991116524 399.71227640518919 862.07814773917198 489.74530024919659 94.677302559837699 950.38762411195785 1.0374553631991141 212.37509739212692 285.58796752616763 16.817253118380904 47.803318675607443 1184.8957128981128 4.4468849683180443 66.631755932699889 105.01604275451973 78.136551580391824 2.1421227380633354 543.74931532726623 64.917312743142247 549.0283845316153 433.70648977626115 439.80014311894774 974.63361305277795 271.11324143782258
leaf_count=7330892 93074 8639 94705 416 1878 414 62 42969 35677 5747 1017 19720 41 10716 3129 285 612 183036 450 2491 2370 1372 24 15541 4161 20255 5067 13078 9309 22327
internal_value=-0.0629818 -0.0755265 0.0115861 0.0333315 0.060824 0.289636 1.32646 -0.00572051 0.102079 0.0529962 0.12976 0.0409731 0.00929172 0.0018997 0.0544517 -0.0175855 0.114687 -0.0790707 -0.052467 0.075657 0.141272 0.100766 0.666089 0.00506423 0.0260804 -0.00481353 -0.0336973 0.100286 0.0138807 -0.0297508
internal_weight=57863.8 49531.1 8332.67 3692.78 1722.68 56.9844 10.8102 4639.9 969.083 1665.69 225.56 1440.13 1970.1 1840.98 497.963 1343.02 129.119 48562 1360.99 176.095 109.463 125.94 3.17958 3676.66 1175.54 2501.12 982.735 504.717 1518.38 670.826
internal_count=7929474 7563555 365919 138507 29254 892 478 227412 44316 28362 2895 25467 109253 107204 13845 93359 2049 7519239 188347 5311 2820 1984 65 132707 82535 50172 25322 17239 24850 65296
is_linear=0
shrinkage=0.08


Tree=5
num_leaves=31
num_cat=0
split_feature=8 7 12 11 7 11 7 12 11 5 8 3 13 8 4 5 3 14 8 13 11 2 12 9 8 3 8 8 1 13
split_gain=8263.52 4384.73 465.887 816.701 545.919 757.298 357.102 459.639 620.828 457.562 328.975 292.859 288.063 393.966 243.474 201.576 415.887 240.112 173.8 162.176 160.526 139.568 122.238 115.89 105.564 154.048 104.893 103.39 503.475 237.49
threshold=0.81974597548368056 1.0000000180025095e-35 0.77811044577511668 0.5277777777777779 0.74298820445609448 0.19090909090909094 0.98496155585707845 0.86499057196731621 0.47222222222222227 0.92546296296296304 0.99779735682819404 0.30940170940170947 0.58227617846191659 0.86162029459901812 0.70833333333333337 0.97826086956521752 0.62678571428571439 1.0000000180025095e-35 0.99779735682819404 0.58227617846191659 0.47222222222222227 0.90521114106019784 0.72236765561372895 0.41189093663216364 0.97081701016294797 0.81557067271353001 0.86162029459901812 0.73353057199211047 0.91547619047619067 0.58227617846191659
decision_type=2 2 2 2 2 2 2 2 2 2 2 2 2 2 2 2 2 2 2 2 2 2 2 2 2 2 2 2 2 2
left_child=1 14 3 21 5 19 7 8 -6 11 -9 -8 13 -7 -1 16 -5 22 -11 26 -14 24 -17 -19 -2 -26 -4 -3 -29 -30
right_child=2 27 4 15 6 12 9 10 -10 18 -12 -13 20 -15 -16 17 -18 23 -20 -21 -22 -23 -24 -25 25 -27 -28 28 29 -31
leaf_value=-0.0013119894681242691 -0.062384032645968278 -0.079953567264109543 0.11891134665908286 -0.055196098494000076 -0.044658657829766669 0.51372865975090831 0.26762945518835712 0.0062166890655066011 0.095300476099523398 0.12026521889661107 -0.045833163796802155 0.078157020990556034 0.17971801611970845 0.18731168394781109 0.10160831963859751 0.31846231137696374 0.15577491254516423 -0.027536828634428263 -0.042219446029629494 0.079494985681690555 -0.024550184736194233 0.16208938891566682 0.11136069842276994 0.089353049440915377 0.022930761857041477 -0.36260317183731244 -0.032907800363125336 -0.073787993561851409 0.16925338773930201 -0.020891931548327736
leaf_weight=176.06265857629478 1389.1958541190252 42891.695128642023 32.610570513643324 212.36875978298485 293.21005672356114 26.793932831380516 57.175619415007532 2433.1349152080948 658.0997457401827 49.120256260037422 1141.8602040917613 601.0484850439243 43.102783542126417 202.5991823496297 894.44649753067642 39.348499520681798 83.241087281145155 72.001991109922528 296.11131716519594 177.46307791769505 57.426296788267791 19.135389077942818 34.000326961278915 220.59768007975072 153.11086084786803 6.9333751420490435 272.52849762281403 1703.4138459553942 81.56258255103603 86.753818769939244
leaf_count=10868 176859 7211719 757 25359 30964 300 780 42343 24314 322 29957 16922 353 2507 33480 1728 1595 4261 3015 1463 2210 148 494 8452 12392 166 1886 281842 3541 1361
internal_value=-0.0618404 -0.0753239 0.010253 -0.0211999 0.0213117 0.082542 0.0123148 0.0027426 0.0521627 0.0554921 -0.0104081 0.0946153 0.175952 0.225438 0.0846814 0.0533447 0.00421145 0.0930341 -0.0191008 0.0186839 0.0630317 -0.0526437 0.222462 0.0605892 -0.055296 0.00622881 -0.0166827 -0.0791504 -0.0607455 0.0712485
internal_weight=54406.2 45833.9 8572.22 2229.93 6342.28 812.524 5529.76 4526.3 951.31 1003.46 3575 658.224 329.922 229.393 1070.51 661.558 295.61 365.948 345.232 482.602 100.529 1568.38 73.3488 292.6 1549.24 160.044 305.139 44763.4 1871.73 168.316
internal_count=7932358 7542811 389547 231454 158093 9476 148617 127578 55278 21039 72300 17702 5370 2807 44348 41889 26954 14935 3337 4106 2563 189565 2222 12713 189417 12558 2643 7498463 286744 4902
is_linear=0
shrinkage=0.08


Tree=6
num_leaves=31
num_cat=0
split_feature=8 6 12 8 7 7 5 8 5 3 12 9 3 3 3 13 13 5 3 5 0 13 8 7 14 8 8 3 14 2
split_gain=7939.44 3929.94 396.925 441.545 419.079 452.826 397.813 367.819 320.625 265.467 224.688 361.485 213.545 195.733 180.359 179.292 215.45 405.748 270.717 177.017 139.732 127.366 348.393 210.944 151.167 124.771 121.78 225.082 111.986 79.9292
threshold=0.81974597548368056 1.0000000180025095e-35 0.76959191043698094 0.958456607495069 0.86377084454007547 0.98496155585707845 0.92546296296296304 0.99779735682819404 0.65058139534883741 0.15692307692307697 0.71463077984817136 0.5310234488275587 0.71611721611721624 0.60232558139534886 0.85960591133004938 0.74690314987239714 0.41564661392247609 0.92546296296296304 0.86526825332795487 0.97826086956521752 0.83484848484848506 0.45616934899231554 0.69597423510466994 0.57725039784127874 1.0000000180025095e-35 0.99779735682819404 0.86162029459901812 0.9194594594594595 1.0000000180025095e-35 0.82972848596410509
decision_type=2 2 2 2 2 2 2 2 2 2 2 2 2 2 2 2 2 2 2 2 2 2 2 2 2 2 2 2 2 2
left_child=1 21 3 12 15 7 13 20 -9 10 11 -5 19 -7 -3 16 17 -4 -18 -2 -6 -1 -23 24 -24 -8 27 -14 -21 -28
right_child=2 14 4 9 5 6 25 8 -10 -11 -12 -13 26 -15 -16 -17 18 -19 -20 28 -22 22 23 -25 -26 -27 29 -29 -30 -31
leaf_value=-0.079503505771095689 -0.075655456809045007 -0.04384045232287951 -0.018407252625267441 0.073863773745359532 0.03308335439105102 0.141933583312738 0.099120635515099281 -0.015946052037634204 -0.10416907350912982 -0.033423400966292115 0.0062454273820916765 0.32081242868089194 0.010172193682286315 0.052243299344716769 0.079272160850727483 0.0042941697492336573 0.27894150357781383 0.087160864260987139 0.073277192260442478 0.063992927360113597 -0.010216770512981969 -0.079463703139592903 0.27258630963206537 -0.0093242459641853376 0.0028468500519192134 -0.038220400025019877 -0.0070493574808417146 0.54356560619846206 -0.033079572073461502 0.14207572916586544
leaf_weight=40739.567520901561 828.70445705996826 81.964619270525873 521.58013835269958 121.40204592980444 854.67983605852351 248.31877668690868 49.142184838652611 714.65506381262094 417.7527286671102 160.9816938075237 112.17302563274279 55.179302070755512 13.157554540317507 417.61122374981642 1074.9205932728946 546.98810355272144 42.802937302272767 421.14980858238414 952.21544690686278 89.716628514230251 1079.322527313605 471.28822307428345 37.608483830466866 116.45939879491925 20.569288968108594 305.59758091252297 162.61740256287158 8.2303486233577114 499.63293864484876 26.792962700128555
leaf_count=7409715 126620 7222 45795 8062 27921 3162 313 22448 4848 15747 1169 3096 912 14479 37035 7496 1627 13453 11029 7410 9952 81087 1217 4146 929 3014 2044 409 58386 122
internal_value=-0.0606728 -0.0748794 0.00919432 -0.0212765 0.0188319 0.00308013 0.0492354 -0.0122829 -0.0484921 0.0488941 0.0947864 0.151032 -0.0406511 0.0856879 0.0705497 0.0447416 0.0561591 0.0287536 0.0821243 -0.0518192 0.00891854 -0.0789447 -0.0436987 0.0528193 0.177217 -0.0191945 0.0344778 0.215429 -0.0183022 0.0140451
internal_weight=51192.8 42542.4 8650.4 2078.59 6571.82 4087.08 1020.67 3066.41 1132.41 449.736 288.754 176.581 1628.85 665.93 1156.89 2484.74 1937.75 942.73 995.018 1418.05 1934 41385.5 645.925 174.637 58.1778 354.74 210.798 21.3879 589.35 189.41
internal_count=7930865 7541351 389514 223977 165537 86137 20968 65169 27296 28074 12327 11158 195903 17641 44257 79400 71904 59248 12656 192416 37873 7497094 87379 6292 2146 3327 3487 1321 65796 2166
is_linear=0
shrinkage=0.08


Tree=7
num_leaves=31
num_cat=0
split_feature=8 6 11 7 12 8 5 11 1 5 0 8 13 1 5 3 7 5 13 8 13 11 2 11 1 11 12 3 0 8
split_gain=7592.14 3663.26 292.909 679.279 642.192 557.31 371.255 930.278 286.538 208.666 431.492 203.843 202.255 489.907 327.346 229.6 176.994 214.686 148.132 343.055 182.974 292.345 140.35 123.914 125.518 122.959 378.113 113.847 111.427 107.06
threshold=0.82938069012026527 1.0000000180025095e-35 0.61250000000000016 0.86377084454007547 0.81266711229946542 0.99779735682819404 0.92546296296296304 0.47222222222222227 0.43288288288288296 0.77888888888888907 0.27361853832442073 0.99779735682819404 0.58227617846191659 0.50423728813559332 0.97826086956521752 0.86811594202898557 0.98496155585707845 0.56594202898550738 0.45616934899231554 0.69597423510466994 0.58227617846191659 0.30384615384615393 0.89564428312159727 0.47222222222222227 0.56125000000000014 0.80909090909090919 0.85462315462315475 0.85053191489361712 0.83484848484848506 0.99779735682819404
decision_type=2 2 2 2 2 2 2 2 2 2 2 2 2 2 2 2 2 2 2 2 2 2 2 2 2 2 2 2 2 2
left_child=1 18 4 12 22 6 8 -8 -6 10 -5 -12 13 14 -4 -15 17 -7 -1 -20 21 -21 23 -2 -25 28 -27 -3 -14 -11
right_child=2 27 3 9 5 16 7 -9 -10 29 11 -13 25 15 -16 -17 -18 -19 19 20 -22 -23 -24 24 -26 26 -28 -29 -30 -31
leaf_value=-0.079352598596127838 -0.065622633100607827 -0.037013804433698755 -0.022893157151359068 0.12030546056596857 -0.069269099372010492 -0.061421250030793857 0.022178952548717445 0.54220329301754688 0.032000388887928749 0.0052439075393212265 -0.05819088787566689 0.022180658867027199 0.21999854611221653 0.38982261357890752 0.080809486375473846 0.14719161277813156 0.032552115496546359 -0.22181662820852155 -0.080424543061761333 0.041306246722338395 -0.02223808222885347 0.36376061722361952 0.13986345647037152 -0.03161514721628364 0.092311215845473957 -0.66152859256567031 -0.032990461867863252 0.067256676711367383 -0.0041730877297235453 -0.044697005588976789
leaf_weight=37795.219358625356 1008.0932519296184 71.109350111335516 269.14062276715413 232.34680557530373 193.25351386191323 304.5489186309278 73.508876441512257 31.429767843335867 2393.4634561380371 450.22632620763034 283.14510512934066 704.40126154292375 20.121297530829906 27.52951953234151 705.35679277312011 267.51255784183741 95.660784710198641 64.764709522016346 440.42902957741171 65.236821265891194 114.208630441688 24.848509586881846 25.64229323528707 506.13497005356476 58.335540242027491 6.6490678638219824 77.7836834047921 1164.2290675360709 48.148199120536447 704.75779653526843
leaf_count=7432890 129393 6539 30770 4923 25615 6729 6463 2246 19651 2243 9494 28689 139 877 16305 2701 2712 921 81089 3325 2480 837 175 61317 979 582 5658 37610 864 6571
internal_value=-0.0596096 -0.0743462 0.0087585 0.0253263 -0.0044722 0.0164477 0.0304188 0.177929 0.0244345 -0.000858743 0.0222152 -0.00086313 0.0690504 0.0795133 0.0521685 0.169831 -0.0644287 -0.089549 -0.078704 -0.0406802 0.0450029 0.13025 -0.0457912 -0.0488185 -0.0188079 -0.0179365 -0.0824878 0.0612546 0.0618978 -0.0252295
internal_weight=48227.2 39675.3 8551.96 3797.12 4754.84 3156.63 2691.66 104.939 2586.72 2374.88 1219.89 987.546 1422.24 1269.54 974.497 295.042 464.974 369.314 38439.9 644.723 204.294 90.0853 1598.21 1572.56 564.471 152.702 84.4328 1235.34 68.2695 1154.98
internal_count=7930787 7564770 366017 109816 256201 64337 53975 8709 45266 51920 43106 38183 57896 50653 47075 3578 10362 7650 7520621 87731 6642 4162 191864 191689 62296 7243 6240 44149 1003 8814
is_linear=0
shrinkage=0.08


Tree=8
num_leaves=31
num_cat=0
split_feature=8 6 12 11 7 7 11 13 3 13 5 8 11 11 8 2 1 9 13 0 11 8 9 3 8 3 11 2 5 1
split_gain=7250.27 3415.08 280.207 556.476 332.835 328.195 279.611 596.098 460.551 292.221 255.297 234.36 552.514 258.617 143.414 471.063 279.019 286.955 125.38 120.416 112.218 110.087 106.803 101.914 101.043 157.138 96.9559 172.121 104.308 89.7051
threshold=0.81974597548368056 1.0000000180025095e-35 0.77811044577511668 0.58571428571428574 0.86377084454007547 0.98496155585707845 0.47222222222222227 0.58227617846191659 0.59359359359359365 0.45616934899231554 0.92546296296296304 0.99779735682819404 0.85416666666666685 0.85416666666666685 0.73353057199211047 0.69309262166405039 0.62678571428571439 0.42783409157421465 0.58227617846191659 0.83484848484848506 0.16025641025641027 0.99779735682819404 0.39588620981387485 0.85960591133004938 0.88428213390619415 0.90692640692640702 0.47222222222222227 0.65419580419580436 0.97826086956521752 0.26158232359230221
decision_type=2 2 2 2 2 2 2 2 2 2 2 2 2 2 2 2 2 2 2 2 2 2 2 2 2 2 2 2 2 2
left_child=1 14 3 26 6 11 9 8 -8 -4 29 13 -13 -6 -1 -16 17 -17 -18 -9 -11 -12 -5 -3 25 -24 -2 28 -28 -7
right_child=2 23 4 22 5 10 7 19 -10 20 21 12 -14 -15 15 16 18 -19 -20 -21 -22 -23 24 -25 -26 -27 27 -29 -30 -31
leaf_value=-0.079673164851394487 -0.064393160436538671 -0.037245377979870334 -0.047124618808460868 -0.029845271075619607 0.022981237641559495 0.11567803905430994 0.053399469858938391 0.061645937643206007 0.17419575905016643 0.022594882292006339 0.096877406128297761 -0.10950341541751576 0.0030746365873425387 -0.042061285922516581 -0.071179093455170567 0.25504276710109086 0.11837038756082981 3.4171906523741802 -0.013340731421282172 -0.059447920431757728 0.089887269705394776 -0.030183856842940244 -0.018008231875485909 0.058693484766804575 0.074962324519156409 0.23674322721318664 -0.065413878019693325 0.19579588263373215 0.0091882126277644579 0.050879792490199291
leaf_weight=33870.341176714282 874.61641826294363 75.195227323099971 368.04083641059697 121.68678645836189 1436.6058133980259 186.23224966600537 504.59200990805402 68.748878231272101 336.84767501032911 749.78948239888996 50.304809481836855 450.31734341941774 733.41838672431186 537.66305562783964 1349.133007213939 0.43078690208494563 101.03956038039178 0.32017254550009966 85.309959035832435 223.12767041102052 201.15242581209168 329.42249874211848 175.03070222167298 1230.2656669728458 406.48147145169787 17.001509073190391 255.96464464627206 22.526099040172994 225.73021097201854 514.42280908755492
leaf_count=7209783 127558 7113 30786 8807 27690 1734 20992 992 4060 5436 323 7223 19901 10034 280474 11 4361 33 1413 8057 1966 3071 15240 37023 17491 112 38168 301 23358 15926
internal_value=-0.0582781 -0.0739037 0.00698532 -0.0185163 0.0149858 0.00141345 0.0384434 0.0675857 0.101757 0.0134033 0.0394739 -0.0116074 -0.0397524 0.00526786 -0.0785888 -0.0546819 0.0642754 1.60323 0.0580736 -0.0309254 0.0368292 -0.0133513 0.0384782 0.0531674 0.0523694 0.00454611 -0.0482859 -0.0203464 -0.0304541 0.068103
internal_weight=45501.8 36712 8789.72 2099.04 6690.69 4238.39 2452.3 1133.32 841.44 1318.98 1080.38 3158 1183.74 1974.27 35406.6 1536.23 187.1 0.750959 186.35 291.877 950.942 379.727 720.2 1305.46 598.514 192.032 1378.84 504.221 481.695 700.655
internal_count=7929437 7540211 389226 231035 158191 85902 72289 34101 25052 38188 21054 64848 27124 37724 7496075 286292 5818 44 5774 9049 7402 3394 41650 44136 32843 15352 189385 61827 61526 17660
is_linear=0
shrinkage=0.08


Tree=9
num_leaves=31
num_cat=0
split_feature=12 10 6 10 11 14 7 11 7 11 7 7 7 11 5 13 5 10 7 1 14 7 3 12 11 11 5 14 13 9
split_gain=6041.66 1436.1 2479.53 371.919 286.49 283.792 256.882 650.881 228.647 198.095 193.545 141.623 135.081 186.276 124.967 113.211 112.916 97.9204 248.78 93.1581 80.5184 74.8895 67.5688 58.1991 272.532 128.789 54.6472 47.9914 46.0265 43.987
threshold=0.70025380710659901 0.569035604149145 1.0000000180025095e-35 0.70944863875543362 0.5277777777777779 1.0000000180025095e-35 0.69891215346824198 0.20714285714285716 0.98496155585707845 0.47222222222222227 0.59776361819090462 0.86377084454007547 0.75820584644114064 0.61250000000000016 0.97826086956521752 0.58227617846191659 0.92546296296296304 0.47320036115899206 0.34113087095303246 0.47722567287784684 1.0000000180025095e-35 0.58191438191438205 0.85053191489361712 0.85462315462315475 0.47222222222222227 0.41428571428571431 0.97826086956521752 1.0000000180025095e-35 0.52533812703304239 0.41337057728119181
decision_type=2 2 2 2 2 2 2 2 2 2 2 2 2 2 2 2 2 2 2 2 2 2 2 2 2 2 2 2 2 2
left_child=3 2 9 -1 26 6 7 15 11 28 -9 -8 13 -7 19 -3 -10 -11 -19 -6 -16 -15 -4 24 -14 -25 -5 -24 -2 -22
right_child=1 5 22 4 14 12 8 10 16 17 -12 -13 23 21 20 -17 -18 18 -20 -21 29 -23 27 25 -26 -27 -28 -29 -30 -31
leaf_value=-0.078968831520625213 -0.079278456951261581 -0.013706061195244368 -0.040895403030919437 -0.072737508166529449 -0.057576363293366954 -0.053858643026053636 0.024217034859894952 0.18731137925880245 0.073502698174365638 -0.088383022611249903 0.047413400074143935 -0.015926333139278836 -0.054151307494733153 0.22951993802809967 0.18429871589882693 0.069922106993737979 -0.010547899214602504 1.5239521511127541 0.072890906113506709 0.12055720253203946 -0.034170396706481053 0.025244521948402932 0.070639128547483235 0.019933181957994522 0.053600320117653394 -0.016287982821719286 -0.029968938006051972 0.039598658353280081 -0.014519591127246474 0.071393838116605504
leaf_weight=28328.181973581668 3911.952103971038 391.6796569772996 50.084356173872948 530.37415653048083 110.52716426551342 651.35810851398855 1003.914009236265 245.6991614678409 498.59800995932892 28.022778400219977 85.250620099483058 1279.0549900522456 212.89822340197861 12.386471603764219 34.614307550247759 140.85865647345781 128.69985554274172 0.76467468403279681 68.058121148031205 22.637533790897578 32.042320200707763 157.99555422505364 588.31704855524004 966.50998646160588 510.337325416971 1795.1074146397877 298.9951656004414 695.78434596490115 71.525084848515689 119.38710210425779
leaf_count=6460215 898586 17877 4943 100657 18096 87354 63195 3394 11486 5589 1769 26405 29977 258 1298 2755 1155 124 4623 716 2232 9912 15860 16425 18875 37438 51395 20890 10075 7273
internal_value=-0.0568629 -0.0125293 -0.0444104 -0.0771594 -0.0325318 0.00883373 0.0248498 0.0631682 0.0134805 -0.0753672 0.151275 0.00172633 -0.00520071 -0.034378 0.0318705 0.00841395 0.0562584 0.0376828 0.0890133 -0.0272943 0.074219 0.040095 0.0502644 0.0016794 0.0218816 -0.00361131 -0.0573191 0.05382 -0.0781157 0.0490565
internal_weight=42971.6 13494.9 5414.51 29476.8 1148.58 8080.35 3773.75 863.488 2910.27 4080.32 330.95 2282.97 4306.59 821.74 319.208 532.538 627.298 96.8456 68.8228 133.165 186.044 170.382 1334.19 3484.85 723.236 2761.62 829.369 1284.1 3983.48 151.429
internal_count=7930847 1288965 960690 6641882 181667 328275 128036 25795 102241 918997 5163 89600 200239 97524 29615 20632 12641 10336 4747 18812 10803 10170 41693 102715 48852 53863 152052 36750 908661 9505
is_linear=0
shrinkage=0.08


Tree=10
num_leaves=31
num_cat=0
split_feature=8 7 14 8 12 13 2 11 7 10 13 4 8 1 14 8 11 11 7 3 4 12 11 8 5 0 2 7 3 11
split_gain=6706.94 3136.07 251.223 276.726 149.076 261.36 153.17 199.734 239.134 143.193 129.432 113.751 113.539 403.843 139.505 137.023 95.4098 90.1281 86.096 69.66 68.5469 67.6466 306.808 111.942 146.289 138.497 97.2913 73.9652 64.6478 59.9739
threshold=0.81173769550868147 1.0000000180025095e-35 1.0000000180025095e-35 0.89492086860507924 0.99767441860465123 0.74690314987239714 0.91106719367588951 0.41428571428571431 0.86377084454007547 0.81505071950931851 0.58227617846191659 0.30952380952380959 0.72141523137580432 0.90098039215686276 1.0000000180025095e-35 0.74527629233511605 0.087121212121212141 0.58571428571428574 0.98496155585707845 0.78416149068322993 0.36666666666666675 0.85462315462315475 0.61250000000000016 0.99779735682819404 0.73252032520325205 0.83484848484848506 0.83910792512943055 0.52060455111513659 0.85053191489361712 0.16025641025641027
decision_type=2 2 2 2 2 2 2 2 2 2 2 2 2 2 2 2 2 2 2 2 2 2 2 2 2 2 2 2 2 2
left_child=1 28 4 19 6 9 7 10 -9 29 -2 -8 -3 -14 15 -15 -11 -16 -7 -4 -13 22 26 25 -25 -23 -5 -24 -1 -6
right_child=2 12 3 21 5 18 11 8 -10 16 -12 20 13 14 17 -17 -18 -19 -20 -21 -22 23 27 24 -26 -27 -28 -29 -30 -31
leaf_value=-0.035937062738067883 -0.056816224445053715 -0.079609159771380278 -0.055523542880013557 -0.02711804973108075 0.066525484406936841 -0.0071088874736041667 0.1463952985069388 0.04762251253750599 -0.018630393523907742 -0.0095039988619254612 0.046041080033199046 -0.12886605003330398 -0.071926173711687552 0.38216319189707038 -0.067104937104038115 0.08215320971173902 0.058962439031554646 0.34858193558678763 0.059936037789567069 -0.004157673812080505 0.066226054656740571 0.038689987875019829 -0.017303124724434019 0.0037048660225001535 -0.053824990437805836 -0.0089486530078868431 0.23765946813246375 0.070750219630317371 0.046188967907910786 0.1256609555323627
leaf_weight=64.216118748299778 478.52464004280046 28744.198133214377 780.61510634748265 552.77825997164473 207.21216090675443 736.01894986710977 82.449280008440837 733.41946617048234 664.63423251104541 187.37315495125949 93.615707891061902 18.524540842976421 1322.0950649026781 10.776417670771478 54.616920041851699 101.62458394560963 427.3692464986816 3.555470334365963 147.07916742772795 215.65189083945006 30.510168764740229 635.24807822727598 69.391019964590669 604.11715581151657 531.99274001456797 1014.0321731115691 9.0266453195363265 508.18036857433617 1371.555998314172 233.3848228645511
leaf_count=6675 56092 7155607 123955 63536 1683 11204 1021 50738 11819 1715 1892 420 314286 825 2145 2280 5740 97 6272 2859 450 17733 4299 20828 4909 9387 92 12221 37679 2975
internal_value=-0.0557184 -0.0730066 0.00538549 -0.00675138 0.0201687 0.03617 0.00541027 -0.000168976 0.0161259 0.0630415 -0.0399863 0.0890114 -0.078492 -0.0569797 0.0588688 0.110917 0.0380939 -0.0416983 0.00405738 -0.0444049 -0.00747667 0.00280663 0.0192282 -0.0039107 -0.023234 0.00940017 -0.0228638 0.0601712 0.0425158 0.0978496
internal_weight=40633.8 31672.6 8961.15 4921.03 4040.12 1938.44 2101.68 1970.19 1398.05 1055.34 572.14 131.484 30236.9 1492.67 170.573 112.401 614.742 58.1724 883.098 996.267 49.0347 3924.77 1139.38 2785.39 1136.11 1649.28 561.805 577.571 1435.77 440.597
internal_count=7931434 7519594 411840 259819 152021 29589 122432 120541 62557 12113 57984 1891 7475240 319633 5347 3105 7455 2242 17476 126814 870 133005 80148 52857 25737 27120 63628 16520 44354 4658
is_linear=0
shrinkage=0.08


Tree=11
num_leaves=31
num_cat=0
split_feature=8 6 12 11 7 11 13 3 7 5 12 11 8 1 8 11 13 8 14 13 10 5 3 14 3 0 8 2 8 4
split_gain=6515.04 2987.17 229.311 454.865 266.629 340.192 170.456 224.248 167.571 178.755 170.72 262.881 167.026 130.74 118.779 114.744 104.774 243.814 146.465 188.912 102.713 93.7646 241.545 103.475 81.3042 539.018 191.934 76.3946 63.0041 62.6896
threshold=0.80104166666666676 1.0000000180025095e-35 0.77811044577511668 0.5277777777777779 0.74298820445609448 0.19090909090909094 0.58227617846191659 0.86811594202898557 0.98496155585707845 0.73252032520325205 0.85462315462315475 0.47222222222222227 0.99779735682819404 0.20144927536231885 0.97081701016294797 0.41428571428571431 0.44444444444444453 0.65015337423312902 1.0000000180025095e-35 0.47148664343786301 0.81505071950931851 0.97826086956521752 0.64142857142857157 1.0000000180025095e-35 0.81557067271353001 0.64565756823821341 0.99779735682819404 0.88067796610169491 0.99779735682819404 0.70833333333333337
decision_type=2 2 2 2 2 2 2 2 2 2 2 2 2 2 2 2 2 2 2 2 2 2 2 2 2 2 2 2 2 2
left_child=1 16 3 14 5 20 7 -7 10 13 11 -6 -12 -10 27 -8 -1 -18 19 -19 -4 22 -5 -23 25 -16 -26 -2 -11 -3
right_child=2 29 4 21 8 6 15 -9 9 28 12 -13 -14 -15 24 -17 17 18 -20 -21 -22 23 -24 -25 26 -27 -28 -29 -30 -31
leaf_value=-0.079170478121772983 -0.056774237470535623 -0.0050323143451601552 0.040700560932223018 -0.052684932070466435 -0.042374351214944081 0.61685451020076998 0.10610054258569764 0.13221944791730086 0.15791185630339849 0.078671170659432785 0.0039588921540367437 0.055243335654676685 -0.030977499232640014 0.047676336074106145 0.028111773416985439 -0.05464263864550372 -0.08040713812574371 0.5208320045100977 -0.053610836059930084 0.06622611216598398 -0.030062329883487785 0.12142837747984771 0.098041132028035827 0.032749603375286193 0.16098045706923819 3.4576071005882847 -0.57154557782247972 0.096298015094938155 -0.014895135027947344 0.043886751766294835
leaf_weight=27283.301162173739 1187.7366942744702 192.41040652710944 312.16654973709956 207.50332656316459 236.80694288876839 6.2528351943474254 57.596096095629036 268.49841204565018 78.215938825160265 51.944432951509953 2627.0957327792421 693.92271262593567 1313.7934727056418 575.43594717886299 144.77676503593102 56.108393073547632 382.92153767100535 6.215440383180975 74.30778942303732 99.550025671022013 226.55387656623498 109.92414752067998 101.24773052404635 360.02920674043708 4.5116169094108027 0.29390262672677536 4.6472224402241409 21.239635686390102 406.47292807046324 1303.155386227183
leaf_count=7342659 212634 10965 2751 29616 30105 156 380 2775 634 367 47045 22711 30519 16315 12414 2319 97258 591 6608 3498 1827 2451 1714 14453 33 28 182 112 3796 33436
internal_value=-0.0542454 -0.07255 0.00508347 -0.0177871 0.0121718 0.0520909 0.109158 0.143249 0.00598634 0.0340068 -0.000410045 0.0304063 -0.00768802 0.0608671 -0.0456506 0.0267805 -0.0784656 -0.0443047 0.0324663 0.0929416 0.0109419 0.0309911 -0.00325782 0.053492 0.020465 0.0350597 -0.210705 -0.054085 -0.0042929 0.0375931
internal_weight=38394.6 29341.9 9052.77 2141.91 6910.86 927.176 388.456 274.751 5983.69 1112.07 4871.62 930.73 3940.89 653.652 1363.21 113.704 27846.3 562.995 180.073 105.765 538.72 778.704 308.751 469.953 154.23 145.071 9.15884 1208.98 458.417 1495.57
internal_count=7930352 7495015 435337 273637 161700 10208 5630 2931 151492 21112 130380 52816 77564 16949 225403 2699 7450614 107955 10697 4089 4578 48234 31330 16904 12657 12442 215 212746 4163 44401
is_linear=0
shrinkage=0.08


Tree=12
num_leaves=31
num_cat=0
split_feature=8 6 8 3 11 13 7 11 7 2 5 8 11 11 5 8 2 9 8 8 5 13 13 11 2 4 10 11 11 10
split_gain=6136.44 2786.18 187.751 477.588 200.486 208.584 119.806 278.368 182.828 166.189 167.666 144.134 423.008 165.966 132.078 118.837 476.695 159.376 256.233 115.81 110.881 107.277 153.298 95.6828 95.1758 64.6213 60.278 60.0506 57.2885 56.8725
threshold=0.81173769550868147 1.0000000180025095e-35 0.89492086860507924 0.71611721611721624 0.30384615384615393 0.58227617846191659 0.86377084454007547 0.61250000000000016 0.98496155585707845 0.82097069597069605 0.92546296296296304 0.99779735682819404 0.85416666666666685 0.85416666666666685 0.68496240601503777 0.69597423510466994 0.70320320320320329 0.46521120075937361 0.7277982133473464 0.86162029459901812 0.88516483516483524 0.58227617846191659 0.32077836099683177 0.38750000000000007 0.21164613661814111 0.30952380952380959 0.78755641521598985 0.80909090909090919 0.47222222222222227 0.80088105726872261
decision_type=2 2 2 2 2 2 2 2 2 2 2 2 2 2 2 2 2 2 2 2 2 2 2 2 2 2 2 2 2 2
left_child=1 15 3 20 29 19 7 9 11 10 -4 13 -13 -8 24 -1 -17 18 -18 -6 -2 22 -9 -7 -10 -19 -11 -23 -22 -5
right_child=2 -3 6 4 5 23 8 21 14 26 -12 12 -14 -15 -16 16 17 25 -20 -21 28 27 -24 -25 -26 -27 -28 -29 -30 -31
leaf_value=-0.079663641070433597 -0.075435316569841052 0.032616693864286166 -0.045303432540162836 0.025766314805469752 0.21052456056517738 0.11659302005778793 0.01962977716627853 0.045986921613856271 0.12982752484146315 0.057109608713159628 0.02694926377479186 -0.0868213548109322 0.0081849253739337286 -0.033372292141720078 -0.0023702500257078841 -0.073402689035326651 0.60698094368784949 0.25655588033937177 0.10287572383143992 0.08233761544800558 -0.061933410480829204 0.04879485054262226 0.12232075757858914 -0.076786266176992107 0.040631804906996694 -0.0021284525266420016 0.011992516537373052 -0.054693548244568069 -0.0027315941019811101 -0.035112487531073294
leaf_weight=24100.151356772752 598.50523776630871 1538.6467086290941 613.16478361655027 212.0208968766965 74.622969490243122 22.987288637086749 1411.8594300500117 815.23094841465354 88.828968307003379 298.36350819375366 309.20187368290499 496.28715323098004 758.08356262953021 516.4036886546528 484.10061208810657 1570.7440272164531 7.2957406286150208 6.463865138590335 55.87612828030251 114.03804461658001 160.13978297822177 61.85530124977231 212.20571295649279 56.932662847451866 554.45959101145854 140.92344571487047 519.51970226457343 85.470395264215767 301.68885525246151 182.95312275341712
leaf_count=7025988 121321 44095 65743 2410 1377 180 26159 27149 663 2497 33359 7259 19965 9632 4575 439701 913 226 1856 986 32546 842 3190 1279 15865 5886 4173 5616 23484 1622
internal_value=-0.0531991 -0.0719721 0.00432259 -0.0194 0.0338286 0.0871547 0.00998277 0.0225092 0.0015107 0.00219742 -0.0210824 -0.00829582 -0.029404 0.00543542 0.0291946 -0.0781899 -0.0582505 0.054783 0.161095 0.133041 -0.0527103 0.0525984 0.0617528 -0.0211648 0.0529485 0.00921649 0.0284512 -0.0112435 -0.0232599 -0.00243292
internal_weight=36369 27420.1 8948.92 1723.89 663.555 268.581 7225.04 2915.01 4310.02 1740.25 922.367 3182.63 1254.37 1928.26 1127.39 25881.5 1781.3 210.559 63.1719 188.661 1060.33 1174.76 1027.44 79.92 643.289 147.387 817.883 147.326 461.829 394.974
internal_count=7930557 7518665 411892 185205 7854 3822 226687 142569 84118 105772 99102 63015 27224 35791 21103 7474570 448582 8881 2769 2363 177351 36797 30339 1459 16528 6112 6670 6458 56030 4032
is_linear=0
shrinkage=0.08


Tree=13
num_leaves=31
num_cat=0
split_feature=8 6 12 11 1 5 9 11 0 14 8 1 11 13 13 8 12 11 11 10 8 3 2 2 8 11 0 8 3 2
split_gain=6047.49 2767.5 191.497 395.529 153.049 356.45 126.894 235.085 165.187 114.911 107.719 460.162 231.176 340.517 92.5829 74.9371 169.443 165.466 136.689 72.1887 71.6362 163.935 62.6621 54.3422 50.8191 50.7106 47.2792 46.8442 41.1856 41.1209
threshold=0.80104166666666676 1.0000000180025095e-35 0.77811044577511668 0.47222222222222227 0.47413024085637828 0.97826086956521752 0.6292920562583485 0.16025641025641027 0.81365740740740755 1.0000000180025095e-35 0.68764140271493224 0.86425061425061434 0.30384615384615393 0.58227617846191659 0.58227617846191659 0.89492086860507924 0.85462315462315475 0.41428571428571431 0.47222222222222227 0.82944896115627831 0.82938069012026527 0.9614814814814816 0.85053191489361712 0.54723707664884147 0.75072254335260125 0.47222222222222227 0.80277777777777792 0.97081701016294797 0.7013513513513514 0.81557067271353001
decision_type=2 2 2 2 2 2 2 2 2 2 2 2 2 2 2 2 2 2 2 2 2 2 2 2 2 2 2 2 2 2
left_child=1 10 3 27 5 23 7 19 25 -7 -1 22 -13 -14 -10 28 18 -18 -17 -4 21 -6 -12 -5 -24 -9 -3 -2 -8 -22
right_child=2 26 6 4 20 9 15 8 14 -11 11 12 13 -15 -16 16 17 -19 -20 -21 29 -23 24 -25 -26 -27 -28 -29 -30 -31
leaf_value=-0.07965509333399784 -0.066345708336104411 -0.014626676019604252 0.015240770816136629 -0.061055407382677382 0.071224659202972301 0.094796475121933177 -0.050873529548304458 -0.050355879188728643 0.13067901348392791 0.017586913067990467 -0.074430916285025503 0.0073904869671644283 0.34710811537168484 -0.12384949037787074 0.047047679401865342 -0.027746039411419982 0.024527410656422943 -0.0070678262152563311 0.065545184218130714 -0.048972762440454919 0.057638718213090703 0.92026024940433548 0.74311952865676301 0.34949864189226615 0.087951941743933337 0.037090006773174013 0.035196973051382981 0.014982754019718046 -0.0025856225889509228 0.18220806567356615
leaf_weight=22115.174840295687 737.95413623051718 133.06383894756436 389.01377712888643 407.86416438408196 4.5529482041019937 157.47012637532316 210.82450070464984 54.331453715683892 247.29439833131619 569.63462955318391 1528.6129871869925 143.08365468261763 33.917290641693398 13.832707619294522 128.86286463495344 124.76147887855768 1603.1049655405805 3136.0771816250635 517.21740038774442 157.37364868400618 122.90347426082008 2.1393585256300867 0.91266926634125312 2.0738580159377298 4.4626504415646195 193.95569130405784 1451.958012056537 48.292558770626783 243.73487193183973 19.674768367316574
leaf_count=6978871 148578 7158 3332 73449 522 5473 22307 6158 2647 38200 463689 7102 970 285 3266 12618 25143 65227 12194 1325 2530 72 73 80 44 4752 36934 4573 2538 175
internal_value=-0.0513337 -0.0713477 0.00471312 -0.0166491 0.0106741 0.000675635 0.0110321 0.0350679 0.0685999 0.0343083 -0.0781533 -0.0588977 0.0582562 0.210676 0.102029 0.0062098 0.0088446 0.00361977 0.0474151 -0.00325438 0.0868353 0.34264 -0.0734721 -0.0589784 0.199192 0.0179547 0.0310142 -0.0613504 -0.0249815 0.0748284
internal_weight=34504.1 25425 9079.11 2072.56 1286.31 1137.04 7006.55 1170.83 624.444 727.105 23840 1724.82 190.834 47.75 376.157 5835.72 5381.16 4739.18 641.979 546.387 149.271 6.69231 1533.99 409.938 5.37532 248.287 1585.02 786.247 454.559 142.578
internal_count=7930285 7495126 435159 273652 120501 117202 161507 21480 16823 43673 7451034 472163 8357 1255 5913 140027 115182 90370 24812 4657 3299 594 463806 73529 117 10910 44092 153151 24845 2705
is_linear=0
shrinkage=0.08


Tree=14
num_leaves=31
num_cat=0
split_feature=8 6 12 11 7 11 5 1 7 12 11 5 11 9 8 2 7 8 14 7 3 10 0 7 4 8 8 8 3 4
split_gain=5707.2 2555.19 170.04 322.971 144.247 255.248 133.733 290.707 114.777 139.854 177.13 136.377 135.536 99.392 99.2657 502.023 216.401 656.18 114.321 86.3013 88.4447 85.2756 73.3418 65.9491 54.968 54.5027 50.9091 50.8949 44.0552 42.469
threshold=0.80104166666666676 1.0000000180025095e-35 0.77811044577511668 0.47222222222222227 0.74298820445609448 0.19090909090909094 0.97826086956521752 0.45199692780337947 0.98496155585707845 0.86499057196731621 0.47222222222222227 0.68496240601503777 0.41428571428571431 0.39588620981387485 0.66524822695035468 0.79205974842767291 0.45687467180115532 0.74527629233511605 1.0000000180025095e-35 0.617082066869301 0.86526825332795487 0.9201769911504426 0.22401433691756276 0.64238000442380006 0.90000000000000013 0.82938069012026527 0.97081701016294797 0.99779735682819404 0.83935483870967753 0.90000000000000013
decision_type=2 2 2 2 2 2 2 2 2 2 2 2 2 2 2 2 2 2 2 2 2 2 2 2 2 2 2 2 2 2
left_child=1 14 3 26 5 23 7 -5 9 10 -6 22 -11 -8 -1 24 17 -17 -18 20 -7 -15 -10 25 -16 -4 29 -9 -3 -2
right_child=2 28 4 6 8 19 13 27 11 12 -12 -13 -14 21 15 16 18 -19 -20 -21 -22 -23 -24 -25 -26 -27 -28 -29 -30 -31
leaf_value=-0.07979144927504464 -0.065018592085975616 -0.042606998220802508 0.10011112220360169 -0.060731546891769163 -0.034538076760368561 0.43645592914344983 -0.030212745226955804 0.079766319587469048 0.10867392976194643 0.01118114054352572 0.043425072914165259 -0.004269808403078534 -0.019353100921484158 0.055931641965103716 -0.074435459894654124 0.90338763122074972 0.077425672774470031 0.021460938926667419 -0.059464400395817574 0.030322652733765901 0.10548450850111728 -0.033027597219616865 0.039271301245657912 0.049770949430981287 0.33052527069503901 -0.021403646279646329 0.020078132851965847 -0.081903264171901302 0.027992209192684993 0.39078519067857748
leaf_weight=19939.402002719464 691.73062862735242 58.667885705828667 25.225865805987269 381.24576555076055 241.43644090532325 5.2664236632408565 142.56470190593973 151.17861032066867 119.04079698584974 1554.4957800684497 819.76632647262886 479.40472741983831 2317.2996913609095 519.13284815987572 1916.3382884112652 7.5600719132926342 106.80929351039231 18.8910220596008 61.54165325104259 118.74536829744466 274.77082845859695 79.529030525358394 537.27471565792803 142.4232760774903 2.1475849456619462 371.84091807156801 49.177463478874415 13.581905587227082 1581.1055231569335 1.3107445882633317
leaf_count=6811189 148433 6094 601 72984 32646 110 12179 3341 845 23139 25200 4534 49377 29764 629253 1332 3318 689 4344 2441 3102 1852 15716 1102 123 2847 4560 777 38233 14
internal_value=-0.0502486 -0.0708801 0.0038445 -0.0165467 0.00975046 0.0389423 0.00768699 -0.022357 0.00523717 -4.18076e-05 0.0256875 0.0281664 -0.00709384 0.0298182 -0.0780441 -0.0615573 0.0608071 0.273527 0.0273847 0.0874745 0.111709 0.0441139 0.0518594 0.00306805 -0.0739821 -0.0136837 -0.0585754 0.0664392 0.0254663 -0.0641565
internal_weight=32728.9 23692.5 9036.44 2029.45 7006.99 938.273 1287.23 546.006 6068.72 4933 1061.2 1135.72 3871.8 741.227 22052.7 2113.29 194.802 26.4511 168.351 398.783 280.037 598.662 656.316 539.49 1918.49 397.067 742.219 164.761 1639.77 693.041
internal_count=7930139 7494575 435564 273904 161660 10203 120897 77102 151457 130362 57846 21095 72516 43795 7450248 639059 9683 2021 7662 5653 3212 31616 16561 4550 629376 3448 153007 4118 44327 148447
is_linear=0
shrinkage=0.08


Tree=15
num_leaves=31
num_cat=0
split_feature=8 6 8 3 11 13 13 8 5 11 9 11 13 11 8 11 2 1 11 4 11 3 2 11 11 8 13 8 5 14
split_gain=5598.53 2472.02 177.216 374.442 123.12 171.626 117.775 183.994 116.268 98.1329 85.1887 86.4311 77.4036 234.951 363.663 327.98 204.979 224.355 198.024 188.92 206.794 77.4786 72.8868 52.8675 50.7708 49.5716 46.4318 45.2002 42.2712 41.1653
threshold=0.80104166666666676 1.0000000180025095e-35 0.89492086860507924 0.71611721611721624 0.30384615384615393 0.58227617846191659 0.44444444444444453 0.65015337423312902 0.97826086956521752 0.41428571428571431 0.46184492798038618 0.19090909090909094 0.74690314987239714 0.41428571428571431 0.99779735682819404 0.23611111111111113 0.81165540540540559 0.82480818414322254 0.85416666666666685 0.90000000000000013 0.47222222222222227 0.87068004459308812 0.710394265232975 0.85416666666666685 0.47222222222222227 0.99779735682819404 0.45616934899231554 0.99779735682819404 0.21525096525096529 1.0000000180025095e-35
decision_type=2 2 2 2 2 2 2 2 2 2 2 2 2 2 2 2 2 2 2 2 2 2 2 2 2 2 2 2 2 2
left_child=1 6 3 8 -5 22 -1 -8 -2 -7 11 -9 16 15 23 27 19 21 -16 20 -4 -18 -6 -15 -10 -21 -19 -14 -17 -12
right_child=2 -3 12 4 5 9 7 10 24 -11 29 -13 13 14 18 28 17 26 -20 25 -22 -23 -24 -25 -26 -27 -28 -29 -30 -31
leaf_value=-0.078674642544978218 -0.074045380183192469 0.023525009839162836 -0.03103499369470766 -0.0015531649378662722 0.043045292663682989 0.093849636530706562 -0.079251417959423448 0.040345675852627425 -0.059696594099613462 -0.085668127400405081 0.027247805990093965 0.28063854682957134 0.0057249082756385397 -0.066247120378143787 -0.068057577574957298 0.091712691976987865 0.4030829037349703 -0.0074339702201909157 0.054265120495712311 0.32922175500176132 0.015909889497649959 0.15277795308241446 0.14227359264336745 -0.12876890797724649 -0.0026105933010305117 0.10282685755640053 0.050650833785920758 -0.042359958526897563 0.26085103571691276 -0.058173825115691302
leaf_weight=19937.317961923545 555.07050862535834 1669.2410273794085 718.62292042165063 420.06068565207534 74.405703226337209 28.940961892716587 287.23267533420585 28.534915277035907 143.37608236796223 59.669198006857187 90.90172142861411 14.421955665107815 927.51236086525023 374.74631254002452 116.8707298990339 260.43570945411921 8.8315966953523439 109.35131609305972 307.70211705582915 13.908664844464511 3654.6724285967648 76.215233293827623 130.41308220196515 112.55538971931674 327.38375325570814 11.153582515893504 452.76393919339171 144.6214546514675 9.8130415789782983 59.896196618909016
leaf_count=7344188 137984 44156 77954 4487 1659 212 97113 1610 35961 1328 3200 296 4069 3534 2636 1877 206 1332 20735 177 95666 1272 903 5948 25701 273 6360 4006 314 5697
internal_value=-0.0483741 -0.0700786 0.00466202 -0.0182859 0.0262219 0.0659836 -0.0777309 -0.0386133 -0.0492422 -0.0270358 0.0216309 0.121019 0.0101298 -0.00219459 -0.0335309 0.019092 0.0156362 0.0576731 0.0205938 0.009451 0.00819587 0.178771 0.106226 -0.0806882 -0.0199969 0.228468 0.0393513 -0.000761319 0.0978543 -0.00668125
internal_weight=31126.6 22087.5 9039.1 1739.32 713.49 293.429 20418.3 480.987 1025.83 88.6102 193.755 42.9569 7299.78 2254.26 911.875 1342.38 5045.52 647.162 424.573 4398.36 4373.3 85.0468 204.819 487.302 470.76 25.0622 562.115 1072.13 270.249 150.798
internal_count=7930854 7496260 434594 208235 8589 4102 7452104 107916 199646 1540 10803 1906 226359 43119 32853 10266 183240 9170 23371 174070 173620 1478 2562 9482 61662 450 7692 8075 2191 8897
is_linear=0
shrinkage=0.08


Tree=16
num_leaves=31
num_cat=0
split_feature=8 6 14 8 8 1 11 13 7 7 13 5 3 8 3 10 5 8 1 5 2 2 4 5 12 11 2 8 13 12
split_gain=5048.93 2460.15 139.64 195.109 111.369 333.77 173.029 226.652 64.1698 158.658 153.18 369.563 116.257 106.049 86.7856 69.6107 64.1386 56.948 55.5742 68.2337 58.2011 52.5783 50.3583 165.863 45.329 113.05 68.6879 66.4511 144.238 123.733
threshold=0.80104166666666676 1.0000000180025095e-35 1.0000000180025095e-35 0.90682170542635665 0.69177661133967006 0.89725545390570038 0.30384615384615393 0.58227617846191659 0.86377084454007547 0.98496155585707845 0.3597502950020936 0.97826086956521752 0.82426470588235301 0.86162029459901812 0.64142857142857157 0.82944896115627831 0.92546296296296304 0.89492086860507924 0.90692640692640702 0.92546296296296304 0.93475177304964541 0.83795948987246816 0.22500000000000003 0.6198686371100165 0.85462315462315475 0.47222222222222227 0.83484848484848506 0.99779735682819404 0.74690314987239714 0.86499057196731621
decision_type=2 2 2 2 2 2 2 2 2 2 2 2 2 2 2 2 2 2 2 2 2 2 2 2 2 2 2 2 2 2
left_child=1 4 8 18 -1 21 -7 -8 10 22 11 14 13 -12 -2 -14 -11 -13 19 20 -4 -6 23 -10 25 26 -5 28 -26 -29
right_child=2 -3 3 24 5 6 7 -9 9 16 12 17 15 -15 -16 -17 -18 -19 -20 -21 -22 -23 -24 -25 27 -27 -28 29 -30 -31
leaf_value=-0.079375604243285894 -0.06019600450429264 0.02253016938428555 -0.074299785435689367 -0.042921259548277482 -0.073179333906538024 -0.004211582950411288 0.26895258821840362 -0.10508374020011182 0.074708935851518957 0.047360606130277295 -0.026649302998732124 0.011619726549194005 0.051779950328902487 0.24797135327486561 0.010272319453925377 0.01151033877631835 -0.015098672067251601 0.083935505403625862 -0.0040613445445376361 -0.024778658060159265 0.20326253960431279 0.16273736057884677 -0.025208960518242295 -0.024686706956806401 0.03554690812489348 0.029799397691931521 0.25131041842582613 -0.30598323311276648 -0.012879390688749812 -0.015652126741706948
leaf_weight=17530.441875080345 417.60112310596742 1710.5552823338658 389.38114729570225 207.4978649080731 1167.995272776112 147.19566477718763 37.558090199250728 14.322256270796059 157.94985806476325 529.04604001133703 12.619423719123004 96.968151999171823 735.27671364735579 31.373884043772705 152.76889182673767 438.60703551786719 131.34481775388122 247.77828391082585 254.71154019865207 430.12046449771151 4.8957226863130918 6.0774705356452605 824.14441950852051 336.04470724146813 667.4809039272368 811.70579308003653 5.2052524867467573 9.4711319432826695 959.48062611650676 1162.2951473129797
leaf_count=7002289 87536 44271 95027 34161 442705 6500 871 269 8101 11453 536 7475 7867 1333 3919 5249 1188 5937 2599 59576 30 208 13726 4652 16844 33131 68 288 8859 25380
internal_value=-0.0475057 -0.0693435 0.00243659 -0.00668239 -0.0776571 -0.055717 0.040067 0.165695 0.0133093 0.00293218 0.022935 -0.00179703 0.0415187 0.169197 -0.0413216 0.0367337 0.0349381 0.063595 -0.036723 -0.0468144 -0.0708533 -0.0719581 -0.0131029 0.00709406 0.00179679 0.0161951 -0.0357208 -0.00347338 0.00698809 -0.0179988
internal_weight=29627.9 20614.1 9013.77 4902.25 18903.6 1373.15 199.076 51.8803 4111.52 1978.53 2132.99 915.116 1217.88 43.9933 570.37 1173.88 660.391 344.746 1079.11 824.397 394.277 1174.07 1318.14 493.995 3823.14 1024.41 212.703 2798.73 1626.96 1171.77
internal_count=7932048 7497113 434935 275963 7452842 450553 7640 1140 158972 39120 119852 104867 14985 1869 91455 13116 12641 13412 157232 154633 95057 442913 26479 12753 118731 67360 34229 51371 25703 25668
is_linear=0
shrinkage=0.08


Tree=17
num_leaves=31
num_cat=0
split_feature=8 6 8 2 14 11 8 3 5 11 13 7 11 7 8 11 4 5 13 5 13 13 11 4 11 8 11 8 7 4
split_gain=5015.03 2287.69 120.434 437.964 137.976 166.537 104.462 355.375 144.625 111.62 311.194 71.5005 136.357 95.0365 111.568 300.523 152.095 92.6312 77.4047 145.783 63.4765 78.6773 57.3356 56.7202 54.3743 53.306 48.906 45.8686 44.0434 42.9741
threshold=0.80104166666666676 1.0000000180025095e-35 0.66524822695035468 0.70320320320320329 1.0000000180025095e-35 0.30384615384615393 0.90682170542635665 0.69397993311036799 0.88516483516483524 0.41428571428571431 0.58227617846191659 0.86377084454007547 0.61250000000000016 0.98496155585707845 0.99779735682819404 0.85416666666666685 0.2678571428571429 0.68496240601503777 0.41027770678933478 0.92546296296296304 0.58227617846191659 0.32077836099683177 0.47222222222222227 0.30952380952380959 0.47222222222222227 0.99779735682819404 0.85416666666666685 0.99779735682819404 0.86377084454007547 0.41428571428571431
decision_type=2 2 2 2 2 2 2 2 2 2 2 2 2 2 2 2 2 2 2 2 2 2 2 2 2 2 2 2 2 2
left_child=1 2 -1 -4 5 -5 7 8 -2 -9 29 12 18 14 16 -16 -13 22 19 -8 21 -14 -15 -20 -10 -19 -12 -22 -26 -11
right_child=6 -3 3 4 -6 -7 11 9 24 10 26 13 20 17 15 -17 -18 25 23 -21 27 -23 -24 -25 28 -27 -28 -29 -30 -31
leaf_value=-0.079579560320973908 -0.071951045894303525 0.018642662412420467 -0.072982910278929031 0.036904739753378497 -0.042418866059786009 0.2220295572504917 -0.05181747827759299 0.0050911625850444831 -0.054704821788948664 0.063911144224491373 -0.034612774590400124 0.039140346258844598 0.036323593517060812 0.080866974826570209 -0.068703290509041837 0.0091159285309804407 -0.0084296211756750075 0.072674200365899527 0.13266911491600664 0.024592191663942855 -0.046204098667900845 0.095215071419602518 0.027258727118875302 0.01501377176995356 0.0090101888048330688 -0.014061491963960379 -0.18340934541823856 0.047460251070642653 -0.090095896565599021 0.14039831075612907
leaf_weight=15747.363619968295 551.44426039257087 1746.8388465438038 1514.5609021568671 109.01664943411015 75.665104842511937 43.513445836957544 360.82805490423925 618.26144180702977 152.92302515520714 69.613298152107745 64.33961889334023 639.81405794434249 805.75548951141536 173.20679822843522 541.01639767549932 769.10015549999662 1312.7323349432554 50.717259121127427 27.093493644846603 286.84330119891092 87.417202001437545 177.09609097923385 485.83800995693309 816.86351101123728 370.91144275804982 428.37506615556777 18.11792506929487 54.213392141275108 31.10526292398572 144.8008581167087
leaf_count=6812021 150895 44310 625770 4885 7287 837 53196 6743 40071 1166 777 19849 24006 2833 7325 19988 14734 376 467 28380 2634 2955 13670 7108 28661 4138 1037 3481 215 866
internal_value=-0.0455584 -0.0686525 -0.0773711 -0.0574161 0.0459031 0.0897167 0.00359394 -0.0124295 -0.0429354 0.0244517 0.0647717 0.00821018 0.0186841 0.00198383 -0.0049597 -0.0230197 0.00715819 0.0218886 0.00282616 -0.0179769 0.0397197 0.046935 0.0413478 0.0187909 -0.0141026 -0.00487955 -0.067307 -0.0103512 0.00134205 0.115565
internal_weight=28275.4 19237 17490.1 1742.76 228.195 152.53 9038.43 2021.52 1106.38 915.133 296.872 7016.91 2616.11 4400.8 3262.66 1310.12 1952.55 1138.14 1491.63 647.671 1124.48 982.852 659.045 843.957 554.94 479.092 82.4575 141.631 402.017 214.414
internal_count=7930681 7495110 7450800 638779 13009 5722 435571 230431 219842 10589 3846 205140 122227 82913 61896 27313 34583 21017 89151 81576 33076 26961 16503 7575 68947 4514 1814 6115 28876 2032
is_linear=0
shrinkage=0.08


Tree=18
num_leaves=31
num_cat=0
split_feature=12 8 8 6 8 7 11 8 3 14 7 10 3 8 11 7 7 11 2 13 8 8 0 11 5 2 10 1 11 4
split_gain=4773.37 606.492 600.085 1156.6 239.439 375.626 424.094 148.29 124.164 72.648 72.3833 89.3526 65.8424 132.218 185.147 64.4344 102.592 82.1948 171.061 151.14 63.4 75.4033 115.468 96.9917 63.3607 56.0415 55.7854 55.1583 48.7459 44.2842
threshold=0.66813509544787097 0.958456607495069 0.80104166666666676 1.0000000180025095e-35 0.63241578682755162 0.58191438191438205 0.47222222222222227 0.77944089808496597 0.18465909090909091 1.0000000180025095e-35 0.40562739147644816 0.90033112582781472 0.81934731934731941 0.99779735682819404 0.85416666666666685 0.86377084454007547 0.98496155585707845 0.47222222222222227 0.83795948987246816 0.58227617846191659 0.89492086860507924 0.99779735682819404 0.83484848484848506 0.85416666666666685 0.92546296296296304 0.82972848596410509 0.66819571865443439 0.51732377538829166 0.30384615384615393 0.22500000000000003
decision_type=2 2 2 2 2 2 2 2 2 2 2 2 2 2 2 2 2 2 2 2 2 2 2 2 2 2 2 2 2 2
left_child=1 7 3 4 -2 6 -6 -1 10 15 -3 26 27 -14 -15 17 29 18 -4 -19 -11 22 -22 -23 -18 -9 -12 -10 -27 -17
right_child=2 8 9 -5 5 -7 -8 25 12 20 11 -13 13 14 -16 16 24 19 -20 -21 21 23 -24 -25 -26 28 -28 -29 -30 -31
leaf_value=-0.079477740355913942 -0.07749207374955476 -0.027100522186576496 -0.049153374592331128 0.019027171777843285 0.025454996800826111 -0.059161706201589163 0.37222619176533189 -0.048281291850809309 -0.043565636301195435 -0.02696333846940319 0.031332396711565902 -0.019763448502595846 0.10943256165856174 -0.3586130957651239 -1.9091149786178585 0.0097713784170650412 0.041730129393891209 0.060094318556108049 0.028277277879751494 -0.030602589242520559 0.029053712594779561 -0.044058872050345664 -0.0077933730314933228 0.0012451034485978767 -0.020353689720435372 -0.047101819911813766 0.14486646187492555 0.2424564288087338 0.19272897837024106 -0.020231216824108049
leaf_weight=13530.96417648904 2076.3242397212889 43.638479706365615 242.57306767813861 1732.2041560159996 113.44767337082885 363.0640760762617 28.17736734659411 822.77831451175734 69.163549839751795 554.12522396701388 37.087316965917125 39.271673656534404 3.3872390985488883 3.9623701223172247 0.56291504425462324 503.38395053427666 532.14076633285731 652.04152204788988 738.58626987691969 143.46330263512209 1142.8043111970183 426.91054032347165 1039.2980875610374 1037.3344837363693 131.13198288995773 10.10437007318251 109.40551803982817 4.6022386101540169 11.709103283239527 840.68533502775244
leaf_count=6314247 963245 2600 30998 41953 10222 118707 693 190623 10588 69250 1928 1434 23 83 102 12702 11523 28021 5183 4751 53241 6590 9389 22531 1172 60 4148 218 66 13727
internal_value=-0.0442671 -0.0750563 -0.00749694 -0.031541 -0.0654789 -0.0160561 0.0944477 -0.0774478 0.0354576 0.00549164 0.0656158 0.087396 -0.0492452 -0.268556 -0.551485 0.0135316 0.00371035 0.0246279 0.00913402 0.0437378 -0.00175114 0.00208029 0.0115041 -0.0119636 0.0294559 -0.0449259 0.116123 -0.0257208 0.0816353 -0.00899458
internal_weight=26984.3 14686.6 12297.7 4313.22 2581.01 504.689 141.625 14375.6 311.081 7984.48 229.403 185.765 81.6783 7.91252 4.52529 3784.01 2007.34 1776.66 981.159 795.505 4200.47 3646.35 2182.1 1464.25 663.273 844.592 146.493 73.7658 21.8135 1344.07
internal_count=7930018 6526120 1403898 1134820 1092867 129622 10915 6504996 21124 269078 10110 7510 11014 208 185 108077 39124 68953 36181 32772 161001 91751 62630 29121 12695 190749 6076 10806 126 26429
is_linear=0
shrinkage=0.08


Tree=19
num_leaves=31
num_cat=0
split_feature=12 8 8 9 8 7 11 11 8 11 5 14 7 7 11 13 7 10 9 10 10 8 8 5 4 3 11 5 11 8
split_gain=4518.71 581.886 556.486 1000.08 226.907 297.238 385.788 178.378 156.792 133.553 107.766 74.5003 64.9928 87.1829 65.6716 147.708 119.985 64.5355 62.5945 91.4384 58.8777 54.5431 53.9849 90.6241 87.7784 46.607 64.7791 62.6732 43.9527 42.2876
threshold=0.66813509544787097 0.958456607495069 0.81173769550868147 0.23716258631512874 0.57837231278053403 0.57203907203907212 0.47222222222222227 0.23611111111111113 0.77944089808496597 0.85416666666666685 0.97826086956521752 1.0000000180025095e-35 0.86377084454007547 0.98496155585707845 0.47222222222222227 0.52533812703304239 0.6003802281368823 0.72141523137580432 0.41189093663216364 0.90033112582781472 0.78755641521598985 0.89492086860507924 0.99779735682819404 0.92546296296296304 0.90000000000000013 0.7653316645807261 0.41428571428571431 0.97826086956521752 0.47222222222222227 0.86162029459901812
decision_type=2 2 2 2 2 2 2 2 2 2 2 2 2 2 2 2 2 2 2 2 2 2 2 2 2 2 2 2 2 2
left_child=1 8 3 7 -5 6 -6 17 -1 -9 -3 12 14 -14 15 -4 -16 -2 -12 -20 -19 -13 23 -23 -24 27 -27 -10 -15 -28
right_child=2 10 11 4 5 -7 -8 9 25 -11 18 21 13 28 16 -17 -18 20 19 -21 -22 22 24 -25 -26 26 29 -29 -30 -31
leaf_value=-0.079337388436012526 0.013179226367019363 -0.04479517296519317 -0.025178167656269013 -0.078296559154627049 0.0082234302872903758 -0.058232791999281601 0.30906272062167306 0.57327029028264354 -0.074133199580471626 2.6912751986017116 0.0037139162891232998 -0.026728491348623158 -0.0084539176528968824 0.070766873043999715 0.10209100112202955 0.038035922416501861 0.025488227071625916 0.23434258720854459 0.12418980345680279 -0.019159003316578334 1.6965876841006589 -0.00074426530944131473 -0.01951586892086269 0.036088090868539015 0.033989460151930016 -0.061801334282917085 0.2435964395935126 -0.027230509880957127 0.017302405391742888 0.043745129466981426
leaf_weight=12502.385136892321 1805.4830066696741 88.275503199547529 422.7787733937148 1837.9610198028386 144.52984896628186 421.72598104330245 33.628593138419092 1.0941685896832485 335.49132786365226 0.23071429226547469 85.478706959635019 517.01501711132005 1344.9372488276567 120.01754093402997 164.63745512862806 537.11410716618411 637.91079908929532 0.50739331473596294 116.28563863737509 37.715293125715107 0.27002145489677787 1632.2066456384491 1223.0382170432131 579.25366421928629 233.73602606297936 31.578409211710095 9.1905539948493225 399.40078170248307 546.58288468775572 25.792939729522914
leaf_count=6314625 58958 11456 30397 926143 22858 136694 1051 234 117972 33 4780 62141 26639 1985 2241 3780 29137 54 3654 1337 25 46549 17150 16073 11896 1043 296 71004 10772 217
internal_value=-0.042887 -0.0745442 -0.00752857 -0.0309185 -0.0643529 -0.0216315 0.0650089 0.0141736 -0.0771385 0.942098 0.0307609 0.00494756 0.0130983 0.00327137 0.024314 0.0101937 0.0412028 0.013493 0.0586119 0.0890832 0.742228 -0.00240219 0.00102645 0.00890333 -0.0109311 -0.0428364 0.0212661 -0.0486424 0.0269284 0.0962483
internal_weight=25836.3 13631.6 12204.7 4245.43 2437.85 599.884 178.158 1807.59 13303.8 1.32488 327.755 7959.23 3773.98 2011.54 1762.44 959.893 802.548 1806.26 239.48 154.001 0.777415 4185.25 3668.23 2211.46 1456.77 801.454 66.5619 734.892 666.6 34.9835
internal_count=7931194 6526384 1404810 1146050 1086746 160603 23909 59304 6505157 267 21227 258760 104951 39396 65555 34177 31378 59037 9771 4991 79 153809 91668 62622 29046 190532 1556 188976 12757 513
is_linear=0
shrinkage=0.08


Tree=20
num_leaves=31
num_cat=0
split_feature=8 6 8 1 14 11 8 3 5 11 7 2 8 7 11 7 8 11 11 11 13 5 11 11 7 13 3 11 9 13
split_gain=4124.77 2018.36 143.312 394.085 113.53 160.358 77.3881 262.776 104.349 76.8567 100.482 57.3224 90.5703 49.141 115.11 79.6998 80.3293 224.192 169.555 73.2116 64.6448 127.249 64.1978 44.746 40.1901 47.0008 37.3446 36.712 34.6288 33.0513
threshold=0.80104166666666676 1.0000000180025095e-35 0.66524822695035468 0.86425061425061434 1.0000000180025095e-35 0.23611111111111113 0.89492086860507924 0.7013513513513514 0.88516483516483524 0.30384615384615393 0.60399362083859398 0.88303693570451447 0.74527629233511605 0.86377084454007547 0.61250000000000016 0.98496155585707845 0.99779735682819404 0.85416666666666685 0.85416666666666685 0.47222222222222227 0.47148664343786301 0.97826086956521752 0.58571428571428574 0.23611111111111113 0.42598071444225294 0.58227617846191659 0.62284482758620696 0.47222222222222227 0.81266711229946542 0.58227617846191659
decision_type=2 2 2 2 2 2 2 2 2 2 2 2 2 2 2 2 2 2 2 2 2 2 2 2 2 2 2 2 2 2
left_child=1 2 -1 11 5 -5 7 8 -2 -9 -11 -4 -13 14 20 16 18 -18 -15 23 21 -8 -22 -17 -16 -26 -21 -10 -29 -12
right_child=6 -3 3 4 -6 -7 13 9 27 10 29 12 -14 15 24 19 17 -19 -20 26 22 -23 -24 -25 25 -27 -28 28 -30 -31
leaf_value=-0.079304439384801736 -0.073151924420476452 0.013078340805921572 -0.071835808477279703 0.026710137508757566 -0.039068677599856667 0.20089994413951259 -0.041166220737741621 -0.001610708402857717 -0.054783676318636586 0.10731127889273369 0.048362356435663736 0.88211115822778918 0.031619821476238687 0.017858774808538831 -0.030302080032838023 0.040994813649689654 -0.059944509097595577 0.0065754449345596178 -0.034638579282855589 0.016585114646596139 0.017550609185665329 0.022477559697195521 -0.1718692787896553 0.12992326324620904 0.04088461127737212 -0.0065695475075812915 -0.022439982139683602 0.01217466649612042 -0.050824666810939181 -0.018295266991433832
leaf_weight=12441.517639299273 417.93226511753164 1819.4816646547988 1220.7777778130258 105.91376276954543 72.151794966775924 49.694208522210829 511.98329139407724 421.46074209176004 119.2343531481456 122.32355264178477 93.428585665300488 0.99296301719732483 4.1528734089806676 1458.4649054361507 63.956515785626834 168.59521954134107 564.11098522040993 762.64920159394387 539.3568883119151 741.07388701371383 848.99898806749843 331.07416221359745 11.607708691619335 46.117459973320365 1040.4030425892561 153.25498380092904 199.09745590109378 238.42304470972158 72.917727090651169 97.068170724902302
leaf_count=6812869 136914 44218 627015 4685 5921 944 65240 4521 36663 1137 1644 90 48 26016 4016 2964 7277 19915 9687 5748 7165 33372 98 460 26222 6436 11885 25394 749 1526
internal_value=-0.0413988 -0.0661526 -0.0765273 -0.0527589 0.0438781 0.0823386 0.00171046 -0.0143529 -0.044676 0.0206874 0.0507296 -0.0707127 0.195734 0.00512744 0.0131235 -0.000158601 -0.00644796 -0.0217075 0.00368593 0.0179467 -0.00042804 -0.0161729 0.0149957 0.0600955 0.0314815 0.0347919 0.00832088 -0.0170363 -0.00258013 0.0143968
internal_weight=24738.2 15714.7 13895.2 1453.68 227.76 155.608 9023.53 1582.79 848.507 734.281 312.82 1225.92 5.14584 7440.74 2961.28 4479.47 3324.58 1326.76 1997.82 1154.88 1703.66 843.057 860.607 214.713 1257.61 1193.66 940.171 430.575 311.341 190.497
internal_count=7930839 7495790 7451572 638703 11550 5629 435049 208548 199720 8828 4307 627153 138 226501 142549 83952 62895 27192 35703 21057 105875 98612 7263 3424 36674 32658 17633 62806 26143 3170
is_linear=0
shrinkage=0.08


Tree=21
num_leaves=31
num_cat=0
split_feature=12 8 8 9 8 7 11 8 9 10 8 14 3 13 2 11 4 5 3 3 11 8 11 11 8 8 8 11 13 6
split_gain=4262.14 516.131 425.711 933.994 204.904 250.168 169.561 136.172 81.0881 98.5651 56.4367 50.8244 48.7828 47.4956 87.9719 101.449 86.3912 45.388 45.0316 43.5476 42.377 41.2602 40.9466 143.804 87.7473 39.3843 37.7 34.8159 41.9674 34.3993
threshold=0.66548881036513563 0.80104166666666676 0.80104166666666676 0.23716258631512874 0.63241578682755162 0.59776361819090462 0.47222222222222227 0.97081701016294797 0.45929470139996459 0.9201769911504426 0.44397954439795451 1.0000000180025095e-35 0.82807881773399028 0.74690314987239714 0.87841832963784194 0.16025641025641027 0.77500000000000013 0.97826086956521752 0.81934731934731941 0.82807881773399028 1.0000000180025095e-35 0.61863086850107563 0.38750000000000007 0.16025641025641027 0.99779735682819404 0.54457769720634042 0.87260524710189158 0.41428571428571431 0.19048945298771233 1.0000000180025095e-35
decision_type=2 2 2 2 2 2 2 2 2 2 2 2 2 2 2 2 2 2 2 2 2 2 2 2 2 2 2 2 2 2
left_child=1 -1 3 10 -5 6 -6 12 18 -10 29 13 17 14 16 -16 -4 -3 -9 -11 -7 25 23 -15 -24 -12 -13 -14 -29 -2
right_child=2 7 11 4 5 20 -8 8 9 19 21 26 27 22 15 -17 -18 -19 -20 -21 -22 -23 24 -25 -26 -27 -28 28 -30 -31
leaf_value=-0.078991208022417117 -0.068124534961047742 -0.070950216300307081 0.0063060426083266664 -0.077109072010692906 0.021362729892319285 0.0029655835824542722 0.22324483896696756 -0.0046953334757000352 0.10735523182298724 -0.038295560411120241 0.44340597972833967 -0.027342870002319209 -0.03713418529708877 -0.0096056680822808778 0.014575821512198084 0.074315535532003291 0.17791522177946786 -0.026490048280394633 -0.2510883703483619 -0.59106965370633635 -0.071111348103678557 0.19249100096053698 -0.057985887795703434 0.083769932235934277 0.014850759820457674 1.7497070248549442 0.00055470218747775285 -0.10289016532054653 0.13834372461482111 0.01466222211398289
leaf_weight=10716.24153498793 32.698935478343628 242.25963259907439 1991.1715323101962 1648.4203538215952 123.96468537591863 60.43360245495569 33.909657444921322 145.78467123256996 109.28298316616565 29.51993545982987 0.45600368839222838 336.58580354438163 23.626842647092417 519.09708154946566 425.19200023356825 317.99021799949696 18.953210419276729 373.54067457630299 4.9070257479324928 0.94119379669427772 271.31996480852831 4.2010806294856593 217.67464849585667 132.4991292282939 206.06560369685758 0.21848616516217589 3927.7427003692719 5.6940524396486607 24.365797041915357 1821.7629467695951
leaf_count=6328789 16959 86758 81536 961322 11899 5824 869 10473 4408 1642 139 55256 409 4000 3167 4988 312 56138 82 14 126786 213 4080 991 11156 69 109768 48 198 42526
internal_value=-0.0394832 -0.0739572 -0.00619034 -0.02755 -0.0636115 -0.0181696 0.0647248 -0.0177589 0.0279879 0.0718836 0.0139171 0.00435989 -0.0376047 0.0110506 0.0166191 0.040137 0.00792412 -0.043981 -0.0127187 -0.0553753 -0.0576172 0.285741 -0.00320705 0.00938184 -0.0225653 0.866553 -0.00164727 0.0355326 0.0926483 0.0132025
internal_weight=23766.5 11676.2 12090.4 3997.39 2138.05 489.628 157.874 959.923 290.436 139.744 1859.34 8092.97 669.487 3828.64 2753.31 743.182 2010.12 615.8 150.692 30.4611 331.754 4.87557 1075.34 651.596 423.74 0.67449 4264.33 53.6867 30.0598 1854.46
internal_count=7930819 6488959 1441860 1166606 1106700 145378 12768 160170 16619 6064 59906 275254 143551 110230 90003 8155 81848 142896 10555 1656 132610 421 20227 4991 15236 208 165024 655 246 59485
is_linear=0
shrinkage=0.08


Tree=22
num_leaves=31
num_cat=0
split_feature=12 8 8 6 8 7 11 8 9 10 3 9 8 11 5 5 3 4 12 11 11 10 11 13 12 5 3 11 10 7
split_gain=4067.19 505.795 410.088 847.164 211.552 283.251 267.774 124.853 63.42 64.6178 59.2535 41.667 36.532 229.891 233.352 131.518 348.251 316.22 112.854 89.1623 236.997 126.428 60.0304 58.3224 47.7036 55.3038 44.1758 31.1882 55.1397 28.4202
threshold=0.64879240943070748 0.958456607495069 0.81173769550868147 1.0000000180025095e-35 0.55487600223755373 0.52811420788948882 0.47222222222222227 0.77944089808496597 0.40586884775434073 0.90033112582781472 0.88303693570451447 0.53804138094814036 0.99779735682819404 0.85416666666666685 0.65058139534883741 0.97826086956521752 0.55245781364636837 1.0000000180025095e-35 0.71463077984817136 0.47222222222222227 0.69047619047619058 0.97339233038348094 0.73214285714285732 0.16668012706617139 0.70712651375634816 0.57979626485568769 0.30940170940170947 0.47222222222222227 0.60538387252535009 0.44647009966777412
decision_type=2 2 2 2 2 2 2 2 2 2 2 2 2 2 2 2 2 2 2 2 2 2 2 2 2 2 2 2 2 2
left_child=1 7 3 4 27 6 -6 -1 -3 11 -7 29 15 24 23 16 22 -18 -16 21 -21 -17 -4 -15 26 -26 -14 -2 -29 -10
right_child=2 8 12 -5 5 10 -8 -9 9 -11 -12 -13 13 14 18 19 17 -19 -20 20 -22 -23 -24 -25 25 -27 -28 28 -30 -31
leaf_value=-0.07916315265248261 -0.079200505091329629 -0.021731459207587837 -0.069478579269056193 0.012860235297947029 0.023554316083819842 -0.06906244590621706 0.3054665702600477 -0.042443101438477494 0.19545412246130162 -0.034387107777400491 -0.014683716547556288 0.13174525846710031 0.20863284540837301 0.1136612670059083 0.12061088534492717 -0.039419895526954116 0.11062705613528845 0.0053389537748291657 -0.018630113655847654 0.12019320857950443 0.021425950908263984 0.2740707155094817 -0.012312141911792293 0.03640644240659268 -0.025516195824924103 -0.068567338584529985 -0.058033869374023828 -0.012327222797937487 0.58505503868113484 0.034169660561312709
leaf_weight=9743.8936100597493 1469.8889712368837 115.0548280205112 448.4490294320276 1841.2385240951553 109.57015430531465 357.77110529097263 26.847170445835218 630.9917273633182 7.5456592903938136 42.937962345313281 199.89703260746319 56.008712930837646 9.5747525179758686 67.717610273510218 38.68317488161847 152.58609549677931 192.8663413048489 3417.1143282005796 1007.7635153173469 195.98804998630658 752.4395071817562 8.7029101308435184 159.33203680848237 818.11821808840614 569.76449808984762 287.24801966687664 6.7990738598164162 22.113492367207076 1.0351616095285852 95.352451200131327
leaf_count=6235953 938858 9344 108304 42529 21052 196591 974 167340 485 2585 23339 2393 558 1037 569 26853 8948 34604 8797 11431 7370 332 17897 34137 11718 2738 535 8467 220 4864
internal_value=-0.0378947 -0.0738888 -0.0062505 -0.0271242 -0.0607853 -0.0242939 0.0790351 -0.0769299 0.0256708 0.0526908 -0.0495703 0.07622 0.00408829 -0.00329993 0.0120958 0.00797923 0.00153179 0.0109641 -0.0134829 0.0324844 0.0418357 -0.0225044 -0.0544922 0.0423122 -0.0373615 -0.0399458 0.0979021 -0.0777495 0.0143865 0.0459969
internal_weight=22853.3 10691.8 12161.5 4028.36 2187.12 694.085 136.417 10374.9 316.9 201.845 557.668 158.907 8133.15 2805.67 1932.28 5327.48 4217.76 3609.98 1046.45 1109.72 948.428 161.289 607.781 885.836 873.386 857.013 16.3738 1493.04 23.1487 102.898
internal_count=7930822 6422964 1507858 1232030 1189501 241956 22026 6403293 19671 10327 219930 7742 275828 60089 44540 215739 169753 43552 9366 45986 18801 27185 126201 35174 15549 14456 1093 947545 8687 5349
is_linear=0
shrinkage=0.08


Tree=23
num_leaves=31
num_cat=0
split_feature=12 8 8 6 8 7 11 8 9 3 10 14 7 4 13 11 11 13 13 7 14 8 8 0 4 3 11 2 12 3
split_gain=3913.26 474.546 350.514 689.519 305.282 314.881 275.085 89.4512 52.5118 45.9545 42.9556 38.1062 37.4946 80.5695 104.38 59.3864 57.1451 60.0364 33.7824 27.8686 25.6666 21.7333 31.4361 101.389 61.6413 21.6884 21.1837 36.177 19.241 19.0401
threshold=0.6531637780740438 0.80104166666666676 0.83939594356261038 1.0000000180025095e-35 0.54457769720634042 0.58191438191438205 0.47222222222222227 0.958456607495069 0.43643578643578651 0.88303693570451447 0.87864627584253763 1.0000000180025095e-35 0.86377084454007547 1.0000000180025095e-35 0.063706890799401839 0.41428571428571431 0.61250000000000016 0.47148664343786301 0.58227617846191659 0.63798392214935495 1.0000000180025095e-35 0.90682170542635665 0.99779735682819404 0.83484848484848506 0.90000000000000013 0.25320512820512825 0.41428571428571431 0.70320320320320329 0.53669095132509781 0.81934731934731941
decision_type=2 2 2 2 2 2 2 2 2 2 2 2 2 2 2 2 2 2 2 2 2 2 2 2 2 2 2 2 2 2
left_child=1 -1 3 4 -2 6 -6 26 19 -7 25 12 16 14 -14 -15 17 -4 -18 29 -5 -13 23 -23 -24 -10 -3 28 -28 -9
right_child=2 7 11 20 5 9 -8 8 10 -11 -12 21 13 15 -16 -17 18 -19 -20 -21 -22 22 24 -25 -26 -27 27 -29 -30 -31
leaf_value=-0.07894498239087068 -0.078061497687077819 -0.057833560185817624 -0.014472744076527582 0.021537446741667653 0.0096991935298669715 -0.064842802375587733 0.19976480225412777 -0.017824024935232909 0.084448565472771922 -0.017837150727746123 -0.017153301102108113 -0.016001143083254284 -0.0093768184425167284 0.006213592403096822 0.042334201594596339 -0.032232857279158374 0.050330729392075765 0.023550314956501072 -0.0079807267365986697 0.34886147220813768 0.0027264448730740993 0.024341375744028077 -0.014377033194967408 -0.010786999447816503 0.030984093564148007 0.0034988498593020445 -0.050943754145954555 0.13256178713687258 -0.012532124287557634 -0.16606685997888704
leaf_weight=9107.7712887796806 1365.5607287575258 201.81352074583992 425.63362051220611 863.81823399290442 216.17680270574056 419.41397327487357 62.919412268674932 138.84172949637286 105.42474920116365 194.99454980413429 52.882085697492585 536.59816866018809 454.79354343237355 520.26772461086512 554.30780320847407 508.39411825407296 428.2263019864331 707.5823132324731 74.674319650512189 1.2961965049616981 1003.516391093377 1100.7043613980059 1279.2704790313146 1006.8400538167916 225.52771141624544 26.50880344142206 149.2851315124426 9.0548208756372315 189.28382195264567 5.7756714541465035
leaf_count=6295822 936933 73839 37282 18386 44861 210748 1974 10963 2802 11004 2898 52469 4221 5462 12421 16876 11992 5600 3569 95 24117 47646 17652 9043 11816 3077 26688 66 30522 76
internal_value=-0.0365667 -0.0735241 -0.00567536 -0.0245409 -0.0542729 -0.0179163 0.0525476 -0.0174303 0.0154415 -0.0499246 0.0437659 0.00427588 0.0102094 0.00296766 0.0190285 -0.0127877 0.0192289 0.00926893 0.0416722 -0.0204345 0.0114283 -0.000978238 0.00125335 0.00755945 -0.00757865 0.0681837 -0.0372172 -0.0252484 -0.029469 -0.0237445
internal_weight=21937.2 9987.94 11949.2 4126.4 2259.07 893.505 279.096 880.167 330.729 614.409 184.816 7822.82 3673.88 2037.76 1009.1 1028.66 1636.12 1133.22 502.901 145.914 1867.33 4148.94 3612.34 2107.54 1504.8 131.934 549.437 347.624 338.569 144.617
internal_count=7930920 6446848 1484072 1248023 1205520 268587 46835 151026 19911 221752 8777 236049 97423 38980 16642 22338 58443 42882 15561 11134 42503 138626 86157 56689 29468 5879 131115 57276 57210 11039
is_linear=0
shrinkage=0.08


Tree=24
num_leaves=31
num_cat=0
split_feature=12 10 10 13 11 5 12 11 1 5 14 7 9 11 7 14 7 11 9 3 1 2 13 14 10 4 6 13 5 10
split_gain=3701.96 339.844 220 795.224 121.426 99.7025 88.1665 202.954 77.4132 99.3646 68.2037 73.3223 48.1909 227.35 62.8839 47.4758 45.8212 71.2133 68.4972 43.5223 37.3379 34.0225 33.2792 31.6865 30.9779 26.7549 23.7258 20.4372 19.8758 19.0783
threshold=0.64879240943070748 0.67576887232059657 0.569035604149145 1.0000000180025095e-35 0.30384615384615393 0.97826086956521752 0.77811044577511668 0.47222222222222227 0.88303693570451447 0.97826086956521752 1.0000000180025095e-35 0.47429288924134283 0.52897893894961356 0.13392857142857145 0.6003802281368823 1.0000000180025095e-35 0.98496155585707845 0.47222222222222227 0.95949851585689738 0.98888888888888904 0.48834688346883476 0.92450142450142458 0.52533812703304239 1.0000000180025095e-35 0.82944896115627831 0.90000000000000013 1.0000000180025095e-35 0.41027770678933478 0.65058139534883741 0.61863086850107551
decision_type=2 2 2 2 2 2 2 2 2 2 2 2 2 2 2 2 2 2 2 2 2 2 2 2 2 2 2 2 2 2
left_child=1 26 3 23 22 20 7 21 9 -9 11 -6 13 24 -15 -7 18 -18 -14 -10 -3 25 -5 -2 -8 -4 27 29 -28 -1
right_child=2 5 6 4 10 15 12 8 19 -11 -12 -13 16 14 -16 -17 17 -19 -20 -21 -22 -23 -24 -25 -26 -27 28 -29 -30 -31
leaf_value=-0.078797399786413494 0.021676236411546965 -0.067327300440059426 -0.06520962234632556 -0.077852998769691054 0.18734037723906188 0.060679055394659162 -0.0012223374335096379 -0.039181512277282622 0.3724359244240521 0.02402673397535187 -0.062498537555474236 0.0072010616328375167 0.0019360317952643175 0.10392934779422412 0.023299222190597657 -0.0085943753561878253 0.05699652629370966 0.0070135265980554844 -0.029512104848359342 0.074017034554780259 0.0084475073047634939 0.09451002687056087 -0.0077114645072017271 0.0010395271985695659 -0.051796267887913444 0.20500286765387507 0.0004080717581638154 1.5594539338130267 0.48183591634226125 -0.062573432070645779
leaf_weight=7984.2371118484298 882.67752128734719 264.97285013622604 449.15775784931611 1260.8667632376309 20.342508096829988 77.260692120180465 299.2750532340724 265.34267368080327 3.2871977165341368 397.79817349859513 50.597754573216662 50.016959820408374 5066.4373894487217 197.92116574782995 90.079551742644981 350.82716460770462 225.2346011037007 959.93265450268518 485.76420068950392 64.504810124402866 49.372574719600379 8.8587784963892755 44.830755691626109 1033.998125040438 104.60764005838428 2.3574644232867277 16.58408674411476 0.04879124346189101 0.56761973723769088 492.49416437663604
leaf_count=5925301 19491 133079 179607 925131 6104 6329 21410 77700 57 26704 22191 5703 144852 3116 3297 65974 3367 17554 6921 715 4510 229 9838 32009 1050 103 1611 27 27 287730
internal_value=-0.0350713 -0.0731183 -0.00569819 -0.023118 -0.0683411 -0.0212138 0.00105777 -0.0191461 0.00705946 -0.00126479 0.00834066 0.0592834 0.00429753 0.0244037 0.0787102 0.003908 0.00223277 0.0165125 -0.000815377 0.0884872 -0.0554258 -0.0607525 -0.0754447 0.0105433 -0.0143212 -0.0637988 -0.0776552 -0.0778454 0.0163405 -0.0778548
internal_weight=21200.3 9236.37 11963.9 3343.33 1426.65 742.433 8620.56 1191.31 730.933 663.141 120.957 70.3595 7429.25 691.883 288.001 428.088 6737.37 1185.17 5552.2 67.792 314.345 460.374 1305.7 1916.68 403.883 451.515 8493.93 8476.78 17.1517 8476.73
internal_count=7931737 6424588 1507149 1020467 968967 209892 486682 285115 105176 104404 33998 11807 201567 28873 6413 72303 172694 20921 151773 772 137589 179939 934969 51500 22460 179710 6214696 6213058 1638 6213031
is_linear=0
shrinkage=0.08


Tree=25
num_leaves=31
num_cat=0
split_feature=12 8 8 9 8 1 13 8 3 2 1 11 8 13 11 8 10 11 13 8 8 12 3 5 11 14 3 9 11 10
split_gain=3489.32 519.543 281.096 648.456 194.44 196.981 102.643 96.7291 48.6301 40.1261 318.609 144.275 115.12 104.328 407.612 127.811 88.0677 83.5684 76.2499 57.9867 55.1691 48.1641 33.4467 55.3584 34.3015 33.4655 31.687 27.9026 35.2297 26.2999
threshold=0.64879240943070748 0.77944089808496597 0.80104166666666676 0.23716258631512874 0.63241578682755162 0.88303693570451447 0.45616934899231554 0.97081701016294797 0.15692307692307697 0.7748518762343648 0.82480818414322254 0.47222222222222227 0.97081701016294797 0.58227617846191659 0.85416666666666685 0.99779735682819404 0.77696478391324952 0.41428571428571431 0.58227617846191659 0.99779735682819404 0.99779735682819404 0.86499057196731621 0.72111111111111115 0.97826086956521752 0.41428571428571431 1.0000000180025095e-35 0.86526825332795487 0.3492756636861441 0.80909090909090919 0.9201769911504426
decision_type=2 2 2 2 2 2 2 2 2 2 2 2 2 2 2 2 2 2 2 2 2 2 2 2 2 2 2 2 2 2
left_child=1 29 3 -2 -5 -6 -7 22 27 11 19 12 18 15 -15 -13 26 -18 -4 21 -14 -11 23 -3 -24 -26 -12 -9 -29 -1
right_child=2 7 9 4 5 6 -8 8 -10 10 16 13 20 14 -16 -17 17 -19 -20 -21 -22 -23 24 -25 25 -27 -28 28 -30 -31
leaf_value=-0.07893710800705922 0.0081512096124613815 -0.07133333240576234 -0.06020081001305027 -0.076085730641472407 -0.064404145654070349 0.13886233498200282 0.0090123237762559354 -0.017131804462556865 -0.038925159586463469 0.13097597820406379 0.16983492522780366 0.024679488532981981 0.06410813664217456 0.010392203731024072 -0.23458526363215662 -0.0058923749385871773 0.0090461497113190278 -0.020039777965028788 0.06271476839263232 0.049260566191693993 -0.018061821461328318 0.25962941700650627 -0.050394847173263237 -0.01860111310716011 0.12689934654998264 -0.050474647973422451 0.026347557609364306 0.10866056000942408 0.031846743945138554 2.0262381279015274
leaf_weight=7707.4730650077108 1944.1523974986048 206.65085434715729 523.55783684994094 1238.9836309981765 265.20459714985918 49.182680950732902 187.45492023945553 43.186415834818035 62.439865083433688 63.157834628364071 9.9748414967616537 1602.8995235487819 89.85722880368121 188.9943099366501 56.452484317589551 1927.7739713710325 1640.1694741190877 1028.7229050199967 34.423951482400298 36.479706744430587 125.09398721368052 26.411441424395889 22.537908899481408 332.28672762529459 24.243519522133283 9.465640827897003 786.73454319027951 53.990098919253796 130.76645447313786 0.03798044112045218
leaf_count=6236200 60069 102699 115814 969001 175232 4595 10935 2676 8226 513 242 78706 4609 1272 3835 22533 12946 33301 1066 1377 1801 487 1094 66200 319 287 9478 3185 1968 28
internal_value=-0.0334632 -0.072259 -0.00527243 -0.0236048 -0.0590698 -0.0170596 0.0360003 -0.0142263 0.0236265 0.0030259 0.0093469 -0.00196477 -0.0334551 0.00448098 -0.0459523 0.00798702 0.00480276 -0.002165 -0.0526177 0.134284 0.0162881 0.168912 -0.0326942 -0.0388208 0.0260088 0.0770922 0.028144 0.0407612 0.0542935 -0.0789267
internal_weight=20418.8 8593.08 11825.7 3684.98 1740.83 501.842 236.638 885.567 290.383 8140.7 3591.65 4549.05 772.933 3776.12 245.447 3530.67 3465.6 2668.89 557.982 126.049 214.951 89.5693 595.185 538.938 56.2471 33.7092 796.709 227.943 184.757 7707.51
internal_count=7930694 6422882 1507812 1219832 1159763 190762 15530 186654 16055 287980 58344 229636 123290 106346 5107 101239 55967 46247 116880 2377 6410 1000 170599 168899 1700 606 9720 7829 5153 6236228
is_linear=0
shrinkage=0.08


Tree=26
num_leaves=31
num_cat=0
split_feature=12 8 8 9 8 14 7 8 9 8 14 8 10 13 2 4 1 11 11 8 11 9 9 12 11 11 10 10 11 6
split_gain=3356.43 426.764 263.703 644.703 174.156 208.32 159.001 70.1889 43.0275 35.8201 35.7531 36.5625 34.8048 34.1495 60.5968 86.4422 85.9812 34.9612 128.812 90.7233 30.4094 63.0386 31.6874 28.1424 58.1317 37.536 27.4973 27.4756 24.6083 24.3535
threshold=0.62912287060529193 0.77944089808496597 0.81173769550868147 0.23716258631512874 0.55051025667456976 1.0000000180025095e-35 0.59776361819090462 0.97081701016294797 0.38641853315766367 0.3722167243938645 1.0000000180025095e-35 0.90682170542635665 0.9201769911504426 0.74690314987239714 0.83795948987246816 0.77500000000000013 0.84924242424242424 0.38750000000000007 0.16025641025641027 0.99779735682819404 0.47222222222222227 0.27151675485008825 0.67181536259541996 0.85462315462315475 0.47222222222222227 0.41428571428571431 0.87864627584253763 0.78755641521598985 0.61250000000000016 1.0000000180025095e-35
decision_type=2 2 2 2 2 2 2 2 2 2 2 2 2 2 2 2 2 2 2 2 2 2 2 2 2 2 2 2 2 2
left_child=1 -1 3 9 20 6 -6 -3 -9 29 13 26 -10 14 15 -4 -16 18 -15 -19 22 -22 -5 24 -13 -25 28 -7 -12 -2
right_child=2 7 10 4 5 27 -8 8 12 -11 11 23 -14 17 16 -17 -18 19 -20 -21 21 -23 -24 25 -26 -27 -28 -29 -30 -31
leaf_value=-0.078965263701757396 -0.070605096361100281 -0.034039660166037093 0.004271982245901306 -0.079269142542913715 0.0800255485486846 -0.069417528785779406 -0.034040442894687967 -0.030963959323932613 0.052144464874826914 0.17673485656588844 -0.040667364640525568 -0.03312837630400791 -0.045759000150099725 -0.010710206815976517 0.14998829273885692 0.17739753550078138 0.026184504818861459 -0.05645651892149231 0.074308658976928413 0.016820177854998373 1.1026295262388404 0.0011531170430955254 2.4566356994086327 0.0098978522587150897 0.0246330826907829 -0.0092669403591114311 0.010299174476076043 0.01051671022221788 -0.0036294572416091415 0.009379853023590656
leaf_weight=7007.0877607392613 24.675283727352507 500.52657909377012 2033.2929372247017 1069.1924074066337 155.0877165744896 389.47600704617798 157.77996794390492 84.255055591231212 159.69250827888027 8.1207040537847188 344.25140478194226 135.36453059129417 27.197210388025269 524.3556948849 37.814007985987701 18.627041872096015 709.94001148958341 225.88093998399563 145.75581748317927 207.44403452594997 0.33813935879152524 20.05942026199773 0.031536508933640017 990.52464849781245 632.79953201848548 1925.5240075323964 152.98063170700334 29.613396844593808 172.25261784088798 1923.2758102542721
leaf_count=6140870 17077 149094 86095 930666 15628 237742 68014 7076 6353 583 68217 21411 1697 4034 733 299 7781 4060 1017 11130 153 9389 24 14697 16738 36735 7003 12221 10711 43032
internal_value=-0.0317917 -0.0727469 -0.00531928 -0.022827 -0.0570744 -0.0268936 0.0225018 -0.0162816 0.0164993 0.00906565 0.00269084 -0.0022936 0.037897 0.00825071 0.0129485 0.00584359 0.0324453 -0.00366876 0.00778223 -0.021377 -0.0773484 0.0194128 -0.0791943 0.000831588 0.0144545 -0.00275704 -0.0194917 -0.0637693 -0.0283153 0.00836666
internal_weight=19813.2 7778.76 12034.5 3777.65 1821.58 731.957 312.868 771.671 271.145 1956.07 8256.81 4353.7 186.89 3903.11 2799.67 2051.92 747.754 1103.44 670.112 433.325 1089.62 20.3976 1069.22 3684.21 768.164 2916.05 669.485 419.089 516.504 1947.95
internal_count=7930280 6305090 1625190 1334529 1273837 333605 83642 164220 15126 60692 290661 175512 8050 115149 94908 86394 8514 20241 5051 15190 940232 9542 930690 89581 38149 51432 85931 249963 78928 60109
is_linear=0
shrinkage=0.08


Tree=27
num_leaves=31
num_cat=0
split_feature=12 8 8 9 8 7 11 14 8 3 3 3 7 9 1 4 11 4 5 0 11 9 10 1 11 10 3 11 2 14
split_gain=3173.8 487.513 223.355 540.709 174.983 167.89 129.692 69.3846 68.3417 35.4879 34.2135 36.7342 33.0583 53.5073 50.6912 212.884 178.27 49.6041 90.7866 58.9865 44.3483 32.333 47.8545 31.0474 29.9914 46.744 25.006 28.586 23.2154 21.8544
threshold=0.64879240943070748 0.80104166666666676 0.80104166666666676 0.23716258631512874 0.55051025667456976 0.47504789272030656 0.30384615384615393 1.0000000180025095e-35 0.97081701016294797 0.81365740740740755 0.72111111111111115 0.23303167420814483 0.98496155585707845 0.95949851585689738 0.46291208791208799 1.0000000180025095e-35 0.47222222222222227 0.13392857142857145 0.65571120689655182 0.77032967032967048 0.47222222222222227 0.50510257211288145 0.90033112582781472 0.94868421052631591 0.47222222222222227 0.60538387252535009 0.85053191489361712 0.23611111111111113 0.65419580419580436 1.0000000180025095e-35
decision_type=2 2 2 2 2 2 2 2 2 2 2 2 2 2 2 2 2 2 2 2 2 2 2 2 2 2 2 2 2 2
left_child=1 -1 3 26 24 6 -6 -7 10 21 11 29 13 14 16 -16 -4 18 -15 -19 -14 -10 -23 28 -5 -26 -2 -28 -11 -3
right_child=2 8 12 4 5 7 -8 -9 9 23 -12 -13 20 17 15 -17 -18 19 -20 -21 -22 22 -24 -25 25 -27 27 -29 -30 -31
leaf_value=-0.078538493984388419 -0.042587089514295587 0.023869438989338933 -0.055938797192051179 -0.078855283309134674 0.023941051239665858 -0.002980742864137095 0.26420642952808415 -0.063513371769940902 0.0021970798187652169 -0.4112847398185579 0.032068137877956066 -0.070802093455002074 0.046659198796499907 0.12568903533393747 0.088681630331074374 0.0038126488851231467 0.0025567379539044137 -0.11338713720528402 -0.019352259839464009 -0.026697448197171236 0.0073938746215917251 0.088279540034815598 -0.033108182804355443 -0.0068736733326925552 -0.0017526439683503321 0.67654917010039672 0.0075588872566554619 0.20829236979465171 -0.023328129380691776 -0.03187904692475791
leaf_weight=6645.1468021852197 64.561434580828063 54.983190227183513 392.79918362456374 975.44505505019333 47.486691419500858 213.77083155885339 20.622834576410241 279.82576407387387 180.7059242350515 3.0446152910590154 50.198116112849675 144.32227843510918 227.2017007805407 34.513995854416862 199.26871886305162 3728.2734608782339 2206.3010384161025 62.356401280965656 138.26824158197269 258.39887737343088 970.27041902847122 81.463307103142142 27.905093493871391 5.9266081564128399 18.569272544002164 0.67381315864622493 1895.9259043610655 4.551300697377882 1.460808143019676 247.96510377258528
leaf_count=6276696 7850 6722 113724 918596 8426 56244 748 166837 12076 27 1354 72675 3413 1320 5450 54697 86157 1087 1280 3248 17667 2329 1508 77 8294 184 51875 247 40 50060
internal_value=-0.0305768 -0.0714436 -0.00466542 -0.0215226 -0.0567465 -0.0210507 0.0966908 -0.0372974 -0.0123605 0.0177622 -0.0305568 -0.0375853 0.00255823 0.000462597 0.0023832 0.00811858 -0.00628363 -0.0249358 0.00962036 -0.0435503 0.0148439 0.0229758 0.0573077 -0.127206 -0.0769042 0.0219987 0.00637627 0.00803961 -0.285496 -0.0217611
internal_weight=19182.2 7443.12 11739.1 3521.43 1556.39 561.706 68.1095 493.597 797.975 300.506 497.469 447.271 8217.65 7020.18 6526.64 3927.54 2599.1 493.538 172.782 320.755 1197.47 290.074 109.368 10.432 994.688 19.2431 1965.04 1900.48 4.50542 302.948
internal_count=7930908 6423564 1507344 1219301 1159329 232255 9174 223081 146868 16057 130811 129457 288043 266963 260028 60147 199881 6935 2600 4335 21080 15913 3837 144 927074 8478 59972 52122 67 56782
is_linear=0
shrinkage=0.08


Tree=28
num_leaves=31
num_cat=0
split_feature=12 8 8 9 8 3 14 8 13 3 14 10 2 3 4 13 3 4 8 1 5 2 4 3 2 4 5 3 0 4
split_gain=2994.5 403.541 219.044 567.287 145.571 194.208 105.873 48.9436 35.0844 32.9742 25.7584 33.4702 46.6525 42.1175 40.248 72.6898 33.3538 32.6212 29.8735 26.3747 56.7086 48.3459 22.5223 58.3962 93.5589 40.2521 24.1166 27.3734 25.8664 22.2525
threshold=0.62233560090702966 0.78636627665753889 0.80104166666666676 0.23716258631512874 0.57837231278053403 0.82807881773399028 1.0000000180025095e-35 0.97081701016294797 0.25457777079343963 0.15692307692307697 1.0000000180025095e-35 0.78755641521598985 0.83795948987246816 0.90399385560675893 1.0000000180025095e-35 0.49264546831062089 0.25320512820512825 0.90000000000000013 0.90682170542635665 0.91547619047619067 0.88516483516483524 0.45080645161290328 0.70833333333333337 0.98888888888888904 0.64932432432432441 0.90000000000000013 0.067816091954023008 0.96424010217113676 0.83795948987246816 0.90000000000000013
decision_type=2 2 2 2 2 2 2 2 2 2 2 2 2 2 2 2 2 2 2 2 2 2 2 2 2 2 2 2 2 2
left_child=1 -1 3 22 -5 29 -7 8 -3 -9 11 12 16 -14 15 -13 -4 -16 19 20 -12 -21 26 24 -24 -25 28 -28 -2 -6
right_child=2 7 10 4 5 6 -8 9 -10 -11 18 14 13 -15 17 -17 -18 -19 -20 21 -22 -23 23 25 -26 -27 27 -29 -30 -31
leaf_value=-0.07880795330812293 -0.029631940975665686 -0.037038170425691214 0.029246243200333213 -0.076481954638590172 -0.068544621680990209 0.055587509286413067 -0.046229225507044218 0.026399620801715869 0.059377546696729018 -0.042933096817881447 -0.061417689269317316 0.0088154356833626945 0.1594376936691545 0.029851195950644116 -0.023341336327467245 0.10812905622537615 -0.01308282006452288 0.0014492230649349111 0.00065725266905795822 0.33451229597207521 -0.0030531466409681658 -0.00070187098419715991 0.02651722231683467 0.3292110632762934 0.70266925477082132 0.0087936766311327696 -0.057308608024341005 0.0024468257759293534 0.14897300709195446 0.20478964502717176
leaf_weight=5964.0019736794056 9.8281789681641403 407.15006360900588 178.65239550464321 965.89452809793875 354.38867809553631 192.33131171157584 99.010330474760849 213.53088182071224 25.677905812393874 55.263334963005036 195.56140516989399 1192.7656037928537 16.497046172327828 594.70491244830191 502.54422674217494 49.10872384137474 357.62681119449553 1048.4116960336105 3692.2427094189916 2.7844328195787957 234.06769223103765 248.35570916067809 3.715198007063008 2.5127993662608779 2.0228128796443343 1755.6632469588658 93.216939201985952 103.58071871090215 10.995446817716582 1.9165158972609777
leaf_count=6112356 1117 129609 8931 963315 300471 12386 23195 7194 2426 7512 66233 39118 301 7025 10840 1167 36914 17031 90383 31 29716 2481 413 69 138 45253 9516 3910 263 200
internal_value=-0.0291221 -0.0720565 -0.00508993 -0.0215891 -0.0568057 -0.0274608 0.0209858 -0.0146673 -0.0313182 0.012145 0.00204509 0.00673632 0.0182391 0.0333489 0.0020102 0.0127427 0.0010184 -0.00658347 -0.00218196 -0.0175808 -0.0296199 0.0030147 0.00708742 0.0100832 0.26488 0.00925162 -0.0171945 -0.0258575 0.0646764 -0.0670744
internal_weight=18574 6665.62 11908.4 3595.08 1613.54 647.647 291.342 701.622 432.828 268.794 8313.32 3940.31 1147.48 611.202 2792.83 1241.87 536.279 1550.96 4373.01 680.769 429.629 251.14 1981.54 1763.91 5.73801 1758.18 217.621 196.798 20.8236 356.305
internal_count=7929514 6259097 1670417 1360246 1299567 336252 35581 146741 132035 14706 310171 121327 53171 7326 68156 40285 45845 27871 188844 98461 95949 2512 60679 45873 551 45322 14806 13426 1380 300671
is_linear=0
shrinkage=0.08


Tree=29
num_leaves=31
num_cat=0
split_feature=12 8 8 6 8 7 11 11 5 1 6 1 14 4 2 5 0 3 8 7 5 2 4 7 11 13 13 10 5 8
split_gain=2850.68 412.503 203.942 491.274 163.87 170.625 207.947 54.9116 41.7439 45.276 31.5595 25.8001 24.4537 20.4389 47.3165 21.9421 27.9005 20.9389 19.6521 19.6346 43.5061 39.8796 34.4676 33.8435 101.3 108.156 55.5291 45.3376 54.4633 35.0453
threshold=0.62912287060529193 0.77944089808496597 0.80104166666666676 1.0000000180025095e-35 0.55051025667456976 0.58191438191438205 0.23611111111111113 1.0000000180025095e-35 0.97826086956521752 0.45199692780337947 1.0000000180025095e-35 0.81934731934731941 1.0000000180025095e-35 0.70833333333333337 0.98979591836734704 0.085144927536231887 0.83795948987246816 0.96424010217113676 0.958456607495069 0.98496155585707845 0.68496240601503777 0.21164613661814111 0.77500000000000013 0.86377084454007547 0.61250000000000016 0.36785453427132592 0.58227617846191659 0.9201769911504426 0.79008567931456553 0.99779735682819404
decision_type=2 2 2 2 2 2 2 2 2 2 2 2 2 2 2 2 2 2 2 2 2 2 2 2 2 2 2 2 2 2
left_child=1 10 3 4 -2 6 -6 -7 9 -3 -1 -12 -10 15 -15 16 -5 -17 -14 23 21 -21 -23 24 25 -4 -26 28 -25 -29
right_child=2 8 19 13 5 7 -8 -9 12 -11 11 -13 18 14 -16 17 -18 -19 -20 20 -22 22 -24 27 26 -27 -28 29 -30 -31
leaf_value=-0.078998911216430101 -0.076915044692252771 -0.061074905390687592 -0.029439850043471806 -0.043529767658380125 -0.019462677847287956 0.011226686911054128 0.14557081929193327 -0.068606041912055105 0.034262292815597367 0.019618869793417308 -0.08080688221220976 0.17888864292323473 -0.028011508962441742 0.10584437438564757 0.0067522216173677829 -0.057291298266086595 0.14083872255766028 -0.0029599393760902106 0.0074904581256715298 0.067535454322366795 -0.0063774019370508531 0.0025303866436536138 0.044036938872964816 -0.0047340905757705587 0.030355236183630206 0.0079366368158668189 -0.016929000289111058 0.012965009381909561 -0.036564008724365563 -0.0091623862137164089
leaf_weight=5528.3989804327721 891.63251548231347 189.31663508946076 728.6274996023858 9.4671623711474258 158.295046076586 66.204454416409135 70.682955761236371 330.00060415448388 96.498106991290115 58.175627644755878 4.3966541080735606 5.5250601558946073 203.61792168777902 31.40144654456526 1724.7653052210808 81.568955982103944 11.801647832617162 102.37519766949117 195.69628361635841 116.21180219575763 488.78428357979283 389.07585544604808 190.85257310746238 1090.6043257587589 1143.0995452119678 1548.5640000412241 184.62554606655613 1079.8287976514548 502.59156170091592 795.59991786966566
leaf_count=6141075 957707 93096 159622 779 38536 11497 4878 264791 6077 4082 882 394 53388 819 32517 6365 147 2386 7717 662 4485 7810 8159 26632 36598 15190 7370 16713 5808 15950
internal_value=-0.0277372 -0.0712327 -0.00445787 -0.0207075 -0.0548967 -0.0234943 0.0314813 -0.0552663 -0.0152733 -0.042107 -0.0787431 0.0638086 -0.00187882 0.00573243 0.00852406 -0.0181577 0.0587727 -0.0270529 -0.0106127 0.00238594 0.0119166 0.0247615 0.0161901 0.0007894 0.00621741 -0.00402263 0.0237802 -0.00485189 -0.0147752 0.00357806
internal_weight=18018.3 6281.63 11736.7 3478.2 1516.82 625.183 228.978 396.205 743.305 247.492 5538.32 9.92171 495.812 1961.38 1756.17 205.213 21.2688 183.944 399.314 8258.47 1184.92 696.14 579.928 7073.54 3604.92 2277.19 1327.73 3468.62 1593.2 1875.43
internal_count=7932132 6306711 1625421 1320422 1277409 319702 43414 276288 164360 97178 6142351 1276 67182 43013 33336 9677 926 8751 61105 304999 21116 16631 15969 283883 218780 174812 43968 65103 32440 32663
is_linear=0
shrinkage=0.08


Tree=30
num_leaves=31
num_cat=0
split_feature=12 8 8 9 8 7 11 5 10 1 14 8 11 7 14 10 11 9 7 2 13 4 10 8 0 4 11 12 11 3
split_gain=2640.65 501.497 143.258 427.186 166.172 128.36 151.909 62.2613 48.8023 44.9132 37.0871 35.1726 31.0475 66.3001 27.1065 31.2825 41.5256 40.8258 34.9415 34.4438 39.1265 29.9707 24.8685 43.5206 98.0924 67.6012 27.3294 64.4222 43.7374 24.833
threshold=0.64879240943070748 0.77210352614208799 0.80104166666666676 0.23716258631512874 0.57837231278053403 0.57203907203907212 0.30384615384615393 0.97826086956521752 0.8597311034595837 0.44033898305084757 1.0000000180025095e-35 0.958456607495069 0.47222222222222227 0.46679636835278859 1.0000000180025095e-35 0.7595917966833482 0.23611111111111113 0.54845515176262427 0.56438680677883757 0.83795948987246816 0.74690314987239714 0.90000000000000013 0.90033112582781472 0.99779735682819404 0.83484848484848506 0.90000000000000013 0.61250000000000016 0.85462315462315475 0.58571428571428574 0.86526825332795487
decision_type=2 2 2 2 2 2 2 2 2 2 2 2 2 2 2 2 2 2 2 2 2 2 2 2 2 2 2 2 2 2
left_child=1 29 3 -2 12 6 -6 9 -7 -3 -9 -12 -5 -14 15 19 18 -18 -17 21 -21 -4 26 24 -24 -25 28 -28 -16 -1
right_child=2 7 14 4 5 8 -8 10 -10 -11 11 -13 13 -15 22 16 17 -19 -20 20 -22 -23 23 25 -26 -27 27 -29 -30 -31
leaf_value=-0.078949632080335688 0.0054427851146541572 -0.060622169200899453 -0.001392708311879395 -0.078151512479806687 -0.01198069422345595 -0.052983208142399665 0.1438636884386994 0.045720616690064601 0.19992797778759436 0.01119207215848457 -0.028233511397651505 0.017317079819346461 0.17236291124130662 -0.11063122151532084 -0.016046368111429673 -0.046241204211931335 0.06394954424151103 0.0063042316159329795 -0.0044840858503857588 0.047175412092735743 -0.0025137600236037928 0.14517034411423702 0.036800667094309812 -0.018619097223257181 -0.0074283316113898292 0.037306123831267454 0.022797781329819765 -0.018445360021697253 -0.14372548156825748 -0.01702063630075841
leaf_weight=5154.3409953422961 1995.4473993314314 211.51841343403794 385.61271802068222 792.89240336348303 134.18185518705286 303.43318020587321 57.048697976453695 110.46512171992799 4.9628354149172074 75.676643965416588 224.22310284525156 210.19650247762911 9.8192228936823103 11.507823340711182 1001.3295332139824 160.22385671548545 81.68842177989427 2099.9478558106348 642.69092340883799 368.447848557611 139.9422157658264 9.1411855762125906 592.44047185475938 836.46153455856256 700.24211310222745 165.74045543884858 448.25516182580031 527.77826921385713 17.470473376219161 41.776020654011518
leaf_count=6191734 60122 116017 33523 934261 22681 189946 2098 7302 1224 6267 62415 8103 7110 2188 102692 1511 1566 64085 7665 3661 2140 123 17563 11856 6300 8999 16187 9351 843 32599
internal_value=-0.026339 -0.0692181 -0.00383609 -0.0178801 -0.0533026 -0.0169827 0.0345115 -0.0115564 -0.0489133 -0.0416989 0.00433104 -0.00619359 -0.0755894 0.0196626 0.00184736 0.00668559 0.00273799 0.00846268 -0.0128168 0.0197309 0.0334977 0.0020012 -0.00253745 0.00314157 0.012842 -0.00937039 -0.00907068 0.000496052 -0.0182358 -0.0784517
internal_weight=17514.9 6028.2 11486.7 3309.29 1313.85 499.627 191.231 832.08 308.396 287.195 544.885 434.42 814.219 21.327 8177.41 3887.7 2984.55 2181.64 802.915 903.144 508.39 394.754 4289.72 2294.88 1292.68 1002.2 1994.83 976.033 1018.8 5196.12
internal_count=7932132 6424437 1507695 1219630 1159508 215949 24779 200104 191170 122284 77820 70518 943559 9298 288065 114274 74827 65651 9176 39447 5801 33646 173791 44718 23863 20855 129073 25538 103535 6224333
is_linear=0
shrinkage=0.08


Tree=31
num_leaves=31
num_cat=0
split_feature=12 8 8 6 8 14 7 5 1 10 7 13 11 8 11 11 2 1 4 11 7 4 11 13 9 6 10 10 11 14
split_gain=2491.51 407.308 153.444 346.4 213.628 158.522 127.774 57.0925 44.9671 44.3698 33.4047 29.1845 115.293 228.635 155.407 115.132 82.4439 216.529 169.494 130.262 77.0843 51.2161 50.4195 32.1307 26.0075 24.0116 20.5627 18.2978 22.9887 18.0192
threshold=0.62912287060529193 0.74527629233511605 0.83939594356261038 1.0000000180025095e-35 0.49896265560165981 1.0000000180025095e-35 0.60723635003739729 0.97826086956521752 0.44033898305084757 0.80088105726872261 0.45766928071506879 0.74690314987239714 0.47222222222222227 0.99779735682819404 0.23611111111111113 0.85416666666666685 0.81165540540540559 0.81165540540540559 0.90000000000000013 0.47222222222222227 0.93777654867256655 0.70833333333333337 0.10555555555555557 0.58227617846191659 0.41337057728119181 1.0000000180025095e-35 0.94349298500241907 0.76720944257775492 0.30384615384615393 1.0000000180025095e-35
decision_type=2 2 2 2 2 2 2 2 2 2 2 2 2 2 2 2 2 2 2 2 2 2 2 2 2 2 2 2 2 2
left_child=1 25 3 4 -2 6 -6 8 -3 -7 -10 16 14 20 21 -15 18 23 19 -4 -14 -13 -19 -18 -9 -1 -12 28 -26 -5
right_child=2 7 11 29 5 9 -8 24 10 -11 26 12 13 15 -16 -17 17 22 -20 -21 -22 -23 -24 -25 27 -27 -28 -29 -30 -31
leaf_value=-0.078964922328065304 -0.077660520445251444 -0.064704513737437117 -0.032018162933913415 0.01271392076976279 0.05289101813630314 -0.061228918148774632 -0.032148692585535502 -0.0243702070427636 -0.075592958961077442 0.016303507246440398 0.058671458846146066 0.054842545481447451 -0.080009104438360734 -0.039154383513994077 0.057712838215201297 0.049460307040733127 0.12905591307851585 -0.00044969015285081608 0.19696776256093118 0.0053433532499497227 -0.018444358368669259 -0.0097873860948551536 0.038613420697818153 0.24999248862686554 -0.05706475473502369 0.043761330131932986 -0.25033702486396758 -0.0074160627408218242 0.040252502182993463 -0.00256946218587041
leaf_weight=4664.3497905911645 721.16535294760251 202.79031604807824 706.0952124891337 934.06767566734925 247.39508516620845 412.38508801924763 208.27580058964668 185.99533455772325 19.67577764618909 53.350283255800605 44.323371601407416 84.793546716216952 379.49765875167213 143.17506468296051 325.59633922763169 272.28985442995327 47.73259604931809 499.60998554481193 28.012884470721474 3874.072912243777 198.1092933723703 1052.7130612595938 366.66514178595389 19.930757814319804 17.228936000028625 10.225327685475348 1.4224559806752939 149.47463300050003 158.01679130224511 1047.2650650613941
leaf_count=6076826 905851 133752 100425 18573 33658 299221 80261 37480 1308 13573 5593 859 7611 2641 2281 20664 907 3686 470 93263 2420 7462 6389 443 9694 1303 39 12490 27868 24384
internal_value=-0.0251611 -0.0697718 -0.0042284 -0.0178846 -0.0450495 -0.0195255 0.0140215 -0.0162123 -0.0460993 -0.0523475 0.0115722 0.00195904 -0.00529994 -0.0263381 0.0089796 0.0189224 0.0051761 0.02685 0.000783455 -0.000416433 -0.0588935 -0.00496965 0.0160844 0.164679 -0.000516632 -0.0786965 0.0490629 0.0131464 0.0306849 0.00463564
internal_weight=17075.7 5453.5 11622.2 3623.9 1642.57 921.406 455.671 778.928 268.212 465.735 65.4216 7998.29 2456.17 993.072 1463.1 415.465 5542.12 933.938 4608.18 4580.17 577.607 1137.51 866.275 67.6634 510.716 4674.58 45.7458 324.72 175.246 1981.33
internal_count=7931395 6306353 1625042 1375521 1332564 426713 113919 228224 140692 312794 6940 249521 43938 33336 10602 23305 205583 11425 194158 193688 10031 8321 10075 1350 87532 6078129 5632 50052 37562 42957
is_linear=0
shrinkage=0.08


Tree=32
num_leaves=31
num_cat=0
split_feature=12 8 8 9 8 3 14 9 12 10 11 11 11 3 9 8 12 10 14 8 3 5 9 11 13 4 4 12 11 8
split_gain=2384.02 406.236 151.84 390.193 142.453 135.258 89.8715 34.9485 33.4292 46.9608 35.0206 27.2624 26.2923 22.0031 113.952 172.731 122.056 29.8622 21.6249 18.7196 89.5601 127.104 65.1249 43.6943 72.9395 33.2475 146.03 172.457 120.569 115.659
threshold=0.62233560090702966 0.77944089808496597 0.80104166666666676 0.23716258631512874 0.55938129666943237 0.82426470588235301 1.0000000180025095e-35 0.4494897433254304 0.41565737633153371 0.68438714235252573 0.85416666666666685 0.61250000000000016 0.38750000000000007 0.83935483870967753 0.62389241747039925 0.75072254335260125 0.56642283492761791 0.81505071950931851 1.0000000180025095e-35 0.90682170542635665 0.69397993311036799 0.88516483516483524 0.81266711229946542 0.30384615384615393 0.58227617846191659 0.55000000000000016 0.90000000000000013 0.99767441860465123 0.85416666666666685 0.99779735682819404
decision_type=2 2 2 2 2 2 2 2 2 2 2 2 2 2 2 2 2 2 2 2 2 2 2 2 2 2 2 2 2 2
left_child=1 13 3 -2 -5 11 -7 -3 9 -9 -11 -6 -10 -1 17 16 -16 -15 -14 20 21 -4 -23 -22 -25 29 28 -28 -27 -21
right_child=2 7 19 4 5 6 -8 8 12 10 -12 -13 18 14 15 -17 -18 -19 -20 25 23 22 -24 24 -26 26 27 -29 -30 -31
leaf_value=-0.078704005758404152 0.0041550349317383273 -0.030172153000612139 -0.070949102784369125 -0.076408953182236616 -0.072769920331573396 0.044483005477268106 -0.048409989100054729 -0.08080546421177312 -0.033725329339433757 2.9527259880297994 0.7071471933662189 -0.001912954183420664 0.051587571114207864 -0.028716643789865128 5.7269812847082768 7.1422518644289532 -0.080151828091979849 2.4130467734335213 0.0021958850550122316 0.024628497029948865 -0.0043397711486941265 0.028426616940023082 -0.047434354924780993 0.059107920093185662 -0.014693153016939992 -0.024108539918608785 0.20034343280697531 0.0038759835316740199 -0.13050987794692376 -0.002851899646406619
leaf_weight=4315.7164408085519 2022.4420835979981 330.52259559207596 265.28054559987504 703.89302397344727 243.89357834175462 204.04975327214925 98.992720282170922 0.20362525194650416 83.527721939492039 0.079131635255180299 0.10140682011842728 40.526384456432424 82.953707145119552 35.413902784872334 0.027552501938770457 0.033229360822588205 0.14543827855959535 0.03208396991249074 179.4728120197542 1716.3192325477721 533.54036080313381 220.49149013950955 107.85145547660068 229.47263968468178 136.80242045037448 451.88553319580387 28.959486947860569 2267.1331961715478 80.26501210895367 2285.3888540488842
leaf_count=6074880 60689 78225 102867 949888 264509 15035 29600 80 42955 44 17 40229 11410 30276 28 13 138 17 24356 80932 4983 33214 2241 2728 2145 5354 522 38907 3693 32467
internal_value=-0.0231874 -0.0692187 -0.0032981 -0.0177807 -0.052135 -0.0230502 0.0141383 -0.011564 0.0061945 0.752048 1.6914 -0.0626737 0.00536626 -0.078187 -0.0155974 1.85951 0.844759 -0.0265065 0.0178087 0.00246785 -0.00564556 -0.0297654 0.00350841 0.0102667 0.0315435 0.00424193 -0.00239741 0.00635393 -0.0401572 0.00893435
internal_weight=16665.4 5028.23 11637.2 3313.8 1291.36 587.462 303.042 676.861 346.338 0.384164 0.180538 284.42 345.954 4351.37 35.6522 0.20622 0.172991 35.446 262.427 8323.39 1493.44 593.623 328.343 899.815 366.275 6829.95 2828.24 2296.09 532.151 4001.71
internal_count=7932442 6262439 1670003 1359950 1299261 349373 44635 157087 78862 141 61 304738 78721 6105352 30472 179 166 30293 35766 310053 148178 138322 35455 9856 4873 161875 48476 39429 9047 113399
is_linear=0
shrinkage=0.08


Tree=33
num_leaves=31
num_cat=0
split_feature=12 8 8 9 8 14 3 8 9 11 7 9 4 0 5 13 11 4 5 1 1 8 2 14 14 11 9 2 8 9
split_gain=2246.15 414.597 119.82 344.86 138.914 114.602 69.2772 36.9422 25.7297 23.7542 20.5706 54.5227 42.5616 66.9572 35.9249 35.59 169.336 152.502 35.2844 27.5887 43.535 24.7418 25.3788 19.2097 18.7673 19.145 24.0242 16.1743 50.3644 38.0368
threshold=0.62912287060529193 0.77944089808496597 0.80104166666666676 0.23716258631512874 0.50753844988256691 1.0000000180025095e-35 0.84731934731934733 0.958456607495069 0.50092250922509229 0.58571428571428574 0.98496155585707845 0.95949851585689738 0.30952380952380959 0.78154825026511154 0.6419413919413921 0.3597502950020936 0.47222222222222227 1.0000000180025095e-35 0.68496240601503777 0.26158232359230221 0.97726098191214483 0.99779735682819404 0.22792207792207794 1.0000000180025095e-35 1.0000000180025095e-35 0.5277777777777779 0.69037083860092718 0.93475177304964541 0.58851017042330966 0.53804138094814036
decision_type=2 2 2 2 2 2 2 2 2 2 2 2 2 2 2 2 2 2 2 2 2 2 2 2 2 2 2 2 2 2
left_child=1 27 3 23 -5 6 -6 24 -9 -7 11 15 14 -14 -13 16 -4 -17 19 -12 -21 -20 -23 -2 25 -3 -27 -1 -29 -30
right_child=2 7 10 4 5 9 -8 8 -10 -11 18 12 13 -15 -16 17 -18 -19 21 20 -22 22 -24 -25 -26 26 -28 28 29 -31
leaf_value=-0.078591810833561204 0.011959548068290153 -0.027560924724680701 -0.050523047983710712 -0.07716917293772052 -0.05506395479042768 -0.066672025214437561 0.034746103398237832 -0.0084944686371602792 0.039535600635655629 0.00072916359704265762 0.047845293701911762 0.072116337524114782 -0.12033538325488805 -0.025518554166666464 -0.013686845941433063 0.072142645947090606 0.0037568601379738588 0.0031880589957352032 0.044851615386553488 -0.010639271679838296 0.036747443798727138 -0.016551548601136369 0.054402459014737378 -0.0036537226233214425 -0.040094795132166711 0.03192508798926566 0.77513037677090535 -0.069196893917254559 0.73119747088116172 -0.010125863994527876
leaf_weight=4050.8921688969713 968.63671886839438 77.3596100693685 436.76347109628841 608.08810328674736 73.023643713211641 257.32192608778132 222.33193378214492 195.59473760705441 112.40325667907018 38.467232245253399 204.46307693608105 40.28889829851687 58.657061846461147 254.37688141968101 138.88828718638979 217.56389175285585 2330.7292669199232 3633.1371469946316 57.294259766116738 249.50317991001066 246.83496519562323 411.61265784781426 35.006206484511495 1052.1224860767252 265.20727447775425 49.293535793549381 0.2799438297515725 6.6829184796079044 1.0144348680623805 0.78632042271783564
leaf_count=6133638 32332 33371 124414 899933 65497 240082 26521 13997 4296 26879 1242 1380 1016 3165 1300 6334 93872 52068 397 3851 11558 3453 710 28192 104836 7478 86 8542 123 65
internal_value=-0.022315 -0.0685549 -0.00323592 -0.0163383 -0.0503235 -0.0227084 0.0125415 -0.0117011 0.00903401 -0.0579065 0.00183792 0.000200071 -0.0254877 -0.0432856 0.00560643 0.00211053 -0.00480955 0.00708398 0.0115048 0.0231144 0.0129267 -0.004641 -0.0109901 0.00383039 -0.027987 -0.00268968 0.036122 -0.0783607 0.0319853 0.40749
internal_weight=16294.6 4759.51 11535.1 3219.99 1199.23 591.145 295.356 700.138 307.998 295.789 8315.12 7110.4 492.211 313.034 179.177 6618.19 2767.49 3850.7 1204.71 700.801 496.338 503.913 446.619 2020.76 392.14 126.933 49.5735 4059.38 8.48367 1.80076
internal_count=7930628 6306432 1624196 1319436 1258912 358979 92018 164064 18293 266961 304760 283549 6861 4181 2680 276688 218286 58402 21211 16651 15409 4560 4163 60524 145771 40935 7564 6142368 8730 188
is_linear=0
shrinkage=0.08


Tree=34
num_leaves=31
num_cat=0
split_feature=12 8 8 6 8 14 3 10 8 7 10 10 8 11 4 11 1 11 1 4 11 3 8 2 2 4 0 1 0 2
split_gain=2079.05 365.514 132.047 361.947 119.601 131.636 93.1738 54.4532 34.7784 18.2372 18.4206 16.7288 53.3086 110.812 107.978 155.999 74.4797 71.5976 40.2441 167.267 117.996 76.6163 67.5517 55.8633 45.8145 39.0988 14.662 26.4619 31.7631 18.2998
threshold=0.60126709170375736 0.77944089808496597 0.80104166666666676 1.0000000180025095e-35 0.4852506091193875 1.0000000180025095e-35 0.86526825332795487 0.80088105726872261 0.958456607495069 0.38724208079046801 0.87864627584253763 0.97339233038348094 0.99779735682819404 0.85416666666666685 0.30952380952380959 0.85416666666666685 0.97617697107203638 0.69047619047619058 0.4673758865248227 1.0000000180025095e-35 0.47222222222222227 0.82807881773399028 0.97081701016294797 0.92450142450142458 0.58957219251336912 0.22500000000000003 0.80277777777777792 0.93475177304964541 0.84731934731934733 0.80243902439024406
decision_type=2 2 2 2 2 2 2 2 2 2 2 2 2 2 2 2 2 2 2 2 2 2 2 2 2 2 2 2 2 2
left_child=1 -1 3 4 -2 6 -6 -7 -3 -10 -11 18 14 25 17 -16 -15 -13 20 23 22 -21 -4 -20 -22 -14 -5 28 -28 -29
right_child=2 8 11 26 5 7 -8 -9 9 10 -12 12 13 16 15 -17 -18 -19 19 21 24 -23 -24 -25 -26 -27 27 29 -30 -31
leaf_value=-0.078492832906487134 -0.077494037611315736 -0.02777584117386497 -0.061261967641803874 -0.02164307021899535 -0.059039822031357971 -0.066428733019768163 0.034035673719851882 0.089206350315001973 -0.035502920187066772 0.032697962490244627 -0.026094244238066461 0.15541272346214136 -0.0090631308056735357 0.0042066940042952347 0.022495098129499218 -0.11739177336365325 0.069509828434539497 0.046259387201774346 0.037153852054665884 0.054705862400889753 -0.0014815090914356923 -0.0012961772933451194 0.048766020941676411 0.12528543548852578 0.25237723442847398 -0.060738722926438608 -0.059522477264641244 0.14481344851404038 0.24689433718447529 0.0048902722648010398
leaf_weight=3633.9314800766297 569.76712797745131 311.19342985341791 332.0864050645032 131.21117469086312 95.872626085474622 372.61219492362579 244.06952072345302 14.965455106052103 43.452363922726363 175.34781337075401 42.3432632725453 54.283628200413659 168.46669281448703 760.90344857348828 463.73247330635786 57.328191103879362 131.02356582001084 131.93388372985646 95.769727223931113 164.05403801651846 2383.1402298028115 3328.7221896739793 40.014736615121365 88.627916315337643 4.5585703481920055 211.16393308946863 3.3383170217275602 6.0013851318508378 6.1606434900313616 1853.9925953056663
leaf_count=5959471 897512 119464 131436 6231 100460 423979 35454 7386 4278 9553 2543 1709 2008 8149 3311 1909 10848 1343 3982 4996 100790 46595 3480 1463 86 3995 207 336 173 36306
internal_value=-0.020889 -0.0691338 -0.003565 -0.0171334 -0.0500459 -0.0285496 0.00778594 -0.0604192 -0.00971062 0.0118169 0.0212622 0.00175219 0.00818514 -0.00160775 0.025791 0.00710445 0.0137997 0.0780783 -0.000225411 0.00525461 -0.00752702 0.00133421 -0.0494299 0.079513 -0.000996845 -0.0378069 0.00420758 0.00602192 0.139207 0.00534174
internal_weight=15920.1 4206.27 11713.8 3297.99 1297.29 727.52 339.942 387.578 572.337 261.143 217.691 8415.81 1978.84 1271.56 707.278 521.061 891.927 186.218 6436.97 3677.17 2759.8 3492.78 372.101 184.398 2387.7 379.631 2000.7 1869.49 9.49896 1859.99
internal_count=7929453 6095309 1834144 1508044 1464791 567279 135914 431365 135838 16374 12096 326100 33272 25000 8272 5220 18997 3052 292828 57036 235792 51591 134916 5445 100876 6003 43253 37022 380 36642
is_linear=0
shrinkage=0.08


Tree=35
num_leaves=31
num_cat=0
split_feature=12 8 8 13 8 3 9 11 11 10 7 11 11 3 13 8 5 0 11 13 11 11 8 7 3 3 5 9 3 5
split_gain=1924.38 411.898 83.5719 183.015 246.751 245.337 82.8331 73.694 36.2341 37.799 36.0229 48.4164 71.0665 100.392 65.1453 181.326 159.28 49.2773 47.3705 35.4114 80.23 72.2841 33.7602 21.7421 21.0214 86.332 54.3781 18.7264 19.7028 31.8317
threshold=0.62912287060529193 0.77944089808496597 0.89492086860507924 1.0000000180025095e-35 0.55051025667456976 0.71611721611721624 0.27151675485008825 0.30384615384615393 0.30384615384615393 0.51075393154486604 0.86377084454007547 0.41428571428571431 0.23611111111111113 0.83527131782945752 0.58227617846191659 0.99779735682819404 0.65571120689655182 0.98159919705587162 0.61250000000000016 0.58227617846191659 0.47222222222222227 0.41428571428571431 0.958456607495069 0.86377084454007547 0.53950103950103967 0.81557067271353001 0.88047619047619052 0.41116303219106964 0.64932432432432441 0.8426212590299279
decision_type=2 2 2 2 2 2 2 2 2 2 2 2 2 2 2 2 2 2 2 2 2 2 2 2 2 2 2 2 2 2
left_child=1 -1 3 23 8 6 -6 -7 -5 -10 18 12 17 -14 16 -16 -13 -12 19 20 -4 -21 27 -2 26 -26 -20 -3 29 -29
right_child=2 22 10 4 5 7 -8 -9 9 -11 11 14 13 -15 15 -17 -18 -19 24 21 -22 -23 -24 -25 25 -27 -28 28 -30 -31
leaf_value=-0.078074218738121162 0.0037781507065030228 -0.051249747724012432 -0.032762807104559082 -0.078589059445952375 2.1483891834165108 -0.0090022567146832936 -0.071321147551590441 0.034920847007920232 -0.037086011148808072 0.18791697119548592 0.029621557850618107 0.031915085673610726 -0.019934516742141063 0.064557177391610737 -0.054059633561794877 0.011203645027455909 -0.014362418464870541 -0.011964744704315656 -0.031137985881190017 0.026730870273772408 0.019290624650030026 -0.043510786832214897 0.0089233515457761495 -0.08278335288273142 0.1379238058060791 0.022912114378161666 0.025693832117680063 -0.065597710627578229 0.047261078817960246 -0.0001828109887332484
leaf_weight=3473.3706537525286 2297.8975836929167 129.23245550272986 455.82719605474267 548.36445139301941 0.10762861871626128 655.96342375699896 342.63959583867108 389.71124384872383 19.245405039866458 6.3567079154890953 243.66828629246447 702.26352172880433 131.29257322708145 286.17490059533156 579.55942404596135 514.18790153111331 1477.311512472108 724.76530469115824 133.82488309429027 527.63778460922185 324.34623072459362 114.02626366401091 315.50479813211132 18.722192520042881 48.372833859641105 306.0259984791337 553.03149221045896 71.569557715090923 29.88977338175755 142.20416520989966
leaf_count=6141478 143258 51496 42362 936799 17 55978 283193 10227 18296 2526 3831 14575 10949 2872 8634 24826 12993 5589 10007 3835 18401 1477 18367 365 1108 8726 4648 57852 2090 34562
internal_value=-0.0203084 -0.0668698 -0.00331233 -0.0121489 -0.030125 -0.0118857 -0.0706241 0.00736739 -0.0742459 0.0187796 0.00199655 -0.00214013 0.0103929 0.0379847 -0.00744655 -0.0233783 0.000548288 -0.00150118 0.00982157 0.000327399 -0.0111223 0.0142486 -0.0103369 0.00307859 0.0227859 0.0386104 0.0146209 -0.0266329 -0.0135768 -0.0220831
internal_weight=15563.1 4161.77 11401.3 4279.01 1962.39 1388.42 342.747 1045.67 573.967 25.6021 7122.32 4659.22 1385.9 417.467 3273.32 1093.75 2179.58 968.434 2463.09 1421.84 780.173 641.664 688.401 2316.62 1041.26 354.399 686.856 372.896 243.663 213.774
internal_count=7931337 6305845 1625492 1450659 1307036 349415 283210 66205 957621 20822 174833 84269 23241 13821 61028 33460 27568 9420 90564 66075 60763 5312 164367 143623 24489 9834 14655 146000 94504 92414
is_linear=0
shrinkage=0.08


Tree=36
num_leaves=31
num_cat=0
split_feature=12 8 8 9 8 3 13 5 11 8 11 1 3 5 3 4 11 8 9 11 12 1 5 2 10 7 6 6 12 14
split_gain=1791.04 395.693 75.1583 277.018 110.144 108.315 55.4119 53.6229 43.5733 26.9273 161.191 203.331 174.435 105.98 252.973 198.286 60.5459 140.62 80.0144 54.5545 41.1486 51.7125 50.0633 26.029 23.362 129.224 22.3233 21.955 20.3492 17.5196
threshold=0.62233560090702966 0.73353057199211047 0.78636627665753889 0.27151675485008825 0.55634118408604305 0.85053191489361712 0.44444444444444453 0.97826086956521752 0.23611111111111113 0.99779735682819404 0.85416666666666685 0.97617697107203638 0.81016731016731025 0.97826086956521752 0.59359359359359365 1.0000000180025095e-35 0.69047619047619058 0.958456607495069 0.81266711229946542 0.73214285714285732 0.71463077984817136 0.21164613661814111 0.56330128205128216 0.7593103448275863 0.71475875118259236 0.35566239316239318 1.0000000180025095e-35 1.0000000180025095e-35 0.72964473907870142 1.0000000180025095e-35
decision_type=2 2 2 2 2 2 2 2 2 2 2 2 2 2 2 2 2 2 2 2 2 2 2 2 2 2 2 2 2 2
left_child=1 27 3 8 24 -6 -7 23 26 13 20 12 -12 14 19 -16 17 -15 -18 -4 21 -11 -22 -3 -5 -26 -2 -1 -13 -9
right_child=2 7 9 4 5 6 -8 29 -10 10 11 28 -14 16 15 -17 18 -19 -20 -21 22 -23 -24 -25 25 -27 -28 -29 -30 -31
leaf_value=-0.07896783226618885 -0.059444355691150544 -0.050946222008302351 -0.068307908939562539 -0.075951031254177057 -0.063485563829474817 0.083177416722400324 -0.0062075273109361319 0.033573165603632653 0.1845422797427739 0.12870148270449147 0.00088428811170381189 -0.23418899267985249 -0.14540576286553572 0.02182360193075597 0.087030271096781534 0.0015027835997797098 0.044702462406162144 0.13131572863387173 -0.0074201966277228446 -0.015569125832329942 -0.023146493974655572 -0.090161532425571081 -0.063550647386405923 0.053643313214764711 5.7934098942447489 0.16803421791598466 0.0027857868549629968 0.058566879719301634 0.068738555816956912 -0.0045195260902404881
leaf_weight=3124.2954165077535 37.580163430364337 216.17310932208784 389.84520458237967 505.08112207095837 207.58627737639472 58.268369838187937 186.31542381684994 97.571202970750164 8.3707103616325167 20.959324637893591 1654.383946496062 1.4259173429454666 53.864059212486609 277.91976326639997 182.33369809045689 3574.4125411579735 306.19183503958629 102.84993749088608 490.36034965515137 185.1492947844672 578.823896957736 10.306930162478237 296.96017394959927 16.382751368393656 0.027240019640884294 0.64418824517633766 2015.9860575594939 7.4460087518673381 302.22783404067741 371.41090388514567
leaf_count=6017450 43845 150128 147227 920359 281419 12201 29773 8153 789 1057 16366 78 4132 47736 7598 36546 7385 4371 2091 23617 11551 844 2726 161 26 512 43086 1200 24435 83938
internal_value=-0.0191451 -0.0664757 -0.0032966 -0.0141255 -0.0496742 -0.0209848 0.0150871 -0.0121693 0.00238947 0.000583531 -0.00562872 0.00699417 -0.00372849 0.00387507 -0.00190963 0.00565386 0.0251588 0.0513986 0.0126156 -0.0513259 -0.0336272 0.0565532 -0.0368467 -0.0435783 -0.0753241 0.396257 0.00164698 -0.0786408 0.067316 0.00340562
internal_weight=15281.2 3833.28 11447.9 3019.86 957.923 452.17 244.584 701.538 2061.94 8428.01 2918.95 2011.9 1708.25 5509.06 4331.74 3756.75 1177.32 380.77 796.552 574.994 907.05 31.2663 875.784 232.556 505.753 0.671428 2053.57 3131.74 303.654 468.982
internal_count=7930800 6261030 1669770 1332010 1244290 323393 41974 242380 87720 337760 61189 45011 20498 276571 214988 44144 61583 52107 9476 170844 16178 1901 14277 150289 920897 538 86931 6018650 24513 92091
is_linear=0
shrinkage=0.08


Tree=37
num_leaves=31
num_cat=0
split_feature=12 10 12 11 1 5 2 10 5 0 3 11 7 4 6 10 2 1 11 13 2 11 4 10 13 11 13 13 11 14
split_gain=1657.51 254.542 64.472 178.085 60.1915 112.326 68.4278 60.9345 48.1837 42.6153 42.7206 32.5307 235.433 66.128 70.9988 234.288 62.1763 60.3224 60.2398 182.822 173.8 45.0537 30.9998 25.5651 23.4604 23.0323 22.8582 22.3035 21.4649 21.2503
threshold=0.60126709170375736 0.61863086850107551 0.78802806389013302 0.47222222222222227 0.89564428312159727 0.97826086956521752 0.87226107226107241 0.9201769911504426 0.97826086956521752 0.51355311355311362 0.78416149068322993 0.20714285714285716 0.58191438191438205 0.63333333333333341 1.0000000180025095e-35 0.50672699849170444 0.81892697466467967 0.7633053221288516 0.41428571428571431 0.58227617846191659 0.73375527426160347 0.47222222222222227 0.90000000000000013 0.46523140686161646 1.0000000180025095e-35 0.5277777777777779 0.29489069589888756 0.34357584833407268 0.30384615384615393 1.0000000180025095e-35
decision_type=2 2 2 2 2 2 2 2 2 2 2 2 2 2 2 2 2 2 2 2 2 2 2 2 2 2 2 2 2 2
left_child=1 -1 3 22 5 6 -5 -7 25 -6 -11 13 21 16 15 -15 -4 -18 20 -20 -14 -13 24 -23 -2 -3 -26 -27 -24 -10
right_child=2 8 11 4 9 7 -8 -9 29 10 -12 12 18 14 -16 -17 17 -19 19 -21 -22 23 28 -25 26 27 -28 -29 -30 -31
leaf_value=-0.076854667348342551 -0.031091927670352321 -0.0636455255391387 -0.0082908267148220256 -0.046294170142929192 0.20321696852624038 0.027727884897405745 0.16037776545393606 -0.047948044359350579 0.035600670195412736 0.42990610590220024 0.03448943918282818 0.029802068681636186 -0.03152347856263276 -0.076251189295522062 0.0030895342973617473 -0.0068021626262091128 0.24750874046233221 0.055653604520128339 0.0071986490400281723 -0.027429713412892555 0.051435675325482849 -0.051254483550547771 0.051343037730176136 0.10336399699206013 -0.077220505084431013 -0.0047581937301637281 -0.039444118866137821 1.854222998948813 1.0246073334713699 -0.011403988935304537
leaf_weight=2835.6949664617714 216.96002229826991 165.25363629232743 114.08251897519222 328.86174043139908 12.280527960334437 518.47186149342451 10.58291368227219 78.393324322183616 77.923924147762591 1.7882970070349973 78.908482728118543 95.559636733436491 254.98747946950607 369.00727742820163 1893.5914948098361 1973.699579256674 11.532170250400666 115.88932341296459 2948.7098553723481 1458.3424735912704 441.40294658584753 7.1172138511901712 15.797463537863219 178.23187540458457 276.99752393816016 53.631612624158151 162.74251831287984 0.041336807422338917 0.14637038158252913 293.03036954934942
leaf_count=5751283 102375 201851 12206 174458 197 57133 188 1211 8386 122 1699 15848 37243 717432 37491 91427 267 20615 49560 42971 3776 4055 3283 3969 374960 35161 82286 12 34 98823
internal_value=-0.0180308 -0.0669085 -0.00355198 -0.0179312 0.0029886 -0.00310773 -0.0398507 0.0177885 -0.019095 0.0643804 0.0432521 -0.00107054 0.00311949 -0.00610885 -0.00843008 -0.0177413 0.0346087 0.0730173 -0.000805226 -0.00426026 0.0210597 0.0744222 -0.0499429 0.0974268 -0.0526189 -0.0488575 -0.0632399 -0.00332648 0.060278 -0.00153003
internal_weight=14989.7 3425.58 11564.1 1701.93 1029.29 936.31 339.445 596.865 589.881 92.9773 80.6968 9862.15 5384.35 4477.8 4236.3 2342.71 241.504 127.421 5103.44 4407.05 696.39 280.909 672.644 185.349 656.7 218.927 439.74 53.6729 15.9438 370.954
internal_count=7930322 6095516 1834806 797946 235008 232990 174646 58344 344233 2018 1821 1036860 157422 879438 846350 808859 33088 20882 133550 92531 41019 23872 562938 8024 559621 237024 457246 35173 3317 107209
is_linear=0
shrinkage=0.08


Tree=38
num_leaves=31
num_cat=0
split_feature=12 8 8 3 5 11 6 8 13 8 11 11 9 4 3 8 11 1 3 5 3 4 11 14 12 7 11 5 7 3
split_gain=1537.28 315.653 89.2996 170.846 118.121 88.9242 152.405 190.116 134.458 87.2637 84.0628 45.1221 41.8907 37.2154 35.4792 33.613 106.93 201.701 125.858 95.9361 119.225 203.559 98.7983 110.479 57.9593 51.7503 42.9257 40.8513 29.6179 27.1301
threshold=0.5862971655533491 0.73353057199211047 0.89492086860507924 0.84924242424242424 0.97826086956521752 0.30384615384615393 1.0000000180025095e-35 0.56949043414275213 0.58227617846191659 0.69177661133967006 0.41428571428571431 0.47222222222222227 0.81266711229946542 0.70833333333333337 0.25320512820512825 0.99779735682819404 0.85416666666666685 0.97617697107203638 0.80384615384615399 0.97826086956521752 0.5629401408450706 0.18333333333333338 0.69047619047619058 1.0000000180025095e-35 0.71463077984817136 0.86377084454007547 0.85416666666666685 0.56048780487804895 0.41870403498310477 0.41444372153545878
decision_type=2 2 2 2 2 2 2 2 2 2 2 2 2 2 2 2 2 2 2 2 2 2 2 2 2 2 2 2 2 2
left_child=1 -1 3 4 13 6 7 -5 9 -7 -10 -6 -13 -2 -3 19 24 18 -18 20 26 -22 23 -21 29 -24 -4 -26 -19 -17
right_child=2 14 15 5 11 8 -8 -9 10 -11 -12 12 -14 -15 -16 16 17 28 -20 22 21 -23 25 -25 27 -27 -28 -29 -30 -31
leaf_value=-0.078536425255173431 -0.067163754729651817 0.0023010509421650728 -0.064356052204389419 -0.077222436760143426 -0.053944637889734331 0.18042250154317352 0.0042474420467728301 -0.0063768029077028157 0.076030619987457693 0.047002364256888869 -0.070772525380615375 0.029100729649230554 -0.04146668307928681 0.052249496272245351 -0.044637666689128441 0.085487407079580802 -0.00048302558744850059 -0.53895312979284538 -0.11508251112644211 0.15687623946612542 0.09803728304251047 0.00053550116344217361 0.039990178229482115 0.040332579607830737 -0.019514307750604202 -0.0057925595826508157 -0.0063842802978727273 -0.055837838218915151 0.06842025312107812 -0.055310578618569126
leaf_weight=2570.0585600181948 589.88848663133103 382.00290920992848 229.55838321679039 395.64206156917498 94.751799321122235 36.747269487270387 1975.0602267882787 625.98300697104423 33.505762586544733 214.56757414899766 97.922162044793367 200.04332082299516 73.663058421632741 17.189859612029977 141.13797460994101 40.628977451939136 1679.3633309460129 0.51474548706028045 63.658017212059349 68.176627593580633 143.97502410050947 2844.7219476887258 257.04637110233307 220.18056863872334 578.95711214508628 410.12332045845687 126.9535446295049 301.27227269543801 289.88924970125663 11.165782429976387
leaf_count=5774676 694074 84243 54135 820850 103420 17476 37639 38545 337 2697 1573 61780 786 8882 98779 2202 16907 257 4167 3671 4704 27596 3130 17852 11485 1706 9666 2746 24251 654
internal_value=-0.0168858 -0.0670064 -0.00354521 -0.0126036 -0.0420953 -0.00409027 -0.00872806 -0.033813 0.0322213 0.0665111 -0.0333471 -0.00636302 0.0101088 -0.0637825 -0.0103625 0.00188391 -0.00466873 0.00561603 -0.00466839 0.00640209 1.62303e-05 0.00523247 0.0287584 0.0678871 -0.0271073 0.0118466 -0.0437124 -0.0319466 0.0673437 0.0551345
internal_weight=14714.3 3093.2 11621.1 4354.96 975.537 3379.43 2996.69 1021.63 382.743 251.315 131.428 368.458 273.706 607.078 523.141 7266.19 2965.45 2033.43 1743.02 4300.74 3345.21 2988.7 955.527 288.357 932.024 667.17 356.512 880.229 290.404 51.7948
internal_count=7930886 5957698 1973188 1788059 868942 919117 897034 859395 22083 20173 1910 165986 62566 702956 183022 185129 62669 45582 21074 122460 96101 32300 26359 21523 17087 4836 63801 14231 24508 2856
is_linear=0
shrinkage=0.08


Tree=39
num_leaves=31
num_cat=0
split_feature=12 8 14 8 13 10 3 4 3 2 14 2 3 12 8 8 7 7 7 8 13 10 3 8 8 4 4 1 10 9
split_gain=1477.1 389.273 59.2473 86.4247 190.637 67.4305 34.3123 28.4385 26.7579 22.3723 18.497 16.9342 16.7637 21.0767 85.3622 20.4392 85.2834 14.9734 14.0218 14.0154 148.007 41.3644 40.7194 48.7088 47.2177 27.2934 38.469 28.6405 19.231 13.5375
threshold=0.62233560090702966 0.73353057199211047 1.0000000180025095e-35 0.86162029459901812 1.0000000180025095e-35 0.78755641521598985 0.2620137299771168 0.41428571428571431 0.85053191489361712 0.78830559112249265 1.0000000180025095e-35 0.53452380952380962 0.88067796610169491 0.34802018633540377 0.44804371584699459 0.68304757304998809 0.37356017476499409 0.50335630941118181 0.48017467248908302 0.55051025667456976 0.158734790482675 0.7595917966833482 0.88303693570451447 0.68304757304998809 0.86162029459901812 0.55000000000000016 0.90000000000000013 0.96871945259042047 0.48107236684977317 0.43359737607525223
decision_type=2 2 2 2 2 2 2 2 2 2 2 2 2 2 2 2 2 2 2 2 2 2 2 2 2 2 2 2 2 2
left_child=1 12 19 4 -4 -6 -3 9 -7 -8 11 -9 -1 14 -14 -15 -17 -11 -5 20 -2 22 24 -24 -21 27 -27 -23 -22 -20
right_child=2 6 3 18 5 8 7 10 -10 17 -12 -13 13 15 -16 16 -18 -19 29 21 28 25 23 -25 -26 26 -28 -29 -30 -31
leaf_value=-0.078804866630595757 0.009434819220975341 0.0013507644627458269 -0.0038170306070235034 -0.060105515452697732 -0.07061881126276591 -0.060375484796299665 -0.056801254315556743 0.21945126459937003 0.041769927899947393 -0.047806048217574254 -0.076748141158886951 0.027255705070959549 -0.080036619421943803 -0.031371791677096035 8.5869126281217927 2.7355478879113719 0.12967258024723549 0.11334559891179381 0.049735216418265102 -0.047043334759812643 -0.077572336336822881 0.0052287086532121808 0.1123995944522264 0.024911088797011139 0.016469089912765328 -0.035427439380133874 -0.00048455326943530407 0.040868486748587465 -0.0098990219208583037 -0.0010099448735000657
leaf_weight=2467.2856304979068 968.41999493705225 487.86795002012514 1190.9931348955142 25.49391806719359 498.96569091657875 23.822984389378689 160.02361344388919 5.388986404170284 52.770099277433474 6.405071015469729 4.4357418388826764 6.440387782495236 0.034295694058530724 15.965228052373279 0.0092304680729284883 0.085142869036643698 1.4362648162932599 8.705158459604716 33.924810570199043 108.09945066933869 165.3061417962017 1499.5378498073551 43.109061700233724 737.15513416173053 244.03479635959957 242.94024757310399 1186.0474024289579 159.67409270489588 32.092295574140735 4090.2690200321085
leaf_count=5993576 21200 106437 110214 281 775782 17291 135807 60 1018 51 234 164 75 22467 20 9 300 77 2465 80094 363942 58221 10944 10238 20195 4459 19065 4052 43487 126075
internal_value=-0.0152654 -0.0635798 -0.00174023 -0.00726687 -0.0220863 -0.0598905 -0.00991118 -0.0386174 0.00999932 -0.048015 0.0625709 0.114812 -0.078251 -0.000295772 1.75794 -0.00467221 0.275506 0.0450351 -0.000958148 0.00433002 -0.0034345 0.00647474 0.0195536 0.0297448 -0.00302818 0.00167892 -0.00642515 0.0086585 -0.0665703 -0.000592525
internal_weight=14466.7 3164.08 11302.7 5916.24 1766.55 575.559 679.267 191.399 76.5931 175.134 16.2651 11.8294 2484.82 17.5302 0.0435262 17.4866 1.52141 15.1102 4149.69 5386.42 1165.82 4220.6 1132.4 780.264 352.134 3088.2 1428.99 1659.21 197.398 4124.19
internal_count=7928300 6259277 1669023 1033126 904305 794091 242830 136393 18309 135935 458 224 6016447 22871 95 22776 309 128 128821 635897 428629 207268 121471 21182 100289 85797 23524 62273 407429 128540
is_linear=0
shrinkage=0.08


Tree=40
num_leaves=31
num_cat=0
split_feature=12 8 8 13 13 11 1 8 9 11 3 7 13 8 5 12 0 11 8 11 4 7 11 13 7 8 9 9 6 5
split_gain=1340.1 308.223 68.4583 136.525 191.043 82.2683 246.345 78.7198 38.1547 55.1998 35.9828 33.7237 27.9584 92.1489 83.335 128.454 105.643 63.6404 146.438 91.8107 86.9057 66.1455 54.5898 1080.57 174.061 30.3949 25.8012 19.7599 17.6482 19.2938
threshold=0.5862971655533491 0.74527629233511605 0.90682170542635665 1.0000000180025095e-35 0.42112460638776433 0.47222222222222227 0.88117647058823534 0.63241578682755162 0.81266711229946542 0.58571428571428574 0.93933823529411764 0.86377084454007547 0.74690314987239714 0.99779735682819404 0.58898944193061853 0.71463077984817136 0.26158232359230227 0.41428571428571431 0.99779735682819404 0.23611111111111113 0.41428571428571431 0.93777654867256655 0.77500000000000013 0.58227617846191659 0.86377084454007547 0.9476726498326743 0.39798456696111278 0.37525510204081636 1.0000000180025095e-35 0.62361111111111123
decision_type=2 2 2 2 2 2 2 2 2 2 2 2 2 2 2 2 2 2 2 2 2 2 2 2 2 2 2 2 2 2
left_child=1 28 3 8 5 -5 -7 -6 9 10 -2 -11 13 22 16 -16 -15 19 21 25 -20 -19 24 -24 -4 -14 -3 -9 -1 -30
right_child=2 26 12 4 7 6 -8 27 -10 11 -12 -13 17 14 15 -17 -18 18 20 -21 -22 -23 23 -25 -26 -27 -28 -29 29 -31
leaf_value=-0.078758113962859366 -0.025662241068680165 -0.032462077589480741 0.0072743772941018005 -0.066337240617080767 -0.067506311457927043 -0.053483299827517143 0.12609300217956732 0.062307520830448611 -0.045476924569628555 0.059654386489693075 0.0046307459202392714 -0.090417478773962598 0.019631590909654814 0.05775797337486701 0.056756398900873278 -0.024196624171137514 -0.0033773076476412761 -0.066697372924500259 -0.075627071372286706 0.042713767100327087 0.031367597766883193 -0.0098400081999492905 0.019710431511724108 -0.43013225246105907 0.069242137328702866 -0.013112768682229554 0.0047595189033418223 0.0025288104377028677 -0.017412229140132591 0.39712462024626627
leaf_weight=2208.0912125190662 288.44420810154406 191.62258005831973 884.37917616259074 695.16553174486035 107.07099870152888 234.01308563715429 61.802468059380772 36.808371722348966 104.41860784444725 146.39297889935551 1930.7003919221461 10.254636978730558 233.86349801532924 253.07110039168037 138.02977991942316 1376.1821466855472 634.33024489798117 373.27536339499056 56.576436785981059 328.7279453612864 343.97380635165609 201.71488649584353 873.50896837306209 35.566733795567416 431.71720829955302 809.19709820440039 315.30230944027426 917.91491145294276 2.53618082543835 1.0026547701563684
leaf_count=5792171 162638 65964 56127 1188511 161835 199810 5394 778 2538 24480 35437 49 966 3980 2699 12436 16063 6718 2432 2102 21010 2442 14465 1523 18944 6977 99317 21849 722 58
internal_value=-0.0150588 -0.0655756 -0.00312417 -0.0107779 -0.0260387 -0.051301 -0.0159658 -0.00246121 0.00185291 0.00393311 0.000693266 0.0498302 0.00185054 0.0054584 -0.00540901 -0.0168173 0.0140574 -0.00526084 -0.0208812 0.00584748 0.0162549 -0.046751 0.0171875 0.00211076 0.0276016 -0.00577119 -0.00931061 0.00483352 -0.078472 0.100038
internal_weight=14225.7 2718.55 11507.1 4532.99 2052.78 990.981 295.816 1061.79 2480.21 2375.79 2219.14 156.648 6974.11 4626.79 2401.61 1514.21 887.401 2347.33 975.54 1371.79 400.55 574.99 2225.17 909.076 1316.1 1043.06 506.925 954.723 2211.63 3.53884
internal_count=7930435 5958232 1972203 1803319 1578177 1393715 205204 184462 225142 222604 198075 24529 168884 126237 35178 15135 20043 42647 32602 10045 23442 9160 91059 15988 75071 7943 165281 22627 5792951 780
is_linear=0
shrinkage=0.08


Tree=41
num_leaves=31
num_cat=0
split_feature=12 8 8 3 13 11 13 6 8 11 8 13 11 3 13 8 9 7 5 4 2 2 8 11 12 5 3 3 10 9
split_gain=1246.3 315.595 59.7047 123.211 94.0117 59.5817 133.169 106.134 167.196 73.7698 73.4326 36.8362 36.169 28.7441 26.3201 25.413 24.9299 24.8933 36.2977 102.791 92.2664 91.8457 68.4895 130 71.9657 31.4504 83.2734 83.9671 34.2932 38.4184
threshold=0.5862971655533491 0.72141523137580432 0.89492086860507924 0.88067796610169491 1.0000000180025095e-35 0.30384615384615393 0.58227617846191659 1.0000000180025095e-35 0.55938129666943237 0.41428571428571431 0.86162029459901812 0.40010816657652792 0.47222222222222227 0.2620137299771168 0.18028169014084511 0.86162029459901812 0.81266711229946542 0.86377084454007547 0.73252032520325205 1.0000000180025095e-35 0.92450142450142458 0.35388994307400384 0.99779735682819404 0.69047619047619058 0.92695630081300828 0.92546296296296304 0.55245781364636837 0.83527131782945752 0.87864627584253763 0.81266711229946542
decision_type=2 2 2 2 2 2 2 2 2 2 2 2 2 2 2 2 2 2 2 2 2 2 2 2 2 2 2 2 2 2
left_child=1 -1 3 4 12 7 10 8 -5 -8 -7 -6 -2 -3 -15 -13 -14 25 19 20 -19 -21 23 -20 -24 26 -4 -28 29 -27
right_child=2 13 17 5 11 6 9 -9 -10 -11 -12 15 16 14 -16 -17 -18 18 22 21 -22 -23 24 -25 -26 28 27 -29 -30 -31
leaf_value=-0.078669135925586886 -0.039396786439760502 0.0024519988849270135 -0.040188487382326936 -0.077593674103866889 -0.06779295325895425 0.095628130053978549 0.06456245679328336 0.0037536303171323521 -0.0050890224840372611 -0.071120907700526523 -2.4162975720181802e-05 -0.034596944398569744 0.02160411806831072 -0.065386986985672482 0.009815561371123065 0.079316154828883795 -0.032791821604968491 0.020679279615931651 0.073264720771051395 0.38468001427320803 0.1345641400199627 -0.0059886145071741817 -0.065227037695036405 -0.0128006109784321 -0.013038094853863693 0.040408922628881773 0.07881832280916902 0.0038734077985203216 -0.001406280087562016 -0.018599911309227894
leaf_weight=2027.8551585178648 161.49340947467135 383.5465013384237 257.76908261020435 304.84721046619234 435.47908971589641 155.97874020543532 34.585729761049151 1972.8050066530704 612.58157597010722 99.205957543104887 76.587924441322684 42.66473628921085 214.67074967455119 90.076889358926564 44.499826111714356 17.747912106337026 72.010045260889456 788.56523948721588 153.47871883236803 3.8576968205161384 48.319160566781648 2369.2808953159256 216.76730355480686 418.87412575818598 769.02267604880035 489.46738601510879 102.83070969875553 1375.1904825837119 302.58734313677996 82.51746236695908
leaf_count=5751815 117928 93331 54662 788026 702645 16961 333 36446 40381 1550 466 15307 66412 87964 24201 658 874 21014 5364 52 1434 46009 1719 2111 6321 16942 4925 17425 6255 1030
internal_value=-0.0137543 -0.0644319 -0.00261155 -0.010225 -0.035672 -0.00284808 0.0275452 -0.00670066 -0.0291812 -0.0360462 0.0641283 -0.0596719 -0.00911674 -0.00870953 -0.0405201 -0.00113177 0.00794065 0.00172285 -0.00171527 0.00314772 0.0272546 -0.00535356 -0.0117338 0.0102782 -0.024514 0.00800302 0.00176995 0.00908757 0.020374 0.031896
internal_weight=14125.2 2545.98 11579.2 4200.66 944.066 3256.59 366.358 2890.23 917.429 133.792 232.567 495.892 448.174 518.123 134.577 60.4126 286.681 7378.53 4768.17 3210.02 836.884 2373.14 1558.14 572.353 985.79 2610.36 1735.79 1478.02 874.572 571.985
internal_count=7930561 5957311 1973250 1787987 903824 884163 19310 864853 828407 1883 17427 718610 185214 205496 112165 15965 67286 185263 84024 68509 22448 46061 15515 7475 8040 101239 77012 22350 24227 17972
is_linear=0
shrinkage=0.08


Tree=42
num_leaves=31
num_cat=0
split_feature=12 8 8 9 14 8 3 10 13 4 11 10 11 3 2 4 7 7 10 8 11 1 4 11 2 13 1 4 11 2
split_gain=1126.06 257.589 80.4423 246.79 83.4634 89.2507 77.692 40.8072 35.8626 30.099 21.8241 20.9677 21.6515 19.6881 52.4307 18.4209 18.6745 18.0102 15.0956 29.4652 70.0987 60.9822 51.8814 111.142 50.4426 36.5095 24.1331 113.124 103.319 63.5234
threshold=0.55785893304690304 0.68304757304998809 0.78636627665753889 0.27151675485008825 1.0000000180025095e-35 0.4852506091193875 0.85053191489361712 0.80088105726872261 0.037889831257178201 0.63333333333333341 0.61250000000000016 0.54500450045004512 0.47222222222222227 0.7653316645807261 0.52506265664160423 0.41428571428571431 0.52193151212004618 1.0000000180025095e-35 0.97339233038348094 0.99779735682819404 0.85416666666666685 0.97617697107203638 0.30952380952380959 0.85416666666666685 0.45080645161290328 0.90790456105420358 0.4673758865248227 1.0000000180025095e-35 0.47222222222222227 0.50423728813559332
decision_type=2 2 2 2 2 2 2 2 2 2 2 2 2 2 2 2 2 2 2 2 2 2 2 2 2 2 2 2 2 2
left_child=1 9 3 11 5 -5 -7 -6 -3 -1 -9 17 -13 14 -11 -10 -17 -2 26 22 25 -22 24 -24 -20 -21 28 -28 -4 -29
right_child=2 8 18 4 7 6 -8 10 15 13 -12 12 -14 -15 -16 16 -18 -19 19 20 21 -23 23 -25 -26 -27 27 29 -30 -31
leaf_value=-0.079504103263152381 0.001263726943579911 0.003696824428777193 -0.047319399576360582 -0.074985319420209362 -0.071175294666010233 -0.063850511151764738 0.031213431511805615 0.015948779328277877 -0.05454649053242492 6.4951491519576408 0.27950387966314699 0.02495297962341925 0.24437492575426184 0.32339336977210864 -0.0801478805441459 0.0029201436729040953 0.31849301723701484 -0.06748178433831549 0.040213990190230149 -0.016415366609898677 0.0042087098493085 0.068678690505072346 0.020856622372869806 -0.084548591448562985 0.16950166635883127 -0.077130480121319234 0.064110051897248679 0.061291678635620843 -0.00099712304317582504 -0.0018807431685610829
leaf_weight=1755.8592152615893 2048.9451004061266 314.28014841151889 350.6489471833047 130.83023105392931 541.19295249736751 75.749479194142623 201.06032269215211 6.6190447536355332 115.82762980589177 0.012166342959971099 2.8882574264716823 7.930559941189129 4.517611086339457 0.79088109600706957 0.021436053415527567 4.4359477244724976 1.6452552424743769 24.68377791432431 179.50417439627927 321.04116118710954 790.55377933953423 106.55724192323396 474.0441194283776 74.01917002373375 21.642146284459159 78.979322135448456 184.96813285315875 104.93050080898684 2543.4296376175189 3495.992483736045
leaf_count=5407999 43859 92258 170666 363683 1255594 155499 35575 4937 133855 16 738 1179 53 860 33 126 53 44493 2641 3768 8193 10810 3296 1951 379 2230 6384 2693 126503 50852
internal_value=-0.0129803 -0.0656145 -0.00317457 -0.0143714 -0.0479766 -0.0205358 0.00519902 -0.0682889 -0.0105899 -0.0792772 0.0960151 0.00106683 0.104584 0.403974 2.30055 -0.047421 0.0882976 0.000445404 0.000731743 0.00674345 -0.000552217 0.0118663 0.0193747 0.00662103 0.0541246 -0.0284028 -0.00110988 0.00309428 -0.00660957 -3.99057e-05
internal_weight=13963.6 2192.87 11770.7 3044.42 958.34 407.64 276.81 550.7 436.189 1756.68 9.5073 2086.08 12.4482 0.824483 0.0336024 121.909 6.0812 2073.63 8726.31 2046.34 1297.13 897.111 749.21 548.063 201.146 400.02 6679.97 3785.89 2894.08 3600.92
internal_count=7931176 5635200 2295976 1905610 1816026 554757 191074 1261269 226292 5408908 5675 89584 1232 909 49 134034 179 88352 390366 33268 25001 19003 8267 5247 3020 5998 357098 59929 297169 53545
is_linear=0
shrinkage=0.08


Tree=43
num_leaves=31
num_cat=0
split_feature=12 10 13 12 11 2 5 13 10 13 3 13 13 9 12 11 13 0 4 5 2 10 7 9 13 4 2 2 7 9
split_gain=1066.65 244.511 87.7585 45.8021 151.352 71.567 68 53.4273 41.2244 36.5564 34.9719 27.153 33.7261 23.5606 21.7016 42.0816 79.4587 38.876 36.2199 34.0356 69.0033 55.6308 53.1097 27.4932 26.8488 23.3821 18.488 69.2973 39.9724 18.4498
threshold=0.5862971655533491 0.62084711069122978 0.33931189777963972 0.80109890109890125 0.47222222222222227 0.87068004459308812 0.36055555555555557 0.58227617846191659 0.94349298500241907 0.52533812703304239 0.23303167420814483 1.0000000180025095e-35 0.33931189777963972 0.61410415803287755 0.85462315462315475 0.47222222222222227 0.58227617846191659 0.84924242424242424 0.90000000000000013 0.73252032520325205 0.21164613661814111 0.87864627584253763 0.90026178010471225 0.71711125569290834 1.0000000180025095e-35 1.0000000180025095e-35 0.81892697466467967 0.82097069597069605 0.57949235344095174 0.81266711229946542
decision_type=2 2 2 2 2 2 2 2 2 2 2 2 2 2 2 2 2 2 2 2 2 2 2 2 2 2 2 2 2 2
left_child=1 2 26 4 7 6 9 11 -8 -6 -3 -2 -13 -9 15 16 24 29 -18 20 -16 22 -21 -19 -5 -22 -1 -28 -29 -17
right_child=3 10 -4 14 5 -7 8 13 -10 -11 -12 12 -14 -15 19 17 18 23 -20 21 25 -23 -24 -25 -26 -27 27 28 -30 -31
leaf_value=-0.076232378779636387 -0.024819781742711444 0.0034943363611186092 6.9492344364447529 0.003885224921890802 -0.050991034276549677 0.1846900585730144 0.014723639359234722 0.77419801688637369 -0.045339533493640539 0.068693504091826132 -0.045257564722507138 -0.074406638685830487 -0.026184696259864377 0.18332006675865553 0.047548745834084687 0.040457435380373045 0.11380110037535547 -0.082779084881117918 0.70131719853961794 -0.069458949802648343 0.013853457964933811 -0.0017743742746529549 -0.014590355234740874 -0.77231369649935977 -0.057202235348851403 -0.0015207365757750574 5.8124094788007845 0.063697501868133277 3.4217151219391533 0.012007808933364887
leaf_weight=1777.9558435960789 249.05607364932075 329.05794120320934 0.011380630225174992 75.41837409872096 188.06556955660926 13.765885220491326 913.44185698783258 0.50631198077462558 79.498708634113427 17.886428769212216 131.92585044229054 276.4583112403634 139.74338257286581 2.9381087436340749 201.05061948578805 263.47757370100589 19.244918346987109 0.8521672012284387 0.69584710150957008 173.67949579679407 703.43474523167242 1157.1124990922399 322.6420039087534 0.65416771825402975 118.23727740961476 6332.6691996868612 0.013576331868534353 3.4568021550367125 0.022836720192571991 326.88251654390479
leaf_count=5667500 124951 102840 17 6935 115250 260 171016 20 1575 223 182006 522330 39446 129 5090 9323 653 46 11 2993 33808 11075 3160 20 81042 835934 11 5986 7 6467
internal_value=-0.0118879 -0.0623883 -0.0758263 -0.00210646 -0.0135297 0.00332014 0.00123762 -0.044086 0.00991475 -0.0405967 -0.0104576 -0.0457131 -0.0582157 0.270176 0.000110031 0.0126842 -0.0177546 0.0236692 0.134303 -0.00102916 0.00133677 -0.0113849 -0.0337907 -0.382229 -0.033412 1.62991e-05 -0.0758711 0.107993 0.085736 0.0247049
internal_weight=13819.9 2242.44 1781.46 11577.4 1881.36 1212.66 1198.89 668.702 992.941 205.952 460.984 665.258 416.202 3.44442 9696.05 805.463 213.596 591.866 19.9408 8890.59 7237.15 1653.43 496.321 1.50633 193.656 7036.1 1781.45 3.49322 3.47964 590.36
internal_count=7930124 5958367 5673521 1971757 975200 288324 288064 686876 172591 115473 284846 686727 561776 149 996557 104497 88641 15856 664 892060 874832 17228 6153 66 87977 869742 5673504 6004 5993 15790
is_linear=0
shrinkage=0.08


Tree=44
num_leaves=31
num_cat=0
split_feature=12 8 14 8 13 10 3 13 11 12 8 11 7 8 11 8 8 7 8 10 11 0 5 13 4 8 4 11 8 8
split_gain=982.767 322.053 47.0943 73.0993 187.28 57.5054 22.2162 23.5091 22.1771 87.2458 21.9724 17.7918 111.762 87.1915 109.68 50.933 39.777 32.3912 99.9926 24.6847 20.4671 15.7263 15.7164 14.1721 99.7888 55.2569 48.0196 33.0181 31.7154 24.3577
threshold=0.5862971655533491 0.72141523137580432 1.0000000180025095e-35 0.87260524710189158 1.0000000180025095e-35 0.80088105726872261 0.2620137299771168 0.19643790117928053 0.38750000000000007 0.46122190566635018 0.69177661133967006 0.30384615384615393 0.58191438191438205 0.69177661133967006 0.61250000000000016 0.72141523137580432 0.99779735682819404 1.0000000180025095e-35 0.54769487412799522 0.76720944257775492 0.34848484848484856 0.62145593869731808 0.56980519480519487 0.40010816657652792 0.15476190476190479 0.99779735682819404 0.41428571428571431 0.47222222222222227 0.99779735682819404 0.97081701016294797
decision_type=2 2 2 2 2 2 2 2 2 2 2 2 2 2 2 2 2 2 2 2 2 2 2 2 2 2 2 2 2 2
left_child=1 -1 11 4 -4 -6 -3 -8 -9 -10 -7 17 13 14 -13 -14 -15 21 -19 -20 -17 22 -2 27 25 -25 -26 29 -29 -5
right_child=2 6 3 23 5 10 7 8 9 -11 -12 12 15 16 -16 20 -18 18 19 -21 -22 -23 -24 24 26 -27 -28 28 -30 -31
leaf_value=-0.078517107084628002 0.098671952381151673 0.0043248893783471992 -0.0027820129779751557 -0.052199410069908886 -0.068793866649907359 0.5492156226748337 -0.056861125429650418 -0.059600360603563614 2.5342244606584994 0.062357476618005274 -0.002197184538711303 0.34018703870374317 -0.097476791899236984 0.048593237987403254 0.039561197744793976 0.023230716469659182 -0.12579648463689572 -0.073438217116562524 0.011491753769717535 -0.010496848908380001 0.0017025615367510388 0.0096140587438246182 0.69727020329932987 0.13574481944630371 -0.039917173089343366 0.016748360434991491 0.0039262780023727384 0.0096595612041108971 -0.010790500877168371 0.0035297845871445506
leaf_weight=1616.3859932977648 0.88559935172088333 380.85009867080953 1264.6914378321089 154.40020287671359 484.33156647879514 0.46487504438846272 87.549658537522191 13.135540049377594 0.091792535095012506 20.579252920870204 90.187105920398608 15.031381540989971 31.838580304931384 203.08205923921196 16.071400217711926 321.62991620227695 8.7307415343529993 138.63760350059601 525.15926285469322 864.84279038227396 2330.9859637063055 978.30983030953212 0.41098572337068617 54.876928559504449 176.11635858035879 45.83356700630975 1734.0069863307581 852.61846169468481 1126.7826741097961 74.371226438088343
leaf_count=5751999 123 93556 173729 47315 958981 306 97005 8681 58 6516 16409 7207 46488 1660 974 44930 1412 408711 60086 15645 90970 18562 31 1117 3431 1305 28137 30833 12147 2721
internal_value=-0.0110635 -0.0611311 -0.00183514 -0.00668544 -0.0199928 -0.0578484 -0.00517323 -0.034981 0.0216825 0.0733341 0.000630531 0.00357113 0.00780777 0.0597714 0.184848 0.00310559 0.041405 -0.00137345 -0.0086511 -0.00218929 0.00431285 0.00998307 0.288413 -0.000882836 0.00397597 0.0815893 -0.000116157 -0.00530743 -0.00198173 -0.0340824
internal_weight=13612.9 2118.59 11494.3 6058.68 1839.67 574.984 502.206 121.356 33.8066 20.671 90.652 5435.62 2927.37 242.916 31.1028 2684.45 211.813 2508.25 1528.64 1390 2652.62 979.606 1.29659 4219.01 2010.83 100.71 1910.12 2208.17 1979.4 228.771
internal_count=7931045 5957815 1973230 1276431 1149425 975696 205816 112260 15255 6574 16715 696799 193641 11253 8181 182388 3072 503158 484442 75731 135900 18716 154 127006 33990 2422 31568 93016 42980 50036
is_linear=0
shrinkage=0.08


Tree=45
num_leaves=31
num_cat=0
split_feature=12 8 8 9 8 13 11 9 3 8 8 13 11 7 4 12 4 11 8 11 8 5 8 13 8 4 11 13 13 14
split_gain=924.819 258.663 60.6474 162.108 86.4511 74.1145 42.7339 30.1417 23.9103 22.0405 32.1625 21.6156 18.9244 61.0964 18.6452 205.371 98.8582 51.5485 75.8292 49.6422 49.5142 38.0477 36.7704 45.7158 33.3402 46.3729 33.9525 18.507 14.0314 11.2862
threshold=0.56422949987306437 0.72141523137580432 0.80104166666666676 0.28782428602572491 0.64083033846483939 0.2894387206258105 0.58571428571428574 0.34649567318936625 0.2620137299771168 0.44397954439795451 0.69597423510466994 0.41564661392247609 0.30384615384615393 0.55578607653296463 0.90000000000000013 0.99767441860465123 0.70833333333333337 0.77500000000000013 0.99779735682819404 0.38750000000000007 0.99779735682819404 0.20942982456140355 0.99779735682819404 0.58227617846191659 0.92012269938650315 0.55000000000000016 0.47222222222222227 0.158734790482675 0.18028169014084511 1.0000000180025095e-35
decision_type=2 2 2 2 2 2 2 2 2 2 2 2 2 2 2 2 2 2 2 2 2 2 2 2 2 2 2 2 2 2
left_child=1 -1 3 9 12 6 -6 -7 29 27 11 -11 -5 -14 16 22 24 20 -19 -18 -17 -21 23 -16 26 -26 -4 -2 -10 -3
right_child=2 8 14 4 5 7 -8 -9 28 10 -12 -13 13 -15 15 17 19 18 -20 21 -22 -23 -24 -25 25 -27 -28 -29 -30 -31
leaf_value=-0.07894387361359223 0.00049960384058764175 0.030762323589810108 -0.036720002702308498 -0.07538887542452466 -0.06904677697649185 0.11216048426184153 0.029006917310975582 0.003910483824511056 -0.063822014516302567 0.19400595588830563 -0.0095781164103448876 1.2912886536579076 0.055957885705804372 -0.07943917614348929 0.11924905055372391 0.0035972023397369463 -0.028582398560015904 0.00036474707676233494 0.071879895912040234 -0.017512255352251031 -0.035473393299236329 -0.19848350647948682 0.088355260412699213 0.35080599781771532 0.0056267421008387719 -0.021747120540427756 -0.0041974348049427235 -0.066125869717760535 0.0023474472565710612 -0.0050942063450944812
leaf_weight=1437.238415611384 2055.6379116308526 72.421808962972136 279.51362339375191 330.44759468911798 171.64174099738011 17.617765292787226 34.097169032756938 251.01842516681063 64.520545742474496 7.7028493541583911 9.3331965359975566 0.1166369292186572 31.683182995824609 65.26866140216589 9.0547898192890006 2306.3568613661919 42.71274627186358 218.24598019011319 167.88294169638539 9.9313540533184987 228.12478503392776 29.581293050898239 12.570107442297738 13.732126178219913 4091.0078052425524 438.52559886523522 775.20085681555793 27.034019215818262 30.068286411726149 250.53353099012747
leaf_count=5546068 47211 9204 116031 1023592 423518 716 63686 33062 74584 1304 362 109 30045 173967 66 12859 681 6156 17633 276 6960 370 325 206 108295 7466 73143 66338 15913 70913
internal_value=-0.0103817 -0.0628412 -0.00201103 -0.0118049 -0.0401749 -0.0166633 -0.0527963 0.0110098 -0.00741396 0.00037859 0.0906923 0.210373 -0.0662706 -0.0351924 0.00139838 0.00654906 -0.00128852 0.00422894 0.0314584 -0.0883687 8.05183e-05 -0.152997 0.198199 0.258793 -6.3069e-06 0.00297655 -0.0128164 -0.000365225 -0.0427878 0.00294652
internal_weight=13478.8 1854.78 11624 3001.6 901.775 474.375 205.739 268.636 417.544 2099.82 17.1527 7.81949 427.399 96.9518 8622.44 2955.97 5666.47 2920.61 386.129 82.2254 2534.48 39.5126 35.357 22.7869 5584.25 4529.53 1054.71 2082.67 94.5888 322.955
internal_count=7931059 5716682 2214377 1863910 1748586 520982 487204 33778 170614 115324 1775 1413 1227604 204012 350467 44205 306262 43608 23789 1327 19819 646 597 272 304935 115761 189174 113549 90497 80117
is_linear=0
shrinkage=0.08


Tree=46
num_leaves=31
num_cat=0
split_feature=12 8 12 11 2 8 1 8 0 8 6 10 8 5 10 8 12 4 4 7 2 11 7 9 9 9 10 3 10 5
split_gain=861.501 208.887 56.7199 131.225 58.0773 45.1619 39.8231 35.5971 36.3876 31.5276 32.9056 30.9996 22.0455 21.1278 17.092 27.6385 22.3121 17.1791 16.2734 15.4635 14.7674 14.6525 14.561 14.3609 26.7323 13.7634 22.9027 12.8745 12.1258 12.0158
threshold=0.54973531775726847 0.68304757304998809 0.77811044577511668 0.47222222222222227 0.87226107226107241 0.7277982133473464 0.98979591836734704 0.75072254335260125 0.65345368916797508 0.9476726498326743 1.0000000180025095e-35 0.9201769911504426 0.83939594356261038 0.97826086956521752 0.97339233038348094 0.93377192982456148 0.95820858283433152 0.90000000000000013 0.41428571428571431 0.98496155585707845 0.78830559112249265 0.80909090909090919 0.52193151212004618 0.46037455749685968 0.46123798076923078 0.95949851585689738 0.94349298500241907 0.93095238095238109 0.76720944257775492 0.30495169082125612
decision_type=2 2 2 2 2 2 2 2 2 2 2 2 2 2 2 2 2 2 2 2 2 2 2 2 2 2 2 2 2 2
left_child=1 -1 3 9 5 6 -5 8 -6 10 12 -7 -2 18 25 21 17 -17 20 -18 -3 -16 -20 -15 -25 -4 29 -28 -26 -27
right_child=2 13 14 4 7 11 -8 -9 -10 -11 -12 -13 -14 23 15 16 19 -19 22 -21 -22 -23 -24 24 28 26 27 -29 -30 -31
leaf_value=-0.079329897216112291 -0.073260914960087672 -0.059949487719834549 -0.00086828233467775226 -0.063712804226491504 1.2904006250300366 0.0086656632953185236 0.19655747222692604 0.13168063392178003 0.30075740135884393 0.013504273681448376 -0.008033636044831885 -0.037762892867326342 -0.035898395063412795 -0.013060671402369516 0.14765477243148506 0.019079325228591008 -0.0083109140230925756 0.17641121058819528 0.0052943754185234898 0.0079747175040132887 0.087014892068826136 0.027547769637074514 0.27722160371759041 1.1914054074514551 0.053697571097849311 0.097247456308498945 -0.0074284756168488441 -0.06101419092034728 -0.0059084467673587394 -0.013152828999074285
leaf_weight=1267.6625039847568 295.32261736219516 87.926479313289747 7776.2241842002695 93.222368960588938 0.34407124412245937 900.31898747806554 3.920646496655535 10.907841448584803 0.76971387275261804 52.319407971110195 92.328682836610824 102.51797482959228 153.65972520093783 201.34162250219379 13.267693631583825 495.04562220082153 652.01866522536147 4.4818828528514123 4.5875131860375395 872.43911103031132 4.6049949312582603 12.745258314767852 1.7376305706275159 0.12573524468461883 43.959764137543971 12.986966034863146 46.979954311391339 73.729598305188119 43.414923545060446 12.271175614092497
leaf_count=5315264 831211 126100 1028657 275276 49 150032 1211 164 31 8070 5219 3645 67831 60498 130 7142 10206 101 117 14884 40 230 40 45 18113 371 944 951 3877 156
internal_value=-0.00960241 -0.0636138 -0.00194616 -0.0154274 0.000785519 -0.00112578 -0.0532084 0.17567 0.606479 -0.0457978 -0.0515295 0.00391937 -0.060474 -0.0122267 0.000359657 0.0068705 0.00581742 0.0204909 -0.0441493 0.00100927 -0.0526355 0.0888074 0.0799977 -0.00130119 0.0257578 -0.00132513 -0.0256632 -0.0401587 0.0240804 0.0436116
internal_weight=13333.2 1655.36 11677.8 1705.63 1112 1099.98 97.143 12.0216 1.11379 593.63 541.311 1002.84 448.982 387.699 9972.19 2050 2023.99 499.528 98.8566 1524.46 92.5315 26.013 6.32514 288.842 87.5004 7922.19 145.968 120.71 87.3747 25.2581
internal_count=7930605 5524094 2406511 1342739 430408 430164 276487 244 80 912331 904261 153677 899042 208830 1063772 32693 32333 7243 126297 25090 126140 360 157 82533 22035 1031079 2422 1895 21990 527
is_linear=0
shrinkage=0.08


Tree=47
num_leaves=31
num_cat=0
split_feature=12 8 8 9 8 7 8 10 3 3 14 10 8 8 13 10 11 8 9 10 8 1 12 14 10 7 3 1 1 9
split_gain=774.31 218.42 51.8922 199.438 66.5858 90.9853 61.4842 25.2572 23.2011 13.7659 12.8782 31.8244 12.5692 13.2073 12.6434 11.5868 14.2297 30.9186 12.773 17.7549 11.5621 11.7781 12.0291 10.6125 22.1964 25.842 23.4446 69.6754 21.7831 21.6985
threshold=0.54973531775726847 0.66524822695035468 0.76490327674694047 0.27151675485008825 0.63241578682755162 0.54123043712898011 0.69177661133967006 0.78755641521598985 0.23303167420814483 0.83935483870967753 1.0000000180025095e-35 0.48107236684977317 0.3722167243938645 0.51732715731686407 0.158734790482675 0.48292520406463441 0.47222222222222227 0.68764140271493224 0.4494897433254304 0.59725364504776279 0.80104166666666676 0.53950103950103967 0.5310234488275587 1.0000000180025095e-35 0.78755641521598985 0.74298820445609448 0.81016731016731025 0.27072835547411828 0.710394265232975 0.52193151212004618
decision_type=2 2 2 2 2 2 2 2 2 2 2 2 2 2 2 2 2 2 2 2 2 2 2 2 2 2 2 2 2 2
left_child=1 -1 3 9 10 6 -6 -7 15 -2 11 -5 14 -14 -11 16 -3 -18 -17 -20 -10 -22 -23 24 25 29 28 -28 -26 -4
right_child=2 8 23 4 5 7 -8 -9 20 12 -12 -13 13 -15 -16 18 17 -19 19 -21 21 22 -24 -25 26 -27 27 -29 -30 -31
leaf_value=-0.079394688078315984 -0.039522890135244557 -0.017831142140139044 0.010081737808443639 -0.076654843925483857 0.16494715288908623 -0.051487214844230661 0.011395907739239007 0.085644095580572371 -0.078507796522745976 0.0025884963506441496 -0.079018609652887345 -0.0024333459346689958 0.27256663892204286 0.047052392428482408 -0.070370091690030293 -0.013812675936681814 1.3856944256469259 0.20796438953515392 0.15795338507082246 0.012998928769798692 -0.038280114506414921 -0.011917081466240089 0.17104354985386278 -0.0014133408481854484 0.0062510655609821332 -0.00067810125711377067 -0.40019516935415944 -0.0055058311109901286 0.062139068262820313 0.037735150394559894
leaf_weight=1160.8609149763506 51.028369005347486 1.2855275345937109 396.60554380524263 103.51984139124397 21.524403727438767 230.28073643380776 74.294637978397077 8.9292120764876 38.822784811767633 2003.2998460436356 256.12835545183043 57.514034884778084 1.9447124843863992 11.435312534711555 15.317841102791133 187.91782509136829 0.16374287255166553 1.1081019161501897 5.7041308288899009 104.1674732548563 48.322545657720184 6.0018550618551654 3.7285949686774984 4652.3063720534265 1271.8885448294459 512.81052664827439 2.8676928004715583 1586.5693419591989 46.256946236651856 334.98003495490411
leaf_count=5269584 12139 3157 21045 352583 4617 506676 2981 7391 111378 40592 895582 96650 1256 560 35098 66110 721 1392 9771 24353 38011 247 114 288722 45347 23883 47 28082 932 41871
internal_value=-0.0089104 -0.0618733 -0.00182069 -0.0112337 -0.0465425 -0.0199826 0.045889 -0.0463684 -0.0106682 0.00151652 -0.0678732 -0.0501463 0.00254712 0.0798296 0.00203487 0.00031239 0.16987 0.359591 -0.00114375 0.0205244 -0.0447114 -0.0221102 0.0581913 0.00121054 0.00415061 0.0130917 0.000323981 -0.00621794 0.00821231 0.0227437
internal_weight=13197.6 1558.08 11639.5 2835.22 752.191 335.029 95.819 239.21 397.223 2083.03 417.162 161.034 2032 13.38 2018.62 300.347 2.55737 1.27184 297.789 109.872 96.8758 58.053 9.73045 8804.29 4151.98 1244.4 2907.58 1589.44 1318.15 731.586
internal_count=7930892 5524838 2406054 1956125 1866480 521665 7598 514067 255254 89645 1344815 449233 77506 1816 75690 105504 5270 2113 100234 34124 149750 38372 361 449929 161207 86799 74408 28129 46279 62916
is_linear=0
shrinkage=0.08


Tree=48
num_leaves=31
num_cat=0
split_feature=12 8 12 13 13 2 14 10 8 12 3 0 11 14 10 8 11 4 13 8 7 2 11 13 8 11 0 8 8 5
split_gain=709.864 278.04 32.0662 78.324 49.7982 30.9287 26.9545 19.8543 25.343 29.8091 19.8456 21.0852 18.414 17.6022 26.952 24.6269 29.2775 23.6176 15.9932 101.625 32.0587 14.5664 14.3109 14.1487 15.7759 14.0847 13.8536 13.8496 12.3873 93.2354
threshold=0.5862971655533491 0.68304757304998809 0.73754432624113486 1.0000000180025095e-35 0.29489069589888756 0.84292763157894746 1.0000000180025095e-35 0.9201769911504426 0.97081701016294797 0.71463077984817136 0.2620137299771168 0.3504385964912281 0.47222222222222227 1.0000000180025095e-35 0.9201769911504426 0.99779735682819404 0.80909090909090919 0.41428571428571431 0.08718223071048449 0.6349958624840143 0.86377084454007547 0.97220077220077228 0.41428571428571431 0.74690314987239714 0.81173769550868147 0.43650793650793657 0.78830559112249265 0.958456607495069 0.99779735682819404 0.92546296296296304
decision_type=2 2 2 2 2 2 2 2 2 2 2 2 2 2 2 2 2 2 2 2 2 2 2 2 2 2 2 2 2 2
left_child=1 -1 3 7 27 6 -6 8 12 -10 -3 -12 -2 23 18 16 -16 -17 20 -20 -15 -7 -13 28 -25 -24 -26 -5 -4 -30
right_child=2 10 13 4 5 21 -8 -9 9 -11 11 22 -14 14 15 17 -18 -19 19 -21 -22 -23 25 24 26 -27 -28 -29 29 -31
leaf_value=-0.078821016943627434 -0.02843472506369963 0.00084934415818090666 0.0083544504652457666 -0.065597537801520445 0.013602470286759807 0.12231666174708541 -0.058786644801149465 -0.046306738772678477 0.053975588267134784 -0.024813925199515977 -0.064079238851979484 -0.049376435724853528 0.0089675676457064025 0.0031677049726868095 0.019787875946277719 -0.013477285730076961 -0.010128760712018785 0.016139524236589459 -0.076656574523015775 -0.0068510597064917172 -0.021458734074633213 -0.1470080264987631 1.2709235169456168 -0.12883205189676658 -0.082170685883293917 0.03460267312240143 -0.0028033911544441265 -0.013360175892677101 0.014917985186336188 -0.035623950048831669
leaf_weight=1162.2952688036748 122.7649868469889 388.10365397682472 2854.7007223433611 259.79245968953182 81.864302207904984 15.324170500651237 55.062948933293228 46.082776334020309 124.78307726560161 40.774090380873531 71.6427759804792 20.252496194065316 268.46744745111209 1408.8957685317437 816.43567959347274 661.67210153595079 281.55601157667115 233.00263447716134 148.53892132684996 1316.2348939712247 445.22724031307735 1.4028908430918807 0.059086388500875553 6.4957835339009753 14.254797580186276 31.224227951679495 1118.3544768918655 37.124726250767708 706.69587896106532 348.92520861234516
leaf_count=5661247 109758 125848 464813 555955 13433 1224 41308 1498 1823 261 133488 21722 65638 45207 11890 7682 4594 10581 517150 73585 4617 127 26 36 408 15880 19777 5770 13128 2574
internal_value=-0.00853725 -0.0571942 -0.0014032 -0.0147011 -0.0399337 -0.00296278 -0.0155076 0.00415717 0.00833382 0.034571 -0.00803009 -0.0360069 -0.00276891 -5.11486e-05 -0.00326616 0.00408835 0.0121164 -0.0057641 -0.00768181 -0.0139299 -0.0027458 0.0997285 0.00301809 0.00333077 -0.00451528 0.0369378 -0.00380229 -0.0590661 0.00561638 -0.00178816
internal_weight=13088 1673.58 11414.4 1053.44 450.571 153.654 136.927 602.872 556.79 165.557 511.282 123.179 391.232 10361 5311.56 1992.67 1097.99 894.675 3318.9 1464.77 1854.12 16.7271 51.5358 5049.43 1139.11 31.2833 1132.61 296.917 3910.32 1055.62
internal_count=7931048 5958211 1972837 796795 617817 56092 54741 178978 177480 2084 296964 171116 175396 1176042 675306 34747 16484 18263 640559 590735 49824 1351 37628 500736 20221 15906 20185 561725 480515 15702
is_linear=0
shrinkage=0.08


Tree=49
num_leaves=31
num_cat=0
split_feature=12 8 8 9 8 3 13 5 5 8 10 11 2 6 8 7 11 7 13 5 11 10 5 8 7 4 4 0 9 10
split_gain=620.13 232.785 45.2406 148.348 68.7989 80.3822 46.087 28.609 19.5953 26.2352 90.2893 76.1316 17.4543 16.9589 14.5781 14.4647 34.1297 32.8483 31.7734 92.6526 50.8626 27.54 35.4132 39.1167 26.7056 24.4683 24.0197 18.8892 16.7023 11.5793
threshold=0.54973531775726847 0.67507961783439507 0.80104166666666676 0.27151675485008825 0.4852506091193875 0.86526825332795487 0.45616934899231554 0.97826086956521752 0.97826086956521752 0.79377196171089315 0.9201769911504426 0.61250000000000016 0.4176356589147287 1.0000000180025095e-35 0.79377196171089315 0.86377084454007547 0.61250000000000016 0.56675579322638159 0.38646707974745248 0.97826086956521752 0.58571428571428574 0.9201769911504426 0.79008567931456553 0.93377192982456148 0.93777654867256655 0.13392857142857145 0.11805555555555557 0.83910792512943055 0.85258609734400825 0.43415952672378627
decision_type=2 2 2 2 2 2 2 2 2 2 2 2 2 2 2 2 2 2 2 2 2 2 2 2 2 2 2 2 2 2
left_child=1 13 3 14 -5 7 -7 -6 12 10 11 -10 -3 -1 -2 16 18 -18 19 -4 -20 22 26 -24 27 -26 -17 -23 -19 -14
right_child=2 8 15 4 5 6 -8 -9 9 -11 -12 -13 29 -15 -16 21 17 28 20 -21 -22 24 23 -25 25 -27 -28 -29 -30 -31
leaf_value=-0.07969327271398452 0.00052851739852094123 -0.057004634833205572 -0.043701368662291566 -0.077516749058239645 -0.071061396009063763 0.047513813901483716 -0.017815076472074715 -0.01503585041145924 0.020877119644067285 -0.0028036131488285436 7.4705611332625779 0.42895820402644541 1.0482343801520901 0.17177399160545712 0.35419444712537207 0.017504796913686477 0.061944493127227718 0.013947954781646324 0.0065414724775607891 0.013057667630609315 -0.11701301860118045 0.023173990708700489 -0.080967981372363912 -0.017814441506615934 0.0048551625647597595 -0.013635031862171448 -0.0078853994480559669 0.0017047412508034608 -0.012508268668972844 0.02249481051741551
leaf_weight=996.53242931552813 2087.7650928649673 71.411733837492648 370.42746455222368 220.05511639428732 215.43036252711318 98.051379763302975 234.15184705794672 79.991918253348558 19.02176854771097 270.09836891014129 0.010594844701698913 3.4576988580811294 0.070672416826712658 1.7193504568422202 0.74619103048462321 313.44127702305559 85.007887476007454 1273.2192688548821 1488.3918818644597 365.85444816597737 21.633580964524299 551.08381238649599 70.096730875899084 600.46609662426636 1082.392934214673 794.06296172516886 996.81865872524213 500.45858919341117 173.53768801654223 20.941477970583946
leaf_count=5297342 89444 129557 148719 875875 767899 41274 63247 210157 42177 38278 5 7247 43 461 37 13182 3144 46875 13774 56894 180 10884 1257 5586 10905 18849 17371 8100 2971 8592
internal_value=-0.00824256 -0.0588789 -0.00221634 -0.0108012 -0.0390266 -0.0255314 0.00146706 -0.0558913 -0.00603466 0.00410893 0.0871264 0.0836465 -0.0381465 -0.0792602 0.000654876 0.00068537 0.00440643 0.0136143 -0.00187246 -0.0154981 0.00477135 -0.00217854 -0.00946382 -0.0244161 0.00275003 -0.00296936 -0.00181154 0.0129562 0.0107745 0.0259448
internal_weight=13006.3 1383.26 11623.1 2936.19 847.681 627.626 332.203 295.422 385.012 292.588 22.4901 22.4795 92.4239 998.252 2088.51 8686.89 3778.07 1531.76 2246.31 736.282 1510.03 4908.82 1980.82 670.563 2928 1876.46 1310.26 1051.54 1446.76 21.0122
internal_count=7930326 5523702 2406624 2047933 1958452 1082577 104521 978056 225899 87707 49429 49424 138192 5297803 89481 358691 272557 52990 219567 205613 13954 86134 37396 6843 48738 29754 30553 18984 49846 8635
is_linear=0
shrinkage=0.08


Tree=50
num_leaves=31
num_cat=0
split_feature=12 8 8 3 13 11 13 13 8 8 0 8 2 11 9 8 11 1 3 13 11 11 11 4 0 13 11 13 7 8
split_gain=591.924 212.358 39.7226 97.8146 93.0056 52.1768 95.6343 58.6739 109.272 53.439 46.2336 39.0095 32.9146 32.6975 42.9957 26.1206 78.1988 165.123 96.4214 68.8185 152.613 76.1552 66.4289 39.7104 171.446 96.1067 38.3169 741.164 95.786 23.7936
threshold=0.54973531775726847 0.66524822695035468 0.90682170542635665 0.89039039039039047 1.0000000180025095e-35 0.20714285714285716 0.58227617846191659 0.158734790482675 0.55487600223755373 0.73931311655096832 0.87841832963784194 0.86162029459901812 0.88303693570451447 0.47222222222222227 0.81266711229946542 0.99779735682819404 0.85416666666666685 0.97617697107203638 0.81016731016731025 0.74690314987239714 0.41428571428571431 0.23611111111111113 0.61250000000000016 0.22500000000000003 0.6167832167832169 0.070834486257148152 0.85416666666666685 0.58227617846191659 0.86377084454007547 0.56949043414275213
decision_type=2 2 2 2 2 2 2 2 2 2 2 2 2 2 2 2 2 2 2 2 2 2 2 2 2 2 2 2 2 2
left_child=1 -1 3 4 13 7 11 -5 -9 -8 12 -7 -6 -2 -15 19 23 18 -18 26 21 -21 -22 25 -25 -17 28 -28 -4 -12
right_child=2 -3 15 5 10 6 9 8 -10 -11 29 -13 -14 14 -16 16 17 -19 -20 20 22 -23 -24 24 -26 -27 27 -29 -30 -31
leaf_value=-0.079368238927271101 -0.036338123933299972 -0.0086742083634727529 0.0085168803724609589 0.0025455972920018365 -0.062341154893217912 0.076365873937941198 -0.13023390118569825 -0.077177056906679656 -0.0074532754247276104 -0.0043092163232002255 -0.080114640247145472 0.017019038185479785 0.13703462108149622 0.021283838595561679 -0.039541691774663518 -0.026851840731511006 0.00074312722397212633 0.066253431825742018 -0.093927472010295027 -0.0013202352339735564 -0.067885146988083275 0.043597787068840758 -0.014308009739257482 -0.20075679693975162 -0.024206255243497232 0.055861942578602095 0.019254955824001087 -0.31200735502667526 0.052485548099326457 0.10757894924900581
leaf_weight=915.55406912830949 167.21783720144595 386.8523145805957 912.18898447486572 1998.4347318622895 455.78307776607107 173.48800174235657 24.828302767360583 183.71960637313896 662.97710089744942 164.26770509441849 5.8723572443850598 119.85753724444658 5.3616990377631728 293.89726386277471 99.575357614899985 334.04328668070957 1786.4702427398297 250.76687898750242 71.613121181246242 886.55431761778891 269.24322460033 332.04148118942976 329.19378656544723 37.881166959647089 497.75178961071651 123.01064166461583 866.02174541400746 45.497488416032866 486.06921542063355 16.378569637890905
leaf_count=5266041 180651 255975 60706 38539 1041914 25279 323 771112 41067 2318 21230 761 1677 102481 1115 3597 17634 24502 4136 3948 2108 2035 7073 575 9098 4729 14620 1485 19133 764
internal_value=-0.00723212 -0.0583701 -0.00149054 -0.00751026 -0.0288734 -0.000807197 0.0235201 -0.00493231 -0.0225822 -0.0208431 -0.0545884 0.0521175 -0.060023 -0.00670334 0.00589084 0.00215014 -0.00339714 0.00531821 -0.00290561 0.00631925 -0.00532842 0.010919 -0.0384129 -0.0219119 -0.0366923 -0.00459041 0.0154821 0.00272036 0.0238015 0.0580438
internal_weight=12902.4 1302.41 11600 4371.66 1044.09 3327.57 482.442 2845.13 846.697 189.096 483.396 293.346 461.145 560.69 393.473 7228.35 3101.54 2108.85 1858.08 4126.81 1817.03 1218.6 598.437 992.687 535.633 457.054 2309.78 911.519 1398.26 22.2509
internal_count=7926626 5522016 2404610 2229231 1349832 879399 28681 850718 812179 2641 1065585 26040 1043591 284247 103596 175379 64271 46272 21770 111108 15164 5983 9181 17999 9673 8326 95944 16105 79839 21994
is_linear=0
shrinkage=0.08


Tree=51
num_leaves=31
num_cat=0
split_feature=12 8 12 11 2 5 10 3 8 8 8 8 10 12 9 8 8 14 8 7 8 11 5 9 12 8 12 9 5 2
split_gain=553.46 175.505 41.1467 108.026 42.1044 48.5435 33.045 25.2083 33.7905 19.3026 18.8969 17.2373 15.5137 23.2158 16.2043 15.8791 15.7839 15.6901 29.8263 17.5805 14.2412 35.0972 24.8083 13.0006 21.4534 13.9374 12.4349 15.9259 12.3908 12.1167
threshold=0.53863716192483324 0.67507961783439507 0.77811044577511668 0.47222222222222227 0.87226107226107241 0.35388994307400384 0.94349298500241907 0.95916666666666683 0.83939594356261038 0.74527629233511605 0.86162029459901812 0.97081701016294797 0.97339233038348094 0.95820858283433152 0.95949851585689738 0.99779735682819404 0.93377192982456148 1.0000000180025095e-35 0.97081701016294797 0.93777654867256655 0.99779735682819404 0.69047619047619058 0.65058139534883741 0.37770007770007774 0.38903903903903908 0.99779735682819404 0.44854148966298507 0.33076786454324791 0.97826086956521752 0.33568075117370899
decision_type=2 2 2 2 2 2 2 2 2 2 2 2 2 2 2 2 2 2 2 2 2 2 2 2 2 2 2 2 2 2
left_child=1 -1 3 7 5 10 -7 8 -2 -6 -5 -3 14 20 17 -16 -15 18 -4 -19 21 -14 -22 26 -25 -26 -13 -28 -10 -18
right_child=2 11 12 4 9 6 -8 -9 28 -11 -12 23 13 16 15 -17 29 19 -20 -21 22 -23 -24 24 25 -27 27 -29 -30 -31
leaf_value=-0.078924389834290676 -0.070589008957152977 -0.026150117436742653 0.0071302025162020381 -0.070371190748132292 0.41013129268853443 0.0098764276632613366 -0.050328761176067084 -0.014228181884639472 -0.043134026411630784 0.1121277187307919 -0.014801083112787607 -0.038345890704935923 0.077927635684575211 0.087149978062882494 -0.04744650331835347 0.007539133112061701 0.0086580475567295517 -0.0061649705612743548 -0.0091550892645912187 0.0097441143446165921 0.034808909319790464 0.0090347251335895946 -0.0093579686531737784 0.39859817629394584 0.32830450531904959 0.022320750493288445 0.17704374135980572 -0.011960480855700209 0.0044341720678136801 -0.0055325825561492181
leaf_weight=829.77060734848783 251.52938633444137 195.00424856434984 2895.606950848538 76.428148165010498 1.6291992937185558 918.1807860705012 62.306165510381106 147.71646296542895 77.896900446590735 9.5176379780168627 80.324756014859304 45.647979787667282 82.848683189018629 13.758299462497233 92.662121532252058 52.746953866910189 721.40442455047742 3424.2044017573207 957.85407678208139 510.87609960301779 152.15128478826955 110.37950333137996 175.01562786172144 0.99954935919958998 0.96365941956173529 83.89575675316155 4.2671903737355015 8.610998716671018 63.710643361322582 826.01963725860696
leaf_count=5157964 877347 190981 420893 179344 86 291308 1552 64610 54946 165 15367 5280 1659 139 1352 1088 5606 579314 20113 8119 3052 1256 1436 116 75 4345 384 716 22217 19653
internal_value=-0.00661801 -0.0591014 -0.00137558 -0.0129252 0.000958473 -0.000558087 0.00605062 -0.0424042 -0.052991 0.155683 -0.0418954 -0.0106365 0.000572407 0.00671935 -0.00104032 -0.0275005 0.00184153 -0.000546323 0.00308217 -0.00409956 0.0213528 0.0385733 0.0111822 0.010316 0.0301356 0.0257955 -0.0187596 0.0506661 -0.0217326 0.00108305
internal_weight=12873.9 1169.16 11704.8 1689.24 1148.39 1137.24 980.487 540.853 393.137 11.1468 156.753 339.389 10015.5 2081.58 7933.95 145.409 1561.18 7788.54 3853.46 3935.08 520.395 193.228 327.167 144.385 85.859 84.8594 58.5262 12.8782 141.608 1547.42
internal_count=7930483 5359861 2570622 1506942 487822 487571 292860 1019120 954510 251 194711 201897 1063680 32801 1030879 2440 25398 1028439 441006 587433 7403 2915 4488 10916 4536 4420 6380 1100 77163 25259
is_linear=0
shrinkage=0.08


Tree=52
num_leaves=31
num_cat=0
split_feature=8 7 14 8 7 13 10 14 7 5 0 3 9 10 1 4 2 3 3 2 7 11 7 8 8 9 8 3 8 8
split_gain=231.825 638.805 24.8024 37.1319 55.1251 46.4296 39.5213 19.4023 27.7304 52.477 33.5173 61.166 39.4801 24.5768 23.8906 45.7499 50.9898 40.1939 39.125 35.1098 20.7853 20.1255 40.4339 22.8915 19.324 18.309 21.6969 19.3756 15.9826 14.4589
threshold=0.66524822695035468 0.29465524275805799 1.0000000180025095e-35 0.54769487412799522 0.43981230040624802 0.35590281089462766 0.36913919413919422 1.0000000180025095e-35 0.67595920349684324 0.97826086956521752 0.82972848596410509 0.94868421052631591 0.77807807807807827 0.76720944257775492 0.43288288288288296 1.0000000180025095e-35 0.92450142450142458 0.30940170940170947 0.60232558139534886 0.56070175438596503 0.69891215346824198 0.30384615384615393 0.98496155585707845 0.99779735682819404 0.99779735682819404 0.36804907975460127 0.68304757304998809 0.64142857142857157 0.83939594356261038 0.958456607495069
decision_type=2 2 2 2 2 2 2 2 2 2 2 2 2 2 2 2 2 2 2 2 2 2 2 2 2 2 2 2 2 2
left_child=1 -1 3 -3 5 -5 -6 13 9 10 12 -12 -9 20 17 16 -16 24 -17 -19 25 22 23 -15 -10 26 -2 -27 -22 -23
right_child=7 2 -4 4 6 -7 -8 8 14 -11 11 -13 -14 21 15 18 -18 19 -20 -21 28 29 -24 -25 -26 27 -28 -29 -30 -31
leaf_value=0.0015158877973998842 0.15054265530253752 -0.069873626960122795 -0.078528001663253924 0.035090182391129723 3.1843281510634927 0.40729891938079088 -0.028976921963489999 -0.067080523145733748 0.0067224215126944296 -0.0014663796384161458 0.19553419981133974 -0.02673132308265621 1.002820790970212 -0.011183202050278793 0.014747986389505379 0.21213269093477338 0.12467988714222389 -0.034091672644663541 0.0016593987566033152 0.216222596764438 -0.04840735662924029 0.014610800018716997 0.038519485132604683 -0.052866092026767668 -0.010102212790231182 0.0023416751756150708 -0.011550642222810025 0.035714134687515504 0.0048984996901718768 0.00016135290836493622
leaf_weight=2091.5726357581443 5.5103923874121383 168.39173554643639 918.96912657709618 5.3107997092884016 0.024506559464497424 3.5979995964153204 60.718948715832084 176.6845344392641 847.252476787864 528.23997204293846 8.4636269250331662 124.28678479813971 0.22101080275024187 690.41963679461333 76.792014900682261 5.6683787219226351 41.648540775175206 349.96539976893109 2017.1728774276417 3.623350889683933 38.915576368977781 600.32036566319584 96.800946889678016 96.052361218375154 902.07922736299224 146.69875836696883 129.21984899311792 461.96758401389525 480.15780784518574 1693.5419185992068
leaf_count=123533 2603 824375 5711264 15444 102 1033 181022 352347 78195 191358 444 4457 244 13589 5923 486 940 97319 34496 108 17037 40648 1670 1724 6733 134809 19633 11061 21887 36091
internal_value=-0.00641572 -0.0248693 -0.0725666 -0.0495528 -0.000424868 0.185414 -0.0276805 -0.000119799 -0.00349508 -0.016795 -0.042944 -0.0125606 -0.0657439 0.00374395 -0.000869388 0.00507874 0.0534045 -0.00692602 0.00224918 -0.0315266 0.0131865 -8.14379e-06 -0.010269 -0.016274 -0.00195355 0.021764 -0.00492112 0.0276708 0.000902093 0.00394288
internal_weight=12770.3 3248.59 1157.01 238.044 69.6523 8.9088 60.7435 9521.7 5082.1 837.896 309.656 132.75 176.906 4439.61 4244.2 2141.28 118.441 2102.92 2022.84 353.589 1262.47 3177.14 883.273 786.472 1749.33 743.397 134.73 608.666 519.073 2293.86
internal_count=7930575 6856773 6733240 1021976 197601 16477 181124 1073802 773050 548850 357492 4901 352591 300752 224200 41845 6863 182355 34982 97427 207030 93722 16983 15313 84928 168106 22236 145870 38924 76739
is_linear=0
shrinkage=0.08


Tree=53
num_leaves=31
num_cat=0
split_feature=12 10 11 12 11 7 13 7 13 13 2 12 12 4 4 2 7 10 10 5 10 3 13 13 9 0 0 14 4 10
split_gain=435.137 170.469 24.4185 85.6657 102.315 49.728 72.4497 48.5469 44.7509 75.4687 39.4778 31.9918 49.6452 58.7078 30.6842 101.987 27.3287 25.5885 19.9759 18.7707 18.3934 15.8826 15.2011 14.8351 14.415 66.0706 19.1301 12.4121 10.9422 10.9349
threshold=0.54973531775726847 0.5885620915032681 0.61250000000000016 0.81266711229946542 0.5277777777777779 0.93777654867256655 0.74690314987239714 0.46920477274294781 1.0000000180025095e-35 0.29489069589888756 0.91547619047619044 0.85462315462315475 0.99767441860465123 0.63333333333333341 0.55000000000000016 0.710394265232975 0.98496155585707845 0.97339233038348094 0.53302180685358269 0.59417229729729748 0.94349298500241907 0.23303167420814483 0.58227617846191659 0.18028169014084511 0.46404419889502763 0.87068004459308812 0.72902097902097918 1.0000000180025095e-35 0.63333333333333341 0.9201769911504426
decision_type=2 2 2 2 2 2 2 2 2 2 2 2 2 2 2 2 2 2 2 2 2 2 2 2 2 2 2 2 2 2
left_child=1 -1 3 8 14 6 -6 19 29 -10 -11 17 13 -13 15 -5 -16 20 -14 24 -9 -3 -19 -23 26 -26 -4 28 -25 -2
right_child=2 21 7 4 5 -7 -8 11 9 10 -12 12 18 -15 16 -17 -18 22 -20 -21 -22 23 -24 27 25 -27 -28 -29 -30 -31
leaf_value=-0.074979071025396346 -0.0036606365181717066 0.0018113900284773652 -0.070817946673067303 -0.0033365787728182224 -0.062646958169945879 -0.013564550962359395 -0.26465954934457031 0.013709906183193643 -0.066029755287303704 -0.017530653718362404 0.096831650017716112 -0.0061892121162641601 -0.11470669291505665 -0.061485219541138357 -0.002348244684496095 0.052991649631994153 0.032601639647436502 0.078561214551334094 0.010797119470759437 0.76508725731456284 -0.026030507058051825 -0.05939914267100526 -0.094290872903398062 0.054584972634037374 0.9345777413516192 0.076060606796007221 0.098829714472054672 -0.05557275861053923 0.6167513798065859 -0.052027502869031482
leaf_weight=751.39990433385537 472.53768821385165 270.21708173509978 5.0095018953288664 656.53068685279868 28.995236150803976 32.570732186548412 18.68347904831171 1173.9286587168026 314.80390763891046 262.29134874636657 20.854167887417134 1572.8756615618477 8.1660774436604679 133.29589386243606 4877.2452080221992 299.59470415106625 147.51900181313977 50.533514982671477 1338.7574679264944 0.26548051740974088 79.591390424815472 59.549395677197026 3.4804226132109752 13.732587554462951 0.70824094973795526 3.0202301943791099 28.208566980931209 9.3189276397024514 0.22522588630090545 31.937537579389755
leaf_count=5186106 258921 116636 1473 41203 713 314 131 159596 886746 124858 1705 22054 135 3076 836123 24152 2083 867 35362 36 1217 185261 160 7672 280 73 1851 29384 8 2020
internal_value=-0.00545992 -0.0534354 -0.000876893 -0.0037576 -2.65931e-05 -0.089758 -0.141808 0.00381544 -0.0242707 -0.0390756 -0.00910767 0.00303898 -0.00144528 -0.0105093 0.00117739 0.0143134 -0.00132217 0.0135097 0.0100362 0.0948034 0.0111866 -0.0075829 0.0674234 -0.0382314 0.089987 0.23914 0.0732457 0.0159225 0.0636562 -0.00672267
internal_weight=12665.8 1104.44 11561.4 7163.56 6061.14 80.2494 47.6787 4397.84 1102.42 597.949 283.146 4360.63 3053.1 1706.17 5980.89 956.125 5024.76 1307.53 1346.92 37.212 1253.52 353.043 54.0139 82.8261 36.9465 3.72847 33.2181 23.2767 13.9578 504.475
internal_count=7930216 5525067 2405149 2178969 904719 1158 844 226180 1274250 1013309 126563 222467 60627 25130 903561 65355 838206 161840 35497 3713 160813 338961 1027 222325 3677 353 3324 37064 7680 260941
is_linear=0
shrinkage=0.08


Tree=54
num_leaves=31
num_cat=0
split_feature=12 8 14 12 13 10 10 9 10 13 7 3 8 7 2 5 2 8 11 3 11 7 8 3 13 13 2 3 1 12
split_gain=381.123 181.845 28.3312 44.343 64.1596 19.6567 75.8214 153.761 16.7639 74.647 31.8945 16.0654 14.7154 14.5654 31.766 42.5747 33.9096 33.1654 24.1303 20.7552 20.4611 63.6229 31.5809 31.5527 20.7528 19.7215 12.9443 30.583 11.9733 63.4375
threshold=0.5310234488275587 0.66524822695035468 1.0000000180025095e-35 0.66813509544787097 1.0000000180025095e-35 0.77696478391324952 0.78755641521598985 0.47546715579502469 0.68438714235252573 1.0000000180025095e-35 0.77621759622937958 0.25320512820512825 0.73353057199211047 0.93777654867256655 0.33568075117370899 0.92546296296296304 0.7748518762343648 0.99779735682819404 0.38750000000000007 0.74179894179894201 0.29285714285714287 0.60399362083859398 0.72141523137580432 0.69666329625884738 0.58227617846191659 0.30527651355599622 0.91547619047619044 0.83935483870967753 0.4673758865248227 0.92695630081300828
decision_type=2 2 2 2 2 2 2 2 2 2 2 2 2 2 2 2 2 2 2 2 2 2 2 2 2 2 2 2 2 2
left_child=1 5 13 4 12 -1 7 -7 9 -5 -11 -3 -4 20 15 19 18 -17 -16 -15 23 25 -23 -2 -25 -22 -6 -28 -10 -30
right_child=2 11 3 8 26 6 -8 -9 28 10 -12 -13 -14 14 16 17 -18 -19 -20 -21 21 22 -24 24 -26 -27 27 -29 29 -31
leaf_value=-0.0789395916776722 -0.070182380586360657 0.0049358690042206228 -0.045961504120112323 -0.0021261274112507745 -0.06999957570682605 -0.080013089714240454 -0.080027651343717476 19.861408264293676 -0.0054439422296213074 -0.061277951715434452 0.0073649704154259664 -0.040903973046614472 -0.0015808182391927033 0.026857854556129088 0.011453018700915769 0.034266002311305707 -0.0047370690437242473 -0.032221566810047945 -0.054900739366203884 -0.15411073740706571 0.013055040324940804 -0.094271531543127507 0.0050889916588818572 -0.0041492245496723692 0.013055228089877838 0.054258743220390954 2.7196741559035824 0.085998497728557041 0.027712019014432356 -0.004532702706804813
leaf_weight=642.72272683495248 40.942533541558078 247.78670403668366 56.607318160313298 1181.8171806858445 172.36014212484588 0.0064587456581638447 0.04032872844254598 0.0040117500902852044 1969.8345505343896 225.77578751060355 53.607737386919325 60.971539849866531 307.83916556410259 379.49688995443285 43.394051370676607 62.703003879636526 489.38581093453104 204.99086944572628 182.98853301501367 4.0998448291793457 107.47701739837066 20.747047748591285 1548.5445248847536 1594.5346973900887 624.44399780532694 241.15871015713492 0.028559866448630955 2.3612578096217476 513.61350647223298 1628.9215984376351
leaf_count=5022454 85348 94734 203352 45640 789290 40 230 24 139088 601392 3989 114912 60795 3518 1159 521 11314 1660 3927 161 97865 33281 110013 445576 6613 9565 37 3009 11969 29291
internal_value=-0.005894 -0.0545765 -0.0019204 -0.00567657 -0.0275833 -0.0788152 1.4948 7.5605 -0.00355728 -0.0109177 -0.0481068 -0.00411628 -0.00847421 0.00222044 -0.00494739 0.0078369 -0.01658 -0.0166479 -0.0421817 0.0249237 0.00456586 0.0106431 0.00377538 -0.000591732 0.00069229 0.0415565 -0.0674358 0.117473 -0.000941991 0.00319708
internal_weight=12609.2 951.532 11657.7 6112.77 539.196 642.774 0.0507992 0.0104705 5573.57 1461.2 279.384 308.758 364.446 5544.91 1367.06 651.291 715.768 267.694 226.383 383.597 4177.85 1917.93 1569.29 2259.92 2218.98 348.636 174.75 2.38982 4112.37 2142.54
internal_count=7930767 5232394 2698373 1887852 1056483 5022748 294 64 831369 651021 605381 209646 264147 810521 22260 5860 16400 2181 5086 3679 788261 250724 143294 537537 452189 107430 792336 3046 180348 41260
is_linear=0
shrinkage=0.08


Tree=55
num_leaves=31
num_cat=0
split_feature=12 9 10 9 10 10 12 11 9 0 5 13 2 5 14 10 13 7 7 7 2 5 2 11 7 3 1 4 0 1
split_gain=401.171 133.953 101.684 30.755 58.8533 533.159 22.9982 38.2216 16.2959 17.7215 25.7995 15.5497 14.1661 15.4392 12.8631 23.2179 64.9471 40.2079 15.482 14.9053 38.0538 46.5999 31.7464 15.7519 63.1826 27.469 14.6068 43.2439 34.5343 12.1636
threshold=0.53528240147958461 0.7335008375209382 0.5932608871948748 0.53361581920903967 0.77696478391324952 0.78755641521598985 0.62912287060529193 0.41428571428571431 0.29857499831160944 0.58123167155425226 0.1126984126984127 0.058831255118280586 0.6861407249466952 0.69631093544137035 1.0000000180025095e-35 0.70944863875543362 1.0000000180025095e-35 0.74298820445609448 0.86377084454007547 0.93777654867256655 0.33568075117370899 0.65571120689655182 0.78319623971797891 0.29285714285714287 0.6003802281368823 0.69666329625884738 0.41444372153545878 1.0000000180025095e-35 0.20144927536231885 0.98979591836734704
decision_type=2 2 2 2 2 2 2 2 2 2 2 2 2 2 2 2 2 2 2 2 2 2 2 2 2 2 2 2 2 2
left_child=1 2 -1 -4 -5 -6 7 11 9 -9 -11 29 13 -10 19 16 18 -18 -16 23 21 -21 -22 25 -25 -8 28 -28 -17 -2
right_child=6 -3 3 4 5 -7 14 8 12 10 -12 -13 -14 -15 15 26 17 -19 -20 20 22 -23 -24 24 -26 -27 27 -29 -30 -31
leaf_value=-0.074086931200541384 -0.028910349898052506 -10.748461656657824 -0.010712708825674979 -0.054823829640863062 -3.7391523853389508 -0.085975627622023931 -0.080148017781379935 0.19510375596414054 -0.037941430754544918 2.2581748337437308 -0.080992227595759483 -0.070972341357275578 0.10463005186199702 0.0035364571638703541 -0.00094463220341978334 -0.00040365404794364627 -0.057785130950881988 0.0017414693058733842 -0.047210812052900897 0.031749302880784779 -0.041918828072674837 -0.010759979879682906 -0.0059251389162115623 0.047866382056052884 0.0043830007662491897 0.0013111384313579933 0.051249697428755979 0.0019402060876645563 -0.030230672104966164 0.11507633791130444
leaf_weight=628.3652201884679 59.364035181242798 0.0074985062892655155 276.75959138059534 13.681806265194611 0.28461910914302224 2.5145490915310802 26.816779935717932 0.83676458780246221 74.980959302301926 0.068371097077033482 0.054018026392441243 94.965040520692128 7.559225190379947 245.4319995306796 1233.6070216675289 1675.0185931030283 259.46724900066329 100.84859657271591 48.093798966961913 308.12721615144983 232.33521619183011 355.41517533641309 482.55437688430538 248.24823951756116 1543.8802897607529 2199.510646381299 120.66656467095891 2008.0210749273247 291.69792982157378 4.0084160714177406
leaf_count=5039842 154411 25 201332 61617 201 860 34148 387 240763 15 45 495776 685 108602 83537 73987 712096 11642 594 2719 5214 3163 11258 10710 118728 440930 7546 36362 73206 291
internal_value=-0.00521564 -0.0560209 -0.0559339 -0.017035 -0.123203 -0.45743 -0.00118668 -0.0181985 -0.00265322 0.326616 1.22575 -0.0504925 -0.00361617 -0.00616993 -0.000442197 -0.0030794 -0.0111166 -0.0411243 -0.0026807 0.00236141 -0.00481696 0.00897993 -0.0176229 0.00482377 0.0104064 0.000329939 0.000143025 0.00473536 -0.00482751 -0.0198029
internal_weight=12543.2 921.613 921.606 293.241 16.481 2.79917 11621.6 487.269 328.931 0.959154 0.122389 158.337 327.972 320.413 11134.3 5737.42 1642.02 360.316 1281.7 5396.89 1378.43 663.542 714.89 4018.46 1792.13 2226.33 4095.4 2128.69 1966.72 63.3725
internal_count=7930692 5303877 5303852 264010 62678 1061 2626815 1000975 350497 447 60 650478 350050 349365 1625840 998970 807869 723738 84131 626870 22354 5882 16472 604516 129438 475078 191101 43908 147193 154702
is_linear=0
shrinkage=0.08


Tree=56
num_leaves=31
num_cat=0
split_feature=12 10 9 10 10 13 2 14 10 13 7 13 13 5 10 9 7 11 7 5 13 10 5 10 5 13 5 2 3 10
split_gain=357.508 102.161 37.5087 90.7646 581.865 22.8095 39.7623 18.3652 41.7194 98.2439 43.5038 17.2762 16.4426 12.6686 43.9394 11.0132 10.4389 26.2558 34.1968 28.9619 24.4024 22.8606 22.6941 17.3841 18.0113 16.3333 31.3906 20.0018 15.8625 14.947
threshold=0.5310234488275587 0.5885620915032681 0.53361581920903967 0.77696478391324952 0.78755641521598985 0.27384452076612159 0.94281045751633996 1.0000000180025095e-35 0.70944863875543362 1.0000000180025095e-35 0.74298820445609448 0.43532299990372586 0.037889831257178201 0.21132376395534294 0.77696478391324952 0.29340579710144932 0.86377084454007547 0.29285714285714287 0.60399362083859398 0.1126984126984127 0.58227617846191659 0.81505071950931851 0.41277890466531447 0.8597311034595837 0.096006144393241177 0.58227617846191659 0.57294832826747732 0.7435215946843855 0.41101055806938164 0.44399641577060939
decision_type=2 2 2 2 2 2 2 2 2 2 2 2 2 2 2 2 2 2 2 2 2 2 2 2 2 2 2 2 2 2
left_child=1 5 12 -4 -5 -1 -7 16 9 -9 11 -11 13 14 -3 -15 17 19 29 21 -21 -2 -20 24 28 26 -25 -27 -18 -19
right_child=7 2 3 4 -6 6 -8 8 -10 10 -12 -13 -14 15 -16 -17 23 18 22 20 -22 -23 -24 25 -26 27 -28 -29 -30 -31
leaf_value=-0.074520620558697209 0.0067498497796516874 -0.080213967064078087 -0.064019157963451603 -4.181575557697597 -0.085160490608966577 -0.080017579707499703 4.9379690339349569 -0.0039581583375539109 -3.5707457362512651e-05 -0.071884975171675497 -0.00061998515011436048 -0.032478913585331559 -0.048742845305327784 -0.043310671697604615 2.3358013470628065 0.007830996634582912 0.10638176215282799 -0.06300010095096388 -0.0080980594626383316 -0.032083570346632187 0.076574484866754847 -0.018084955752857037 0.017065445770592651 0.026504917471040487 -0.027571355113500867 -0.04121448049705867 -0.0034785157293967008 -0.0020570103971223035 -0.0020112419080222876 0.038565198254124404
leaf_weight=572.39955963667421 1497.6322582645375 0.17676857746113128 11.596494809713311 0.25919283338384946 1.5431688657429194 0.027617312684013906 0.015939077085931785 1386.8244189596517 4259.940424910521 246.5819954518156 100.03556106479664 100.11202604147547 53.22563543189608 31.616971022849611 0.066225612885318696 182.53423166518678 9.0057193941902351 9.5433083008900876 410.35008215191192 239.55308345476442 14.000976087991146 281.86260454173316 520.10471235902514 381.2827367100399 304.61667060281616 94.712073433329351 539.90623800735921 704.42557326122187 213.19051013846183 327.99271909007587
leaf_count=4959849 344930 380 59763 173 717 229 7 283675 238305 1271053 11560 83874 131373 10012 50 68723 328 7027 68033 187971 319 2661 60740 6308 6252 2237 6388 13765 3769 100645
internal_value=-0.00501049 -0.0549884 -0.0154845 -0.146106 -0.674255 -0.0743813 1.75627 -0.00134656 -0.00437852 -0.0144683 -0.0470958 -0.060506 -0.00894472 0.000935582 0.578247 0.000280515 0.00198339 0.00484647 0.0138807 -0.000788117 -0.0260836 0.00281615 0.00596781 -0.00222245 -0.0149378 0.00167135 0.00893171 -0.00669787 0.00238198 0.0356936
internal_weight=12495.1 853.462 281.019 13.3989 1.80236 572.443 0.0435564 11641.7 6093.49 1833.55 446.73 346.694 267.62 214.394 0.242994 214.151 5548.18 3301.04 1267.99 2033.05 253.554 1779.49 930.455 2247.14 526.813 1720.33 921.189 799.138 222.196 337.536
internal_count=7931116 5231276 271191 60653 890 4960085 236 2699840 1888467 1650162 1366487 1354927 210538 79165 430 78735 811373 772326 236445 535881 188290 347591 128773 39047 10349 28698 12696 16002 4097 107672
is_linear=0
shrinkage=0.08


Tree=57
num_leaves=31
num_cat=0
split_feature=12 8 10 9 10 9 8 3 5 11 9 7 11 8 6 8 10 6 3 3 1 4 4 5 1 12 2 5 2 3
split_gain=304.662 181.34 612.846 680.144 5669.39 5708.82 25.2042 78.9197 133.135 45.7768 39.6787 38.2924 40.9806 38.1857 32.8321 119.467 21.3016 14.1882 15.3715 14.1825 54.7799 66.2198 134.314 66.1801 49.9528 109.727 50.6459 42.538 41.2275 30.5029
threshold=0.5310234488275587 0.66524822695035468 0.77696478391324952 0.51027445460943011 0.78755641521598985 0.38022348969852177 0.92012269938650315 0.64400921658986177 0.97826086956521752 0.29285714285714287 0.51567413522012584 0.86377084454007547 0.47222222222222227 0.62694634933440918 1.0000000180025095e-35 0.55938129666943237 0.44141037589313464 1.0000000180025095e-35 0.98888888888888904 0.80384615384615399 0.25844402277039852 0.18333333333333338 0.36666666666666675 1.0000000180025095e-35 0.48834688346883476 0.92695630081300828 0.60943257184966848 0.35067567567567576 0.38529014844804321 0.60232558139534886
decision_type=2 2 2 2 2 2 2 2 2 2 2 2 2 2 2 2 2 2 2 2 2 2 2 2 2 2 2 2 2 2
left_child=1 2 17 4 5 -4 7 8 -2 14 16 12 -10 -12 15 -9 -11 -1 -19 24 -21 23 -23 -22 26 27 29 -26 -27 -8
right_child=6 -3 3 -5 -6 -7 19 9 11 10 13 -13 -14 -15 -16 -17 -18 18 -20 20 21 22 -24 -25 25 28 -28 -29 -30 -31
leaf_value=-0.078838201764542967 -0.066730154868671079 -0.0024751803118493558 -0.080011886336706708 -2.0895367543417964 -0.080031852273619572 -165.31144950940691 0.003690831334996559 -0.075783893692116508 -0.045284153852786939 -0.053444366972666718 -0.15211137037902783 -0.066844504104843716 0.012488407748985679 0.008867214514971725 0.001086596063159861 -0.0040086718031455753 0.055249622863571601 -0.0057171220421034265 0.70017705391020157 -0.31789069236720563 -0.23447963122973028 -0.066848735958608491 0.00029040553742092269 0.070534368860548743 0.075211606611294612 0.20961308965852027 0.31729442592654894 0.20117422319025302 -0.02575820715405925 -0.04434886027147119
leaf_weight=512.5341287666613 339.94799417260947 297.49534396057038 0.0024814193602843418 0.44227201146484529 0.030122699165076483 0.0029049257527731243 3258.2037921629926 179.27398915565573 95.211216430760942 12.303620813268934 9.644815901949185 56.405475517502055 449.87753067228823 424.8322034707453 2044.9778646180639 862.2136004822969 185.76376799081481 0.55280449707060952 0.30711694341152906 3.5126301650889209 4.7491656321217297 203.41969047111343 3049.4953516876849 110.04496379665215 81.190575607237406 5.0019294123630962 3.2729495172388843 21.756037242128514 99.614889917895198 86.845087713212706
leaf_count=5023005 1079614 209317 17 61 178 26 92577 970290 199282 13830 5299 900 118866 16483 43550 65854 25311 317 21 49 93 4478 53756 3211 1928 51 38 527 1676 1600
internal_value=-0.0047911 -0.0521819 -0.0809586 -2.9448 -13.5973 -89.1915 -0.00147277 -0.00602152 -0.0267127 -0.000783686 0.0188221 -0.00409597 0.00239721 0.0052937 -0.00480172 -0.0163635 0.0484977 -0.0782935 0.24639 0.00158757 -0.00213009 -0.00180075 -0.00390811 0.0579156 0.00511217 0.0431955 0.00275137 0.101832 -0.0145047 0.00244361
internal_weight=12398.9 811.367 513.872 0.477781 0.035509 0.00538635 11587.6 4660.45 941.442 3719.01 632.544 601.494 545.089 434.477 3086.47 1041.49 198.067 513.394 0.859921 6927.11 3371.22 3367.71 3252.92 114.794 3555.89 207.563 3348.32 102.947 104.617 3345.05
internal_count=7932205 5232942 5023625 282 221 43 2699263 2539279 1398662 1140617 60923 319048 318148 21782 1079694 1036144 39141 5023343 338 159984 61587 61538 58234 3304 98397 4182 94215 2455 1727 94177
is_linear=0
shrinkage=0.08


Tree=58
num_leaves=31
num_cat=0
split_feature=12 8 10 12 8 9 3 3 12 13 8 11 14 11 7 8 11 8 12 13 2 4 9 8 10 12 12 14 1 1
split_gain=282.652 178.032 24.3376 22.5229 63.9564 20.1212 54.6155 17.2822 17.8824 11.9665 15.0257 27.6806 86.4279 10.8063 60.4507 40.6972 32.7486 29.1041 28.6117 49.5284 43.7751 56.1407 32.4072 28.0468 27.7502 21.21 12.1665 10.7864 19.2128 14.8352
threshold=0.53863716192483324 0.66524822695035468 0.77696478391324952 0.66813509544787097 0.74527629233511605 0.77807807807807827 0.41444372153545878 0.89039039039039047 0.54416766706682684 0.037889831257178201 0.75882841711674287 0.61250000000000016 1.0000000180025095e-35 0.29285714285714287 0.58191438191438205 0.99779735682819404 0.47222222222222227 0.7277982133473464 0.83368794326241147 0.58227617846191659 0.98979591836734704 0.77500000000000013 0.30315449577744663 0.99779735682819404 0.693997599039616 0.85462315462315475 0.80109890109890125 1.0000000180025095e-35 0.67261904761904767 0.58198924731182811
decision_type=2 2 2 2 2 2 2 2 2 2 2 2 2 2 2 2 2 2 2 2 2 2 2 2 2 2 2 2 2 2
left_child=1 2 -1 4 5 7 -7 -2 -9 10 11 -3 -13 18 15 16 -15 -16 19 22 21 -20 -5 -22 -17 -19 -21 -6 29 -29
right_child=3 9 -4 13 27 6 -8 8 -10 -11 -12 12 -14 14 17 24 -18 25 20 26 23 -23 -24 -25 -26 -27 -28 28 -30 -31
leaf_value=-0.078244394388009092 -0.066869872971743155 0.027627228431578353 -0.32262965907693592 -0.0030106345507880197 0.015007522028553886 -0.080092091566430615 5.9437781552081921 0.62176364025582986 0.0039819807507778032 -0.034109267188490326 -4.6807859984900215e-05 1.6458974993314843 0.16299834762458537 0.0013120032091963004 -0.073382178864886002 -0.54670186183783054 0.06382487821858808 0.0095083148645480585 0.0127617427826556 0.26371085736026667 -0.0022310750931155711 0.10199343686134318 -0.053472626122673325 -0.04008423491791769 -0.08772966144756561 -0.0013818370303730579 0.083600748683925322 -0.0067382077100170655 -0.098099265895065305 0.15910982528225531
leaf_weight=487.98540976862915 149.44550583472301 11.146720873030615 2.6220091480415126 150.23727960468386 183.60968761291588 0.035068416225839338 0.013280550607305486 0.30471339604992209 18.87411271082965 63.807693870397372 245.24743219968542 0.27810820451772711 2.6332875557255813 76.465333751999424 33.467497615150933 1.0055599584156869 179.61895143974107 1542.8466887554969 416.61746264975227 3.6102486182935518 3637.2111448685755 50.606567502909456 177.89566275336256 129.74196923943236 5.217980104192975 4434.2445219335495 7.1622387000825256 328.2603354777093 14.818450522216152 3.4885445648251325
leaf_count=5133285 954212 38980 302 27744 52250 50 21 287 25146 134219 47781 641 6117 11261 28188 287 9980 179758 77657 116 722877 9821 242742 4128 1202 87747 254 131969 1063 635
internal_value=-0.00361179 -0.0491828 -0.0795505 -0.000399777 -0.0143202 -0.0572272 1.57455 -0.057695 0.0137973 -0.00307323 0.00456385 0.084998 0.304651 0.000497171 0.00265326 0.0402465 0.0451589 0.00101264 -0.00246032 -0.0248271 -0.00067007 0.0224267 -0.0303684 -0.00353482 -0.161887 0.0014292 0.143962 -0.000669545 -0.00897518 -0.00499421
internal_weight=12358.5 813.721 490.607 11544.8 698.85 168.673 0.048349 168.624 19.1788 323.113 259.306 14.0581 2.9114 10845.9 6272.87 262.308 256.084 6010.56 4573.08 338.905 4234.18 467.224 328.133 3766.95 6.22354 5977.09 10.7725 530.177 346.567 331.749
internal_count=7930720 5361325 5133587 2569395 1165633 979716 71 979645 25433 227738 93519 45738 6758 1403762 318423 22730 21241 295693 1085339 270856 814483 87478 270486 727005 1489 267505 370 185917 133667 132604
is_linear=0
shrinkage=0.08


Tree=59
num_leaves=31
num_cat=0
split_feature=12 8 8 3 5 0 4 1 9 11 0 12 8 10 13 8 12 12 4 5 8 12 11 1 11 5 10 2 4 8
split_gain=242.422 188.473 20.6524 59.1967 61.4966 52.5738 45.6006 42.6076 30.6215 34.7705 27.1633 76.2409 48.7539 19.2963 18.963 88.9935 16.9235 36.5381 29.9609 28.0656 63.5966 150.28 120.968 46.2763 21.7481 18.5407 27.1099 24.0176 17.961 17.1913
threshold=0.54973531775726847 0.66524822695035468 0.90682170542635665 0.89039039039039047 0.88516483516483524 0.87841832963784194 0.77500000000000013 0.92099792099792099 0.81266711229946542 0.58571428571428574 0.64932432432432441 0.8989794866508608 0.86162029459901812 0.87864627584253763 0.14912451030488846 0.4852506091193875 0.85462315462315475 0.8238526179702651 0.55000000000000016 0.58898944193061853 0.99779735682819404 0.86499057196731621 0.69047619047619058 0.21164613661814111 0.41428571428571431 0.37668918918918926 0.9201769911504426 0.87226107226107241 0.90000000000000013 0.97081701016294797
decision_type=2 2 2 2 2 2 2 2 2 2 2 2 2 2 2 2 2 2 2 2 2 2 2 2 2 2 2 2 2 2
left_child=1 -1 3 4 5 6 -2 -7 9 -6 11 12 -5 -10 -12 -16 17 25 -19 23 22 -22 -21 29 -25 27 -27 -4 -20 -18
right_child=2 -3 16 10 8 7 -8 -9 13 -11 14 -13 -14 -15 15 -17 19 18 28 20 21 -23 -24 24 -26 26 -28 -29 -30 -31
leaf_value=-0.078711454123702604 -0.053029854385330984 -0.0015124750375893126 -0.026740099575092581 0.12411961516126577 -0.01787606668425212 0.28804864629522525 0.89400358991351625 0.017067340156984422 -0.071243587127244143 0.031106604644428573 0.0037234054071931615 -1.515624943489339 0.00070866186785327251 -0.0023524370172061789 -0.070839773193618824 -0.0012858688455140491 -0.032825064120080599 0.041798888599224676 -0.037672950212004105 0.060668015705104723 -0.33777132705486396 -0.016689838176303266 -0.012147426098469343 0.0081555526250120178 -0.0038445103622494494 0.013988976006928062 -0.022109971365201098 0.080358079541474434 0.1865249575986648 0.053009665570404173
leaf_weight=468.19616627658439 409.55358349035669 356.51988227278883 188.4202608889027 33.148202560943901 176.11929784961103 4.2154173304588758 0.32566082703124166 31.191309512709267 59.070468544494361 195.92881429315457 1979.9421812287474 0.20007297396659751 53.638153634034097 46.508702302468009 132.58097151293623 1051.2023673988879 16.535997655824758 300.39391865435755 45.407160400005523 217.44097562890965 9.4052660020533931 1155.3888789941557 444.53130698297173 1922.2997268314939 1944.1111689926329 753.44406146323308 161.72147706220858 14.427371915808179 2.4081917784351381 154.10535513865761
leaf_count=5267856 1064101 255623 25011 18597 226743 898 34 21979 1410 34370 37164 6 366 1034 723049 101369 1608 9851 622 7699 189 10398 2849 21243 52792 36816 4830 255 45 1681
internal_value=-0.00344126 -0.0453388 -0.00043756 -0.0049297 -0.0228107 -0.0441982 -0.0522774 0.0493296 -0.00287136 0.0079193 0.0001469 0.0442496 0.0478457 -0.0408963 -0.0010657 -0.00907574 0.0021202 0.00980747 0.0324365 0.000198038 -0.00802964 -0.0192824 0.0117706 0.00392106 0.00212167 0.00275957 0.00760983 -0.0191228 -0.0263814 0.0446919
internal_weight=12328.4 824.716 11503.7 4173.63 922.913 445.286 409.879 35.4067 477.627 372.048 3250.71 86.9864 86.7864 105.579 3163.73 1183.78 7330.04 1466.22 348.209 5863.82 1826.77 1164.79 661.972 4037.05 3866.41 1118.01 915.166 202.848 47.8154 170.641
internal_count=7930488 5523479 2407009 2231120 1350569 1087012 1064135 22877 263557 261113 880551 18969 18963 2444 861582 824418 175889 77430 10518 98459 21135 10587 10548 77324 74035 66912 41646 25266 667 3289
is_linear=0
shrinkage=0.08


Tree=60
num_leaves=31
num_cat=0
split_feature=12 8 9 7 8 8 5 8 3 11 13 11 6 8 8 4 7 3 1 11 7 2 2 1 11 8 13 11 13 3
split_gain=235.414 169.064 15.2544 15.4442 16.7052 37.361 20.544 12.946 88.3502 26.7637 80.132 66.8083 63.0836 50.6479 49.1666 17.1904 16.6007 52.4072 37.1682 18.7598 15.8507 19.4403 15.4898 163.915 40.431 60.396 59.8739 31.66 15.0423 14.6169
threshold=0.54416766706682684 0.66524822695035468 0.42506038647342997 0.43043651018902201 0.69177661133967006 0.68764140271493224 1.0000000180025095e-35 0.76490327674694047 0.85053191489361712 0.23611111111111113 0.47148664343786301 0.80909090909090919 1.0000000180025095e-35 0.55487600223755373 0.45102211097204842 0.63333333333333341 0.47731949120838019 0.84731934731934733 0.89725545390570038 0.47222222222222227 0.41224722110620066 0.64075471698113218 0.73375527426160347 0.74133811230585434 0.47222222222222227 0.97081701016294797 0.58227617846191659 0.41428571428571431 1.0000000180025095e-35 0.87068004459308812
decision_type=2 2 2 2 2 2 2 2 2 2 2 2 2 2 2 2 2 2 2 2 2 2 2 2 2 2 2 2 2 2
left_child=1 -1 -3 4 5 -4 -6 8 28 12 14 -12 13 -10 -11 -14 17 20 -19 -20 -9 -22 24 29 25 -18 -26 -25 -2 -24
right_child=7 2 3 -5 6 -7 -8 16 9 10 11 -13 15 -15 -16 -17 22 18 19 -21 21 -23 23 27 26 -27 -28 -29 -30 -31
leaf_value=-0.079744712963789641 -0.029752269861334672 -0.019167058581180549 0.49294920400815939 0.0098146205082051442 1.9149696650264492 4.1791725246239277 0.097709650479260904 0.054205848870395812 -0.074742300040762349 -0.038909048254964926 0.030118747931411293 -0.15453696258102401 0.056017466929713669 -0.0030971716104992082 0.1381235472146812 0.0010257109040591483 -0.041097696523462297 -0.16081606356116226 -0.028628698109618968 0.034685547160536664 0.52342770646959536 0.16820841210258308 0.21654562080683012 0.0091661321466962199 0.0033605999070438954 0.011457491374102789 -0.043477860537909509 -0.0059655230306843235 -0.070930174296085211 0.11496429056277049
leaf_weight=426.27038241582551 101.9430708648506 188.25667454476928 0.27867483865021014 144.0682542544244 0.040098222394590155 0.01878290249442216 5.6079735982079271 3.8903101650794252 131.53499654729967 12.730186161075833 37.185729949182132 18.919630442120251 37.063354828394949 121.46274432501377 47.515329202295106 1975.1741921552457 364.80600512943056 12.444524552847723 194.14184526796453 35.414014135472826 1.3916497307363895 3.3829580229503335 10.926721827781874 2281.7907541227178 4107.0051815142069 227.04090710997116 182.42603002855321 1445.5934187381354 128.14474716407858 53.231717889138963
leaf_count=5202373 225230 129283 1289 107758 103 91 3172 286 809250 16100 2398 272 962 39246 10385 36616 211756 183 2274 993 113 176 212 18532 168018 6750 3521 40702 892230 1350
internal_value=-0.00324206 -0.0462324 -0.00400195 0.0150292 0.141385 0.725715 0.110611 -0.000392701 -0.00534667 -0.00077318 0.0366467 -0.0321501 -0.0026952 -0.0403459 0.100716 0.0020386 0.0010572 -0.0192392 -0.0261609 -0.0188611 0.174075 0.271744 0.00164381 0.00547992 -0.00133589 -0.0209368 0.0013686 0.00329761 -0.0526858 0.132264
internal_weight=12299.7 764.541 338.27 150.014 5.94553 0.297458 5.64807 11535.2 2611.67 2381.59 116.351 56.1054 2265.24 252.998 60.2455 2012.24 8923.49 250.665 242 229.556 8.66492 4.77461 8672.82 3791.54 4881.28 591.847 4289.43 3727.38 230.088 64.1584
internal_count=7931624 5444069 241696 112413 4655 1380 3275 2487555 2032689 915229 29155 2670 886074 848496 26485 37578 454866 4025 3450 3267 575 289 450841 60796 390045 218506 171539 59234 1117460 1562
is_linear=0
shrinkage=0.08


Tree=61
num_leaves=31
num_cat=0
split_feature=12 8 12 8 13 3 10 9 11 9 2 13 2 4 3 10 3 10 12 2 3 9 3 2 8 7 11 3 2 1
split_gain=202.764 122.624 18.8983 62.7534 51.4176 38.4007 23.0367 27.6403 23.4891 20.5363 17.9544 17.0199 13.9985 12.3906 12.3139 15.0949 22.3017 203.137 11.3667 40.5106 37.1329 66.0504 31.2944 14.0868 57.334 132.004 100.822 24.9713 19.2261 12.3012
threshold=0.51442441054091548 0.66524822695035468 0.78802806389013302 0.77210352614208799 0.58227617846191659 0.89039039039039047 0.9201769911504426 0.81266711229946542 0.29285714285714287 0.75333570539049999 0.86706827309236967 1.0000000180025095e-35 0.78319623971797891 0.90000000000000013 0.25320512820512825 0.48662948662948668 0.24121212121212124 0.48178500331785007 0.85462315462315475 0.87068004459308812 0.15692307692307697 0.81266711229946542 0.60990338164251223 0.096399535423925667 0.99779735682819404 0.86377084454007547 0.69047619047619058 0.26846846846846856 0.12372448979591839 0.20144927536231885
decision_type=2 2 2 2 2 2 2 2 2 2 2 2 2 2 2 2 2 2 2 2 2 2 2 2 2 2 2 2 2 2
left_child=1 -1 3 4 5 11 8 12 13 -7 -10 -2 -8 -5 15 16 -3 -18 19 20 21 -4 -22 24 26 -26 -20 29 -29 -25
right_child=2 14 18 6 -6 9 7 -9 10 -11 -12 -13 -14 -15 -16 -17 17 -19 23 -21 22 -23 -24 27 25 -27 -28 28 -30 -31
leaf_value=-0.078664620167291255 -0.030112149502275486 0.17821234614703535 0.057921978947959113 -0.03711951648263917 4.1158859542721 -0.0011102890008889764 -0.045056936371735946 0.12680504692984448 0.0044480204382049823 1.7199666425107936 0.10461215371773577 -0.073869468832507931 0.097217826133752128 0.15744531679256971 -0.044543630870023401 -9.22201050883844e-05 -0.080019809654048951 18.471189208637309 0.063369655164827621 0.12996400848443679 -0.039794469642462652 -0.0065475479800424846 0.0037987916623338238 0.060072705132974753 -0.36231974621029139 -0.016946302659064411 -0.0082869211452737106 -0.095408080795909317 0.0004717886030458375 -0.0063102353154137506
leaf_weight=356.90000033824651 92.067122626403631 2.167461941899091 196.73239359635045 107.29332597598363 0.019061706494538977 111.78734054385131 127.98552483742242 6.666539333149557 1157.8938820636797 0.044388915703165277 11.567608554731121 148.89558162296393 4.5844730455719391 2.1365254689007989 43.73697775134201 207.86701699107186 0.030466586315014754 0.0043123874420416533 173.40293988771737 17.23061116025201 140.73840859493794 210.56105988868512 419.64063064257061 67.023066199326422 7.1339847631752482 982.70175991766155 456.5025705860462 13.409997779002877 7158.4022346486308 24.358247885014862
leaf_count=4739208 330013 4441 7588 70823 2 90651 6590 296 222954 7 180 1259360 63 19 93310 76773 165 24 5821 776 30791 3249 101411 1390 101 6962 2151 426 874581 606
internal_value=-0.00350169 -0.0484346 -0.00114399 -0.00875349 -0.0389455 -0.03917 -0.00124208 -0.0321438 0.00212227 -0.000427149 0.00543878 -0.0571507 -0.0401369 -0.0333208 -0.00592534 0.00211509 0.210461 2.22022 0.000221656 0.0083758 0.00621077 0.0245928 -0.00714959 -0.000682441 -0.00742863 -0.0194355 0.011439 0.000822005 0.000292511 0.0423779
internal_weight=12249.5 610.706 11638.8 1770.94 352.813 352.794 1418.13 139.237 1278.89 111.832 1169.46 240.963 132.57 109.43 253.806 210.069 2.20224 0.034779 9867.84 984.903 967.672 407.293 560.379 8882.93 1619.74 989.836 629.906 7263.19 7171.81 91.3813
internal_count=7930732 4913921 3016811 1980958 1680033 1680031 300925 6949 293976 90658 223134 1589373 6653 70842 174713 81403 4630 189 1035853 143815 143039 10837 132202 892038 15035 7063 7972 877003 875007 1996
is_linear=0
shrinkage=0.08


Tree=62
num_leaves=31
num_cat=0
split_feature=12 8 9 12 8 1 11 9 7 14 6 13 0 10 8 12 10 11 10 10 8 9 9 10 7 8 11 11 7 9
split_gain=214.874 138.418 13.8543 13.2273 46.1264 19.1389 16.4138 244.301 12.9302 12.3327 11.3312 11.1692 12.3163 10.1858 10.1716 15.4906 20.0278 10.2189 9.695 14.4266 55.1362 12.7638 165.619 7.96762 27.3219 21.1974 44.6693 18.3584 11.2256 10.4032
threshold=0.5310234488275587 0.7277982133473464 0.39798456696111278 0.62912287060529193 0.75882841711674287 0.94281045751633996 0.61250000000000016 0.47213595583160806 1.0000000180025095e-35 1.0000000180025095e-35 1.0000000180025095e-35 0.36785453427132592 0.6167832167832169 0.94349298500241907 0.97081701016294797 0.44050241241871202 0.8452156236387397 0.73214285714285732 0.77696478391324952 0.76720944257775492 0.71649772527735667 0.47678268904974591 0.46920477274294781 0.97339233038348094 0.93777654867256655 0.99779735682819404 0.85416666666666685 0.85416666666666685 0.4379130134323847 0.95949851585689738
decision_type=2 2 2 2 2 2 2 2 2 2 2 2 2 2 2 2 2 2 2 2 2 2 2 2 2 2 2 2 2 2
left_child=1 10 -3 4 5 -2 8 -8 -7 13 18 12 -11 -6 -4 16 -16 -17 19 -1 -21 22 -20 29 28 27 -27 -26 -25 -5
right_child=3 2 14 23 9 6 7 -9 -10 11 -12 -13 -14 -15 15 17 -18 -19 21 20 -22 -23 -24 24 25 26 -28 -29 -30 -31
leaf_value=-0.079313599572644777 -0.06467504867748651 -0.023011587920923372 -0.0077170256783359913 -0.00046286917338049066 0.027726479387315654 0.10992135351160273 5.3521893865847714 -0.091691082722253514 -0.099758436923606489 -0.0086545378943192232 0.17236694709921782 -0.25840052061276164 0.5314414023734978 -0.095267454960108466 0.21090577737581209 0.066552586943300379 -0.033881113574424554 -0.0044935154154992392 -0.08006717487037969 -0.080042178513910156 5.4867318652966039 -0.24142564757155174 13.865247045408902 -0.19181923900317102 0.021914084703370165 -0.032939786046205392 0.0032092346691093899 -0.014285815577166735 0.019619879890966415 -0.022188355042496194
leaf_weight=366.5658009176974 112.82673480512449 133.04332412803507 72.579725573502458 8847.0531964587281 109.8465651705892 4.9391580499941465 0.058905058416712452 0.50556021819647867 3.0411653098417446 227.78066192019605 1.1389182644197706 1.1459277984977223 0.27054160984698583 4.4852542880398678 6.4232025253586453 19.677129227435216 3.2072462147334591 37.938667530221323 0.1092398517574974 0.054843333117502335 0.014370789853273891 3.3705552236531657 0.0057367092085769391 1.6113243228173804 360.32473447406664 309.30867649510037 747.43415741773788 119.36143671651371 601.31760755748837 143.34687249211129
leaf_count=5110761 959229 64487 51110 1589068 29553 290 58 81 10301 74884 350 49 50 314 388 1732 247 1067 472 270 39 328 35 56 2890 4193 13819 1716 10639 2428
internal_value=-0.00281581 -0.0477891 -0.00453157 -0.000317366 -0.0135382 -0.0559326 0.0595044 0.476408 0.030016 0.00144003 -0.0795827 -0.00926568 -0.00801381 0.0229014 0.013052 0.0354683 0.129384 0.0197704 -0.080358 -0.0790955 1.07578 -0.213151 0.615729 0.000234882 0.00462281 -0.00104063 -0.00737159 0.0129064 0.0190548 -0.00080927
internal_weight=12238.8 644.129 272.869 11594.7 464.9 121.372 8.54479 0.564465 7.98032 343.529 371.259 229.197 228.051 114.332 139.826 67.2462 9.63045 57.6158 370.121 366.635 0.0692141 3.48553 0.114977 11129.8 2139.36 1536.43 1056.74 479.686 602.929 8990.4
internal_count=7930904 5231286 119031 2699618 1074809 969959 10730 139 10591 104850 5112255 74983 74934 29867 54544 3434 635 2799 5111905 5111070 309 835 507 1624809 33313 22618 18012 4606 10695 1591496
is_linear=0
shrinkage=0.08


Tree=63
num_leaves=31
num_cat=0
split_feature=12 8 8 5 3 3 11 9 11 12 8 3 2 1 3 8 1 3 0 12 11 13 7 8 4 8 4 4 5 11
split_gain=216.345 168.534 24.4141 74.0937 222.493 921.158 22.3586 19.5893 16.3469 15.3986 40.1976 25.2031 35.2581 16.5389 55.2737 47.2927 46.8118 68.1462 34.6808 16.5086 40.3716 16.3198 16.2647 11.7386 9.23897 9.1075 8.64379 80.5738 133.577 76.0295
threshold=0.53863716192483324 0.7277982133473464 0.64375688867894831 0.85857142857142865 0.25320512820512825 0.24121212121212124 0.61250000000000016 0.46920477274294781 0.73214285714285732 0.77811044577511668 0.76490327674694047 0.89827586206896559 0.94868421052631591 0.92099792099792099 0.81016731016731025 0.86162029459901812 0.7633053221288516 0.80384615384615399 0.74133811230585434 0.54416766706682684 0.11805555555555557 1.0000000180025095e-35 0.51244834710743814 0.97081701016294797 0.63333333333333341 1.0000000180025095e-35 0.63333333333333341 0.90000000000000013 0.11882352941176472 0.80909090909090919
decision_type=2 2 2 2 2 2 2 2 2 2 2 2 2 2 2 2 2 2 2 2 2 2 2 2 2 2 2 2 2 2
left_child=1 2 25 4 5 -4 -5 -6 -8 10 11 12 21 16 22 -16 18 -18 -12 20 -13 -2 -15 24 -3 -1 -11 29 -29 -28
right_child=9 23 3 6 7 -7 8 -9 -10 26 13 19 -14 14 15 -17 17 -19 -20 -21 -22 -23 -24 -25 -26 -27 27 28 -30 -31
leaf_value=0.12563952337335144 -0.025717806808834637 -0.019935469591646562 -0.20785669945673632 -0.084123034324212281 -0.072833669117002994 -4.9566643912364974 0.97231237933384906 -0.282285720669044 0.12212108761496542 0.0029000508226690734 -0.0039480218564357898 2.3295823703209018 2.7929149092631436 0.13433222606027515 0.11335985339284667 -0.0068269638141846703 0.22990973223641267 -0.15512108700940422 0.25135187030605166 -0.0057036007039668732 0.095644791064094958 -0.075128106076118042 0.4758694615878073 0.012904869119672731 0.42012435113364172 -0.080681820387638686 -0.016264294332420548 0.00023537489440222063 0.13053012505456868 -0.089944575041673275
leaf_weight=1.3750061146561723 72.809925324363576 153.43095911103637 1.2871343589050788 8.8179376174916513 6.1833287770459702 0.32805274948987051 0.15191150789905838 5.3135888087409491 3.0650832698141057 4124.737839917274 1090.7669781227451 0.066367159597574665 0.027831016850540347 1.5545353587367565 25.615151454461738 115.14226279070135 3.3468988438689875 24.313166066029225 3.4160618965688618 98.848228821756493 0.23546446034742985 103.73384063099365 2.0950192264281213 140.93560479632959 0.30594630999257688 328.56107538028442 574.35230306135782 5155.3630222045977 50.853336800508259 106.20523255874286
leaf_count=367 238496 116690 5642 38191 46783 2584 251 39682 6177 143178 289494 164 16 47 874 1168 216 1143 96 78795 108 895955 52 10851 3 5093880 132963 778445 4919 3712
internal_value=-0.00358045 -0.0484971 -0.0856132 -0.161596 -0.293156 -1.17236 -0.0182614 -0.169637 0.162268 -0.00105438 -0.00849631 -0.036177 -0.0543015 -0.00246894 0.0230144 0.0150447 -0.00574923 -0.108532 -0.00315097 -0.00389977 0.586846 -0.0547504 0.330391 -0.00377174 -0.0190597 -0.079822 9.18208e-05 -0.00187585 0.00150807 -0.0277626
internal_weight=12203.2 649.756 355.083 25.147 13.1121 1.61519 12.0349 11.4969 3.21699 11553.5 1541.97 275.722 176.572 1266.25 144.407 140.757 1121.84 27.6601 1094.18 99.1501 0.301832 176.544 3.64955 294.673 153.737 329.936 10011.5 5886.77 5206.22 680.558
internal_count=7930942 5361101 5233557 139310 94691 8226 44619 86465 6428 2569841 1506624 1213534 1134467 293090 2141 2042 290949 1359 289590 79067 272 1134451 99 127544 116693 5094247 1063217 920039 783364 136675
is_linear=0
shrinkage=0.08


Tree=64
num_leaves=31
num_cat=0
split_feature=8 4 10 9 9 5 9 8 9 11 7 8 8 11 13 10 13 11 8 10 13 13 8 5 11 11 10 14 7 10
split_gain=60.4005 362.878 145.68 1856.04 972.001 135.612 29.2477 77.1901 41.1835 36.4666 20.8153 19.372 15.4619 30.9182 120.5 97.0109 32.5578 23.4455 82.225 33.8699 26.5419 17.2076 15.347 15.19 21.1469 54.0471 15.1143 14.5629 13.6875 31.6517
threshold=0.73353057199211047 0.36666666666666675 0.77696478391324952 0.47678268904974591 0.46920477274294781 0.68496240601503777 0.28782428602572491 0.4852506091193875 0.38988380769640768 0.11805555555555557 0.47731949120838019 0.44397954439795451 0.80104166666666676 0.17424242424242428 0.40580462233854536 0.60538387252535009 0.21695856244794651 0.13392857142857145 0.82938069012026527 0.72779821334734629 0.35200574712643684 0.34786428441830047 0.47084967320261445 0.97826086956521752 0.61250000000000016 0.77500000000000013 0.59725364504776279 1.0000000180025095e-35 0.74298820445609448 0.9201769911504426
decision_type=2 2 2 2 2 2 2 2 2 2 2 2 2 2 2 2 2 2 2 2 2 2 2 2 2 2 2 2 2 2
left_child=1 2 23 4 -4 -6 11 -8 9 -9 12 -3 13 -2 16 -16 -15 18 19 -14 21 -19 26 -1 -25 -26 -13 -10 29 -12
right_child=10 6 3 -5 5 -7 7 8 27 -11 28 22 17 14 15 -17 -18 20 -20 -21 -22 -23 -24 24 25 -27 -28 -29 -30 -31
leaf_value=-0.080148007226178389 0.0038265734654711419 0.0022750160425327646 -0.080140010053994321 -0.13223821207982644 -6.5784946004858273 -10.146424062081728 -0.073218983660297013 0.015183429162112795 0.0086471171404636279 0.18222350294835254 0.010076334225789872 0.30432920246699835 0.54610158268318265 -0.016088818428798567 -0.25873322111706559 -1.6941540147917837 -0.22219116513023549 -0.0084965616167587184 -0.047754685876029712 0.11960968370824622 0.054647125793620049 -0.39097047662418383 0.084522617625343591 -0.061148825053525951 0.58253943460101609 -0.00099487080290959593 1.3608731793745625 -0.047883334860327746 -0.00048915331281755082 -0.028385492693621762
leaf_weight=347.17444167867643 24.241238609976019 2083.2524166132425 0.13305379384694394 7.4356133302379233 0.13214596641370235 0.14084482182806823 120.39630879377 18.803946228494169 92.553689169111749 15.066068239368176 1782.3796453785417 0.40355005258243082 1.9078279683599237 15.191493557830606 0.6753262647835061 0.54411169711966068 7.2446249478374218 184.67180157373019 142.6627359399572 3.1748998753901105 51.9416207887989 0.75590943612041783 11.701719546716047 88.740373218559739 1.0853181173515594 15.865061042125777 0.1103502016630955 42.583875188218371 6980.9232051077415 148.33207444444997
leaf_count=5004477 2295 112585 525 5491 14 28 822336 14550 31525 1299 400727 280 170 25225 18 38 291 42241 1681 253 860 19 1005 1064055 6418 114206 16 74921 196487 6153
internal_value=-0.00278008 -0.0129848 -0.0779836 -0.419851 -5.6867 -8.41931 -0.000428389 -0.0242676 0.010604 0.0894862 0.000327396 0.00286403 -0.0168015 -0.0596675 -0.124734 -0.899216 -0.0826393 -0.0114702 -0.0364898 0.279696 0.00410266 -0.0100557 0.103314 -0.0720639 -0.0455093 0.0363683 0.531202 -0.00916648 0.00115968 0.0071214
internal_weight=12190.2 2845.58 460.707 7.84166 0.406045 0.272991 2384.87 289.404 169.008 33.87 9344.65 2095.47 433.012 47.8968 23.6556 1.21944 22.4361 385.115 147.745 5.08273 237.369 185.428 12.2156 452.865 105.691 16.9504 0.5139 135.138 8911.63 1930.71
internal_count=7930189 7253731 6195214 6058 567 42 1058517 944631 122295 15849 676458 113886 73091 27867 25572 56 25516 45224 2104 423 43120 42260 1301 6189156 1184679 120624 296 106446 603367 406880
is_linear=0
shrinkage=0.08


Tree=65
num_leaves=31
num_cat=0
split_feature=12 8 14 8 13 8 1 12 11 5 8 11 9 13 8 3 3 8 11 8 0 8 7 8 8 4 11 9 5 8
split_gain=150.187 111.184 19.7827 37.7728 56.2845 37.2832 30.2953 13.5421 23.9112 10.8241 11.6097 23.9246 35.0667 9.91821 54.093 699.306 1093.04 17.0953 24.8675 61.2462 10.2908 8.83116 8.29478 19.4962 15.0842 15.5042 14.9734 25.2558 16.5561 20.1539
threshold=0.51442441054091548 0.7277982133473464 1.0000000180025095e-35 0.87260524710189158 1.0000000180025095e-35 0.65339933993399357 0.52277432712215333 0.51575637206223124 0.85416666666666685 0.3816526610644258 0.73931311655096832 0.47222222222222227 0.52416573971078984 1.0000000180025095e-35 0.66524822695035468 0.25320512820512825 0.24121212121212124 0.59529346622369894 0.61250000000000016 0.64375688867894831 0.48834688346883476 0.59748178650617689 0.83087757313109434 0.92012269938650315 0.958456607495069 1.0000000180025095e-35 0.29285714285714287 0.55375923511516745 0.12660256410256412 0.97081701016294797
decision_type=2 2 2 2 2 2 2 2 2 2 2 2 2 2 2 2 2 2 2 2 2 2 2 2 2 2 2 2 2 2
left_child=1 13 22 4 7 -6 -7 8 -4 -3 11 -11 -13 17 -15 16 -16 20 21 -20 -1 -19 26 -24 -25 -26 28 -28 -2 -30
right_child=2 9 3 -5 5 6 -8 -9 -10 10 -12 12 -14 14 15 -17 -18 18 19 -21 -22 -23 23 24 25 -27 27 -29 29 -31
leaf_value=-0.075243394281399548 0.0033645444441228246 -0.065466690943964082 0.05810552869121325 -0.0006293283831211551 -0.075594347491446098 -0.067621521605419399 -0.00702795705061074 -0.0067707273518584831 1.0509667025487455 -0.080034416481127316 -0.0017683270186196593 0.36568608400787866 2.2627372575406137 -0.080586493790668498 -0.080589906306645864 -0.071526993402037858 -7.2780342237042195 0.6868524859510643 1.3321852868522606 0.11069576839837378 0.34612783082584592 -0.053772325180540537 -0.032742239854080805 0.016148219012006082 0.0044675704325450837 -0.0094101342595152623 0.028638775457458649 0.0032357454228558878 -0.024821699394254715 0.091826582163535786
leaf_weight=52.051730864754319 1728.6854457966995 17.549628439344076 0.57895390391195078 4385.5130665941915 132.94607815260588 72.818146980346455 192.17579550739174 1276.183946253095 0.21211678842155379 0.86037620091113953 216.02237596343494 0.71789266837004106 0.068293977717466703 207.32547263483153 0.33050267347425411 6.4593462717660959 0.22833329304586414 0.10432171887077757 0.28324783565131006 3.6235178465998339 0.37359873354580386 8.3792854573820836 120.34313308616402 329.6350550907664 1059.3330161411432 1003.0890941796242 392.48138937219596 692.29151722402253 215.44203591361452 9.9157132155378331
leaf_count=928845 353850 30440 4604 139609 1264211 368112 19322 367449 493 2995 66527 1879 179 3767334 1950 42811 1310 1815 4288 5155 116 57686 4999 7693 12918 21654 130833 128248 194395 318
internal_value=-0.00324605 -0.0455473 -0.00137217 -0.00453247 -0.0147523 -0.0410229 -0.0236786 -0.00656561 0.32433 -0.00502817 -0.000155297 0.211468 0.530478 -0.0796886 -0.0879807 -0.306414 -3.02137 -0.0522668 0.0322449 0.199256 -0.0722406 -0.044665 0.00207802 -0.00132298 0.000257712 -0.00228205 0.00488986 0.0124268 0.000705782 -0.0196892
internal_weight=12126 514.378 11611.6 6060.43 1674.92 397.94 264.994 1276.98 0.791071 235.219 217.669 1.64656 0.786187 279.159 214.344 7.01818 0.558836 64.8157 12.3904 3.90677 52.4253 8.48361 5551.22 2512.4 2392.06 2062.42 3038.82 1084.77 1954.04 225.358
internal_count=7932038 4913330 3018708 2163800 2024191 1651645 387434 372546 5097 102020 71580 5053 2058 4811310 3813405 46071 3260 997905 68944 9443 928961 59501 854908 47264 42265 34572 807644 259081 548563 194713
is_linear=0
shrinkage=0.08


Tree=66
num_leaves=31
num_cat=0
split_feature=12 8 10 8 11 1 3 4 11 13 13 0 5 13 11 2 13 8 1 8 4 8 12 12 8 7 11 10 9 7
split_gain=112.772 107.481 16.9328 22.3197 34.6856 54.6984 35.8546 33.5753 63.0271 36.7423 50.0681 34.9825 21.7848 19.9719 22.7073 20.5763 18.6789 91.8254 70.7792 92.5805 62.1413 26.473 74.2174 39.9031 34.4555 42.1749 25.1072 24.2333 53.4367 19.3987
threshold=0.51442441054091548 0.66524822695035468 0.97339233038348094 0.99779735682819404 0.85416666666666685 0.97617697107203638 0.81016731016731025 0.30952380952380959 0.85416666666666685 0.39460034013605455 0.58227617846191659 0.84292763157894746 0.15504807692307696 0.90790456105420358 0.38750000000000007 0.87841832963784194 0.037889831257178201 0.63241578682755162 0.47413024085637828 0.97081701016294797 1.0000000180025095e-35 0.99779735682819404 0.71463077984817136 0.6531637780740438 0.93377192982456148 0.86377084454007547 0.69047619047619058 0.48107236684977317 0.39441493250158399 0.93777654867256655
decision_type=2 2 2 2 2 2 2 2 2 2 2 2 2 2 2 2 2 2 2 2 2 2 2 2 2 2 2 2 2 2
left_child=1 -1 16 7 13 6 -6 9 12 -4 -11 -10 -9 15 -15 -5 21 27 19 -19 -20 24 23 -23 25 -2 -26 -18 -29 -24
right_child=2 -3 3 4 5 -7 -8 8 11 10 -12 -13 -14 14 -16 -17 17 18 20 -21 -22 22 29 -25 26 -27 -28 28 -30 -31
leaf_value=-0.07763610492037934 0.002953826973968593 -0.0030291068152308647 0.032515091871914689 -0.016795762096590176 0.0051701658202668891 0.066414676448236329 -0.081456523952785395 0.0096759778960017959 -0.12188031646171565 0.32496533055090238 0.060420798888965184 -0.016219109231004308 0.054632644272951114 -0.092790350033387023 -0.014355102510643616 0.045784458665788737 -0.076002489498717962 -0.049592786094648157 0.046182572881533067 0.0045858194768208247 -0.00094258833125883759 0.010095793701728344 -0.031982914849575057 0.086825482523667077 0.044769084680415634 -0.053325599849194438 0.010534503220435159 0.097687242734277716 -0.051165178028249686 -0.0055432929840048793
leaf_weight=243.47075604721465 2703.9228297373811 250.96678380953529 191.04352246510098 310.0591369838221 781.728617316694 93.423185028514126 31.823744270164752 396.3232271282468 32.930245673749596 6.6692290625069317 14.607163662323726 51.286426009144634 83.521224268013611 44.804507258348167 49.965752575546503 37.716226609889418 135.65383693281859 438.08944376520367 187.89597138433101 374.34041273334878 3818.1018959037974 159.35933167021722 467.08138422248885 59.599887990392745 207.44240673037712 87.991892577381805 404.34450993931387 18.721133926250388 87.934510326584586 286.55767089594156
leaf_count=4736919 458134 174746 2636 3045 6357 10808 1812 2006 463 206 190 1432 1275 1448 818 826 1012103 684900 15168 14752 80991 2615 2623 885 12808 1486 3016 40954 652502 1971
internal_value=-0.00235234 -0.0397671 -0.00075247 0.00569763 -0.000519789 0.00843913 0.00178159 0.0165049 0.00629795 0.0436212 0.143344 -0.0575346 0.0175011 -0.0188807 -0.0514369 -0.0100089 -0.0022055 -0.00551524 -0.00309869 -0.0246291 0.00126775 0.00162188 -0.010018 0.0309813 0.00494793 0.00118009 0.0221426 -0.0535695 -0.0250373 -0.0219297
internal_weight=12057.4 494.438 11562.9 2125.9 1349.52 906.976 813.552 776.381 564.061 212.32 21.2764 84.2167 479.844 442.546 94.7703 347.775 9437.04 5060.74 4818.43 812.43 4006 4376.3 972.598 218.959 3403.7 2791.91 611.787 242.309 106.656 753.639
internal_count=7929895 4911665 3018230 33322 25114 18977 8169 8208 5176 3032 396 1895 3281 6137 2266 3871 2984908 2501370 795811 699652 96159 483538 8094 3500 475444 459620 15824 1705559 693456 4594
is_linear=0
shrinkage=0.08


Tree=67
num_leaves=31
num_cat=0
split_feature=12 8 5 8 14 10 10 12 5 2 8 0 10 0 3 8 4 10 11 8 10 7 0 12 5 9 8 3 9 5
split_gain=109.47 87.9175 13.1155 30.2853 177.294 464.754 50.7519 12.3697 44.9654 38.0392 18.2259 23.9256 22.1295 17.6669 27.8332 17.4155 17.2722 16.9237 14.2729 14.0746 12.1167 12.5451 10.7048 10.1376 30.6492 48.0813 50.7572 35.8431 36.6139 23.2746
threshold=0.51442441054091548 0.61570918532943864 0.97826086956521752 0.62084711069122978 1.0000000180025095e-35 0.5750816993464053 0.66063237221494109 0.77811044577511668 0.41277890466531447 0.87226107226107241 0.74527629233511605 0.48834688346883476 0.9201769911504426 0.72902097902097918 0.81365740740740755 0.80104166666666676 0.2678571428571429 0.70944863875543362 0.38750000000000007 0.93377192982456148 0.48900966183574884 0.47340136637795505 0.44256120527306975 0.85462315462315475 0.97826086956521752 0.81266711229946542 0.99779735682819404 0.59359359359359365 0.75333570539049999 0.73252032520325205
decision_type=2 2 2 2 2 2 2 2 2 2 2 2 2 2 2 2 2 2 2 2 2 2 2 2 2 2 2 2 2 2
left_child=1 -1 22 4 5 -4 -6 8 9 13 11 -10 15 14 -2 -12 -15 -13 -11 -14 21 -5 -3 24 27 26 -26 -9 -29 -25
right_child=7 2 3 20 6 -7 -8 23 10 18 12 17 19 16 -16 -17 -18 -19 -20 -21 -22 -23 -24 29 25 -27 -28 28 -30 -31
leaf_value=-0.077377252333459795 -0.041490933413982897 -0.059739931895041024 -0.080012060808993854 0.040994931665817073 -0.080009741934264286 26.870354236809892 4.3271887005891738 -0.038295114211226576 -0.055400877228101775 0.0078931518512786996 0.055169137397478432 0.0053626165282582893 0.043317795865495938 0.16542091848838877 -0.12105698951976995 0.0042974072444981713 -0.018840874577417194 0.30718445413705642 0.11751950594612584 -0.045468587687587839 -0.0027336060002673265 0.38583240898548865 0.047075248620879868 0.0011127871877872739 0.080238922346434302 -0.0037240309253915543 0.0043013378947706548 -0.012671034104368359 0.031366016492771244 -0.0092117750409605997
leaf_weight=219.46580089235437 193.83785613061946 43.247148296280145 0.013201466215832625 1.9668761634457035 0.21236986094302679 0.0059368396705394835 0.018152094125980511 149.22782442903554 82.012967318195479 19.414444669189837 45.085257840167628 57.01574806323697 13.225785566450211 3.3700115436367915 32.915750574273261 962.92125517133911 96.058896623137116 1.2143012995584275 12.491183847938371 84.004794190113898 201.07287197628739 1.0281221386721879 6.9729133320505374 7184.5840948734622 135.38251972285798 217.48216476422385 96.477951649576426 278.03245183331455 213.71624919673195 1734.815271236992
leaf_count=4649035 860908 158792 155 5109 2934 66 153 38257 708876 12763 86917 70840 987 686 23433 122271 61174 372 297 2941 84188 2646 4988 875011 8492 3130 426 116675 3367 17302
internal_value=-0.00258832 -0.0402725 -0.00828029 0.000722823 0.881296 8.28018 0.267028 -0.00105022 -0.0075734 -0.0325572 -0.000390299 -0.027558 0.003057 -0.040712 -0.0530408 0.00657275 -0.0125956 0.0116567 0.0508123 -0.0333914 -0.000354486 0.159371 -0.0449089 -5.19708e-06 0.00727658 0.0232963 0.048641 -0.0039537 0.00646767 -0.000895331
internal_weight=12087.3 474.003 254.538 204.318 0.24966 0.0191383 0.230522 11613.3 1603.57 358.088 1245.48 140.243 1105.24 326.183 226.754 1008.01 99.4289 58.23 31.9056 97.2306 204.068 2.995 50.2201 10009.7 1090.32 449.343 231.86 640.977 491.749 8919.4
internal_count=7923191 4908066 259031 95251 3308 221 3087 3015125 1952465 959261 993204 780088 213116 946201 884341 209188 61860 71212 13060 3928 91943 7755 163780 1062660 170347 12048 8918 158299 120042 892313
is_linear=0
shrinkage=0.08


Tree=68
num_leaves=31
num_cat=0
split_feature=12 8 8 14 5 8 12 8 9 3 8 11 8 12 12 5 2 5 10 9 8 13 11 1 8 5 2 5 10 9
split_gain=163.414 172.297 908.116 9724.41 47721.4 337842 12.5882 42.0032 15.4093 12.7952 18.5405 45.4684 16.1825 12.3464 10.3176 11.2148 9.70938 9.59282 12.1478 21.5321 60.6587 10.7457 9.68425 35.5728 8.64031 8.08621 7.44386 7.19018 6.92805 23.3384
threshold=0.51442441054091548 0.64083033846483939 0.61570918532943864 1.0000000180025095e-35 0.97826086956521752 0.62084711069122978 0.66813509544787097 0.73353057199211047 0.23716258631512874 0.30940170940170947 0.78636627665753889 0.41428571428571431 0.79377196171089315 0.59347749025168384 0.52060455111513659 0.65058139534883741 0.93475177304964541 0.97826086956521752 0.60744202146071313 0.48549301307593024 0.64375688867894831 0.18028169014084511 0.85416666666666685 0.37590579710144928 0.87260524710189158 0.97826086956521752 0.94868421052631591 0.50531914893617025 0.97339233038348094 0.95949851585689738
decision_type=2 2 2 2 2 2 2 2 2 2 2 2 2 2 2 2 2 2 2 2 2 2 2 2 2 2 2 2 2 2
left_child=1 2 -1 4 -4 -6 7 8 14 10 11 -9 -11 -14 15 -2 25 21 19 -19 -21 26 -23 -24 -12 -10 -3 -16 -8 -30
right_child=6 17 3 -5 5 -7 28 9 16 12 24 -13 13 -15 27 -17 -18 18 -20 20 -22 22 23 -25 -26 -27 -28 -29 29 -31
leaf_value=-0.077098515233318191 -0.081642769597999279 -0.058914611423628416 -0.080005156712952441 -0.072271406747991943 -466.2132608041523 -0.080012410787856134 -0.0011297426725043901 -0.058702002920349286 -0.078240259724987618 -0.087098082694739093 -0.019917225137996954 0.20661396690051587 0.02517103650069143 -0.029971288229703196 -0.032473999828387737 1.83778452734663 0.059969476982067178 0.033777749164216865 -0.0047724870993910134 5.5063943457276654 0.27885592509869805 -0.011100471055305492 1.7817074552385705 0.12347304069582922 0.0075111504402310004 -0.033235524100231152 0.25834387179647123 0.0750203492242629 0.014443155932754446 -0.0027005574178627558
leaf_weight=204.60579585807432 0.036613145084475884 37.755660007386659 0.3549825784866697 4.5004178074032284 0.01167048165883422 0.067547132781328401 8703.5695151727487 7.5013434370938041 82.180057679242154 21.33166330465761 93.480619463689493 9.2088566184740355 39.309880820069424 76.673192423018918 8.3487561245237867 0.041636203663074411 4.1679996444036069 25.189477516458286 176.83681052616058 0.014320482630863718 1.7806066959674351 5.2813127893122163 0.085935978257453249 2.2655530224656104 343.95524915844356 37.07967164813482 0.47932577878236671 7.614736732619348 830.3672967790917 1309.9096815962112
leaf_count=4653781 40 113781 7229 44644 224 759 1370326 25822 1106038 68718 37067 17374 24636 38279 2089 2 9016 35135 42343 207 3565 10155 235 1290 24056 260170 5 663 13558 19621
internal_value=-0.00266885 -0.0494716 -0.102962 -1.17537 -12.6088 -68.7516 -0.000811955 -0.0109737 -0.0504664 -0.00166116 0.00480894 0.0875115 -0.0230599 -0.011282 0.0232937 0.939678 -0.0600529 -0.00458181 0.00285681 0.0528539 0.320563 -0.0376366 0.0490282 0.184074 0.00164967 -0.0642476 -0.0549374 0.0188018 -0.000126999 0.00395072
internal_weight=12034 459.229 209.54 4.93462 0.4342 0.0792176 11574.8 730.93 139.469 591.461 454.146 16.7102 137.315 115.983 16.0417 0.0782493 123.428 249.689 203.821 26.9844 1.79493 45.8678 7.6328 2.35149 437.436 119.26 38.235 15.9635 10843.8 2140.28
internal_count=7930828 4913353 4706637 52856 8212 983 3017475 1613970 1378018 235952 104319 43196 131633 62915 2794 42 1375224 206716 81250 38907 3772 125466 11680 1525 61123 1366208 113786 2752 1403505 33179
is_linear=0
shrinkage=0.08


Tree=69
num_leaves=31
num_cat=0
split_feature=12 8 14 8 12 10 13 7 9 9 3 5 0 8 8 3 11 7 8 13 8 7 7 8 9 8 11 3 3 7
split_gain=82.6682 91.6822 18.3492 18.3822 31.7848 34.3784 20.1827 16.5754 15.4703 17.5546 15.3483 37.8778 20.8484 13.1169 12.225 32.5088 10.5485 32.6814 26.5779 38.4901 23.5338 17.0543 34.1462 28.7195 18.6311 14.2507 12.2721 9.74644 13.9896 64.3584
threshold=0.51442441054091548 0.66524822695035468 1.0000000180025095e-35 0.93377192982456148 0.62912287060529193 0.97339233038348094 0.069545975433885646 0.4349645261051483 0.35564339042599913 0.35058240728343826 0.63286264441591789 0.88047619047619052 0.58123167155425226 0.9476726498326743 0.99779735682819404 0.85053191489361712 0.20714285714285716 0.60723635003739729 0.69597423510466994 0.25926466612598009 0.72141523137580432 0.98496155585707845 0.93777654867256655 0.99779735682819404 0.61410415803287755 0.81173769550868147 0.34848484848484856 0.23303167420814483 0.22474747474747478 0.46521120075937361
decision_type=2 2 2 2 2 2 2 2 2 2 2 2 2 2 2 2 2 2 2 2 2 2 2 2 2 2 2 2 2 2
left_child=1 -1 16 4 5 6 -4 14 9 -9 11 -6 -12 -10 -5 -16 21 18 19 -18 -19 22 24 -24 -2 -20 -22 28 -3 -30
right_child=2 27 3 7 10 -7 -8 8 13 -11 12 -13 -14 -15 15 -17 17 20 25 -21 26 -23 23 -25 -26 -27 -28 -29 29 -31
leaf_value=-0.075833803211209014 -0.003593236700197509 0.0036963866549357613 -0.021171325940976787 -0.041533571072155065 -0.058551878374816076 2.7508404861875073 -0.075638341589903416 0.081167373674780108 0.015951777630490157 0.51838812829449865 0.050525473859583087 -0.006555248754072404 -0.0037693335935979179 -0.001205470326090917 0.055677650106015317 -0.76657984835805015 -0.034493360719653629 -0.091985696021891133 -0.01860746166646244 0.11606683832777397 0.01725875898818598 0.031263941197610549 -0.016192403562834835 -0.090893899209766704 0.014437888877826505 0.026676979998717071 0.0016083209217421187 -0.039471186651474921 -0.080651322022720406 6.3501231975495074
leaf_weight=198.33533468931282 1671.2021444601387 208.22310272819072 122.83727148355304 1.4675879873102522 114.81073129210563 0.028243063599801554 67.447307032392629 5.0024831274058661 311.99189376071945 0.66595995854004275 46.548990856190358 409.35553068395529 1637.4421123151551 3318.0992715242901 0.57682097805081867 0.65963282692246139 14.523611123244448 16.545186692208517 53.263274325914495 43.161800394598686 370.44322447377635 101.18711734539829 112.60421708622016 46.556462215026841 469.86600443440466 269.55489684773283 2386.1007675887668 39.106232108815362 0.049939663105759702 0.012441282131476328
leaf_count=4739133 483600 77779 318890 19 217178 3 837854 449 12140 69 6726 91683 613067 64070 20 47 116034 37704 25922 13984 56970 1754 745 442 14086 17288 85978 96997 70 49
internal_value=-0.00150289 -0.0353118 -0.000202889 -0.00325609 -0.00869325 -0.0400632 -0.0404774 0.000328083 0.000475339 0.132534 -0.00598959 -0.0179443 -0.00226851 0.000269127 -0.197667 -0.382987 0.00311519 0.00615729 0.028143 0.0781599 0.00314057 -0.000879762 -0.00229376 -0.0380435 0.000363766 0.0192053 0.00371153 -0.00282516 0.00405525 1.20191
internal_weight=12037.7 445.727 11591.9 6036.93 2398.47 190.313 190.285 3638.46 3635.76 5.66844 2208.16 524.166 1683.99 3630.09 2.70404 1.23645 5555.01 3153.59 380.504 57.6854 2773.09 2401.42 2300.23 159.161 2141.07 322.818 2756.54 247.392 208.285 0.0623809
internal_count=7930750 4914028 3016722 2162215 2085401 1156747 1156744 76814 76728 518 928654 308861 619793 76210 86 67 854507 353880 173228 130018 180652 500627 498873 1187 497686 43210 142948 174895 77898 119
is_linear=0
shrinkage=0.08


Tree=70
num_leaves=31
num_cat=0
split_feature=12 8 5 5 10 3 13 14 8 13 10 5 8 11 8 9 3 10 9 11 9 8 8 10 9 10 13 5 9 8
split_gain=69.338 102.177 13.502 21.2496 113.736 74.399 9.07838 8.93895 14.8643 48.1093 47.3086 23.528 9.53589 8.07935 32.2317 13.7908 7.35044 6.73679 6.71838 6.18716 24.4535 19.3982 17.6466 11.2523 25.7434 43.8263 17.1873 22.8493 14.0285 12.3795
threshold=0.5310234488275587 0.66524822695035468 0.62361111111111123 0.63762626262626265 0.97339233038348094 0.74179894179894201 0.25926466612598009 1.0000000180025095e-35 0.86162029459901812 1.0000000180025095e-35 0.78755641521598985 0.27386363636363642 0.65339933993399357 0.61250000000000016 0.82938069012026527 0.50092250922509229 0.88303693570451447 0.68894205209994686 0.41392780172413807 0.29285714285714287 0.57205789804908758 0.72141523137580432 0.71649772527735667 0.76720944257775492 0.61410415803287755 0.57909117054932424 0.21695856244794651 0.71583850931677029 0.71711125569290834 0.86162029459901812
decision_type=2 2 2 2 2 2 2 2 2 2 2 2 2 2 2 2 2 2 2 2 2 2 2 2 2 2 2 2 2 2
left_child=1 -1 16 4 5 -4 18 19 9 13 12 -12 -11 15 -15 -9 17 -3 -5 23 -21 22 -22 24 29 -26 27 -25 -28 -2
right_child=7 2 3 6 -6 -7 -8 8 -10 10 11 -13 -14 14 -16 -17 -18 -19 -20 20 21 -23 -24 26 25 -27 28 -29 -30 -31
leaf_value=-0.076432255854071582 0.0022420918029503779 -0.086806928601640687 0.22148070219131338 -0.0089381701043545637 10.017150839411761 6.5959508914529659 0.4117055749124951 -0.0026195666920120503 -0.0011272963860786843 -0.07439178015877293 -0.0066194889192401464 0.10346604514935674 -0.041838830196901836 0.099081322312955467 -0.012843213481420208 -0.038564080504731875 0.068107568341894562 -0.016609569629759496 0.017239133488054833 0.019988668081037393 -0.075831619127602501 0.00084737609181420972 -0.60374852947664748 0.12223266195168454 1.0399268429860773 0.03664809081502246 -0.024277927453675147 -0.01411887032957914 -0.0031460644136768901 -0.018559226852157627
leaf_weight=197.89702732152227 1269.3711098166345 20.227277954733022 0.5303244891764497 136.50369886019308 0.0079229493858292699 0.011982916650595143 0.348471586839877 1075.5860505570665 4451.9323635379615 100.38585017780247 50.390710942752833 16.491762446370558 135.09819916314194 23.870968113679737 53.090171819087118 72.946109292313849 3.3145398423148427 15.419763419352408 116.12861963317911 479.8302957891342 14.53035661241756 2557.3303293884314 0.41686296455736815 14.564304298689423 0.27936071587464439 110.79391582635662 330.96410623699376 17.101505898910546 512.22415149767039 213.97010679144296
leaf_count=5024080 501788 83260 1912 62152 7 17 12 112957 149347 1068372 8936 12015 340601 32860 1967 161575 41 21188 40789 121346 33929 113289 1636 3568 225 17064 4740 1761 6319 4745
internal_value=-0.00257694 -0.0320373 -0.00200021 0.00473785 0.501355 0.362332 0.00365771 -0.00132081 -0.00346391 -0.0102724 -0.0388517 0.0205252 -0.055716 -0.00322103 0.0218723 -0.00490249 -0.0458461 -0.0564418 0.00309487 0.00100023 0.003409 0.000316249 -0.0905547 -0.00197711 0.0020232 0.0391714 -0.00926764 0.0485944 -0.0114406 -0.000758472
internal_weight=11991.6 490.39 292.493 253.531 0.55023 0.542307 252.981 11501.2 5979.79 1527.86 302.367 66.8825 235.484 1225.49 76.9611 1148.53 38.9616 35.647 252.632 5521.38 3052.11 2572.28 14.9472 2469.27 1594.41 111.073 874.854 31.6658 843.188 1483.34
internal_count=7932498 5233458 209378 104889 1936 1929 102953 2699040 1888630 1739283 1429924 20951 1408973 309359 34827 274532 104489 104448 102941 810410 270200 148854 35565 540210 523822 17289 16388 5329 11059 506533
is_linear=0
shrinkage=0.08


Tree=71
num_leaves=31
num_cat=0
split_feature=12 8 5 14 10 9 10 9 0 10 9 8 11 11 12 8 5 7 13 4 13 11 8 8 5 8 8 11 7 8
split_gain=80.369 68.575 19.7848 8.72734 10.3373 22.6547 9.20014 18.2774 8.40908 12.2251 39.8181 13.1089 8.34703 57.1935 35.8328 28.664 82.7965 27.5105 59.4407 26.3237 86.0516 234.728 336.034 96.0372 41.471 49.668 33.6775 73.6364 31.9324 29.9524
threshold=0.51442441054091548 0.66524822695035468 0.97826086956521752 1.0000000180025095e-35 0.47084967320261445 0.25828395874478827 0.56265703517587951 0.48549301307593024 0.44256120527306975 0.97339233038348094 0.27151675485008825 0.958456607495069 0.61250000000000016 0.5277777777777779 0.81266711229946542 0.99779735682819404 0.3133928571428572 0.93777654867256655 0.74690314987239714 0.90000000000000013 0.58227617846191659 0.85416666666666685 0.99779735682819404 0.99779735682819404 0.57979626485568769 0.81974597548368056 0.99779735682819404 0.85416666666666685 0.98496155585707845 0.86162029459901812
decision_type=2 2 2 2 2 2 2 2 2 2 2 2 2 2 2 2 2 2 2 2 2 2 2 2 2 2 2 2 2 2
left_child=1 -1 8 4 5 -4 7 -5 9 11 -11 -3 13 14 -2 16 -16 18 -15 20 24 23 -23 -22 29 -26 -21 28 -28 -14
right_child=12 2 3 6 -6 -7 -8 -9 -10 10 -12 -13 19 17 15 -17 -18 -19 -20 26 21 22 -24 -25 25 -27 27 -29 -30 -31
leaf_value=-0.075062236229307841 -0.015427335966332339 -0.091933603958098187 2.6155302798928743 0.039399319443622079 0.02896945119254829 0.26672283523695101 -0.012891847916018334 0.5190456123352567 0.024676885108230736 -1.148110291050408 0.025961695865616252 0.0095539804859031702 -0.029602698848987016 -0.039412351543986431 -0.0003084224034378203 -0.014970733345158374 0.033932373934529123 -0.0057329183197913783 -0.20508579577946529 0.0048176117502997566 0.10072471463933363 -0.185994593738637 -0.00028357628027372964 -0.022210869989675225 0.09115407764348428 -0.0025497231346447214 -0.035428580604000351 0.073469468140876321 -0.41979088029823991 0.022672110795362795
leaf_weight=171.04714085148703 994.03323644454122 28.958091290418331 0.029674630030057325 10.687356018039278 45.946668344496629 0.22981410936336033 149.32816604616488 0.53385328763397488 7.097755263544804 0.2807620718376701 0.5412977012747433 11.333589671674416 76.406722738087524 41.13669862700408 4783.6454162389273 642.34997110447148 499.12191726113815 34.042595773003995 20.90227697044611 381.80437697851448 82.805960100144148 112.28912456636317 140.23294979636557 79.921396020799875 36.715652535810477 2591.9932463264122 38.710906086751493 142.81769331260875 1.4346089884638775 856.64054974924682
leaf_count=4738602 1813855 94189 30 17050 5094 139 48838 924 3133 69 193 5123 127098 3498 865212 10249 27410 329 127 8813 649 2562 8063 592 71394 31292 950 17841 72 26343
internal_value=-0.00175084 -0.035875 -0.00958582 0.00117537 0.0318131 0.535328 -0.00764218 0.0622187 -0.0557353 -0.0696174 -0.375025 -0.0633863 -0.000492953 -0.00222287 -0.00137166 0.000986404 0.00292669 -0.0635212 -0.0952313 0.00217908 -0.00011605 -0.0345803 -0.0828638 0.0403465 0.00390199 -0.00124095 0.018341 0.0465614 -0.0491639 0.0183914
internal_weight=11983 426.014 254.967 206.756 46.2062 0.259489 160.549 11.2212 48.2115 41.1137 0.82206 40.2917 11557 7015.23 6919.15 5925.12 5282.77 96.0816 62.039 4541.77 3977.01 415.249 252.522 162.727 3561.76 2628.71 564.768 182.963 40.1455 933.047
internal_count=7929733 4913384 174782 72075 5263 169 66812 17974 102707 99574 262 99312 3016349 2720680 2716726 902871 892622 3954 3625 295669 267993 11866 10625 1241 256127 102686 27676 18863 1022 153441
is_linear=0
shrinkage=0.08


Tree=72
num_leaves=31
num_cat=0
split_feature=12 8 5 10 8 10 7 10 10 8 12 5 3 1 3 8 3 2 4 2 4 3 0 0 5 8 12 8 8 7
split_gain=62.5236 75.5287 16.6775 11.1855 26.4342 393.801 11.324 12.1628 7.80337 20.5475 16.2369 15.2677 32.1318 11.5804 62.5232 54.9257 49.8223 47.8946 45.8401 40.3959 36.2156 28.9328 38.7971 36.2641 25.826 19.0816 18.845 10.8412 9.9204 15.3488
threshold=0.51442441054091548 0.66524822695035468 0.97826086956521752 0.48579499596448755 0.75882841711674287 0.48397370043147736 0.25472370766488417 0.97339233038348094 0.97339233038348094 0.9476726498326743 0.95820858283433152 0.68496240601503777 0.80384615384615399 0.4673758865248227 0.30940170940170947 0.97081701016294797 0.60232558139534886 0.56070175438596503 1.0000000180025095e-35 0.52506265664160423 0.41428571428571431 0.64932432432432441 0.7653316645807261 0.60943257184966848 0.43019480519480524 0.67507961783439507 0.85462315462315475 0.99779735682819404 0.99779735682819404 0.90026178010471225
decision_type=2 2 2 2 2 2 2 2 2 2 2 2 2 2 2 2 2 2 2 2 2 2 2 2 2 2 2 2 2 2
left_child=1 -1 3 4 -3 -6 7 -5 13 -10 11 12 -11 14 25 17 -17 -16 21 24 -21 23 -23 -15 -20 -2 -27 -13 -12 -30
right_child=8 2 -4 6 5 -7 -8 -9 9 10 28 27 -14 18 15 16 -18 -19 19 20 -22 22 -24 -25 -26 26 -28 -29 29 -31
leaf_value=-0.075485162406567746 -0.059709066966934968 -0.083061107277314361 0.0046466189703324228 -0.1144805702512629 -0.42461127104543361 -16.939396505545112 -0.032281451479754232 -0.57144140815253919 0.049215479179182176 0.067251438815583292 0.0068750441877684755 0.025791321876331041 0.0079411757372912836 -0.04720904898791406 -0.052116301778821546 0.011091503098612515 -0.082443589126354966 0.24328643623139884 0.1062522947088093 -0.029731434607458973 -0.00037794243285025844 0.081442479811877286 -0.00085495379188610366 0.33273145643048574 0.023208724300686427 0.0071150656198730525 -0.0069092733910841343 -0.0091550340014819771 0.050457652579592047 -0.0080582511812251709
leaf_weight=159.05235320335498 33.595107232141345 1.2794925076351038 205.83659190601657 1.5216418043293694 0.35290670244285127 0.0094893030072853435 41.801573452159673 0.49374522865400639 61.818040232290514 89.392211078142282 563.46087771741441 81.025238829432055 168.94178328115959 32.426640052792209 347.01209569583762 253.79991510283526 42.557771001447691 3.5485930768209064 31.395839018972765 282.42517253494407 5659.9632216809478 105.02640926871391 56.320952712572762 1.691652283334405 101.30014729395771 1403.5436308034136 1089.0045555723482 190.13322061754297 29.546966045163572 987.3630701766233
leaf_count=4739808 383118 5467 72217 1626 809 54 94511 53 769 2450 4956 715 2889 35964 1061771 11248 509 811 13753 41643 1086859 26320 13819 804 6349 287310 13850 1608 2074 18089
internal_value=-0.00165396 -0.032344 -0.00503862 -0.0488932 -0.253895 -0.857049 -0.0412114 -0.22643 -0.000569735 0.00375428 0.00242229 0.0145468 0.0284645 -0.0015641 -0.00550229 -0.0276932 -0.00234039 -0.0491261 0.00042873 -0.000798198 -0.00177303 0.0385617 0.0527152 -0.0283708 0.0428568 0.000180569 0.000987774 0.00128734 -0.00163995 -0.00635803
internal_weight=12025.6 410.348 251.295 45.4588 1.64189 0.362396 43.817 2.01539 11615.3 2171.68 2109.86 529.492 258.334 9443.61 3173.06 646.918 296.358 350.561 6270.55 6075.08 5942.39 195.466 161.347 34.1183 132.696 2526.14 2492.55 271.158 1580.37 1016.91
internal_count=7932223 4914545 174737 102520 6330 863 96190 1679 3017678 33550 32781 7662 5339 2984128 1758617 1074339 11757 1062582 1225511 1148604 1128502 76907 40139 36768 20102 684278 301160 2323 25119 20163
is_linear=0
shrinkage=0.08


Tree=73
num_leaves=31
num_cat=0
split_feature=12 8 5 10 10 8 9 10 5 13 6 5 12 12 11 13 8 13 12 8 3 1 8 3 1 8 8 5 4 10
split_gain=68.6482 59.7524 11.7318 19.2697 9.96855 106.458 444.577 27.7109 8.7827 32.9896 8.54534 7.58514 6.40398 6.04476 38.6533 26.9857 38.1746 25.4662 19.2504 19.7305 17.9756 17.258 39.6479 56.3492 24.028 21.3794 20.0752 16.3779 16.0613 15.2335
threshold=0.51442441054091548 0.61024906501153831 0.6478537360890303 0.97339233038348094 0.43498389694041878 0.61570918532943864 0.28043081832687494 0.43415952672378627 0.65058139534883741 0.2038265368377383 1.0000000180025095e-35 0.62361111111111123 0.37527292576419219 0.81266711229946542 0.41428571428571431 1.0000000180025095e-35 0.97081701016294797 0.58227617846191659 0.85462315462315475 0.92012269938650315 0.98888888888888904 0.88303693570451447 0.99779735682819404 0.81365740740740755 0.8352713178294574 0.86162029459901812 0.99779735682819404 0.97826086956521752 0.63333333333333341 0.65733855185909984
decision_type=2 2 2 2 2 2 2 2 2 2 2 2 2 2 2 2 2 2 2 2 2 2 2 2 2 2 2 2 2 2
left_child=1 10 3 -3 5 6 -4 -7 9 -6 -1 -5 -10 14 15 16 20 -17 19 -15 -2 24 25 -24 27 -23 -26 -16 -21 -19
right_child=13 2 4 11 8 7 -8 -9 12 -11 -12 -13 -14 18 21 17 -18 29 -20 28 -22 22 23 -25 26 -27 -28 -29 -30 -31
leaf_value=-0.078117387388579082 -0.030310365501619366 -0.046039985857387736 44.66409894470177 -0.080422612853894543 -0.080188413566778305 0.062671500362235955 -0.080005238978379287 2.5363185972725817 -0.032327856238076359 3.4050469717752185 0.17973637575010262 -0.59330811062543531 0.00073344807620645438 -0.0042410605814820861 -0.015875904432760293 -0.044062322850059683 0.11090037072820629 0.45146464326590929 -0.00047694777374243457 0.031175951012349407 0.015191005628717931 0.082738010897327158 0.19957662282815236 -0.26015283150441232 -0.13599204153385447 0.017141009073489095 -0.81617554697074624 0.0049641665582137555 -0.014861261958786922 0.064829963853549832
leaf_weight=137.63028211975268 140.04991640664343 32.335652736049184 0.0017879450332596303 0.26987643750908219 0.071712715016615358 0.55663504695500532 0.0069285901172406739 0.030575874730857322 47.451825372870076 0.022942543029785156 0.82749594392953341 0.58365916720504174 178.72464463250628 240.99932267166878 318.22659979909872 272.90362629289143 17.308560491306707 0.71327559265773555 8937.8790404848478 345.3839443133329 92.114495056681335 44.982876026329905 2.3201583772897703 6.4496287182118976 4.6641802585254473 108.49141354765743 0.29528881446458388 998.9822680883824 56.423333741971874 7.6162606825237162
leaf_count=4636566 266098 150072 32 205 425 1650 172 80 23255 1 260 9 100313 69249 506141 1115264 942 18 892621 10926 2341 2127 12 415 561 574 10 149414 786 242
internal_value=-0.00147493 -0.0341221 -0.0115189 -0.0559437 -0.00501978 0.321747 9.09795 0.191473 -0.00588038 0.764563 -0.0765763 -0.431141 -0.00620281 -0.000352944 -0.00433564 -0.022866 -0.00371233 -0.0398566 0.000484742 0.0138565 -0.0122571 0.00228931 0.0269138 -0.138526 -0.000732372 0.0363673 -0.17649 -7.06196e-05 0.0247112 0.0979383
internal_weight=11994.3 398.514 260.056 33.1892 226.867 0.595927 0.00871654 0.587211 226.271 0.0946553 138.458 0.853536 226.176 11595.8 2015.12 530.706 249.473 281.233 9580.69 642.807 232.164 1484.41 162.244 8.76979 1322.17 153.474 4.95947 1317.21 401.807 8.32954
internal_count=7930781 4913040 276214 150286 125928 1934 204 1730 123994 426 4636826 214 123568 3017741 2044159 1384905 269381 1115524 973582 80961 268439 659254 3128 427 656126 2701 571 655555 11712 260
is_linear=0
shrinkage=0.08


Tree=74
num_leaves=31
num_cat=0
split_feature=12 8 8 10 9 10 9 12 8 10 5 6 5 7 8 9 8 8 12 8 4 5 4 11 8 4 7 4 11 10
split_gain=73.223 85.7449 1976.39 110126 396045 8924.25 25765.9 11.7308 45.7902 48.0584 290.059 20.1575 9.40577 8.59324 8.24445 856.421 8.14623 18.3408 7.29801 11.0708 7.55217 112.109 73.3484 73.173 39.0859 28.1554 26.6982 7.25126 7.30159 7.0694
threshold=0.47332761190659017 0.61570918532943864 0.61024906501153831 0.41870403498310477 0.28782428602572491 0.43498389694041878 0.31045191689869356 0.62912287060529193 0.68304757304998809 0.39662296950698211 0.41042780748663105 1.0000000180025095e-35 0.65058139534883741 0.25472370766488417 0.61863086850107563 0.28782428602572491 0.97081701016294797 0.99779735682819404 0.63271071140320545 0.99779735682819404 0.90000000000000013 0.11882352941176472 0.70833333333333337 0.38750000000000007 0.58212458832597591 0.55000000000000016 0.98496155585707845 0.90000000000000013 0.85416666666666685 0.78755641521598985
decision_type=2 2 2 2 2 2 2 2 2 2 2 2 2 2 2 2 2 2 2 2 2 2 2 2 2 2 2 2 2 2
left_child=1 2 -1 4 -4 6 -5 8 11 10 -10 -2 -13 -3 15 -15 29 -18 19 27 22 26 25 -24 -23 -20 -22 28 -9 -11
right_child=7 13 3 5 -6 -7 -8 18 9 16 -12 12 -14 14 -16 -17 17 -19 20 -21 21 24 23 -25 -26 -27 -28 -29 -30 -31
leaf_value=-0.078664815621168338 -0.06734107431213722 -0.07862689116646697 -1767.2742162469947 -463.76871330046669 -0.080003483386954066 -0.085445422928435308 -0.080003667913592619 -0.047145501146064181 27.125375452353346 -0.00315721528812144 -0.080046770770139539 0.03975825842049361 0.35557300659730628 69.239136433737968 -0.0036125232443286804 -0.080241355900199637 0.16026759560556827 0.0069922125743189347 0.0010129684988480618 0.16139244216948032 -0.00048815643908956165 0.032579390288437204 -0.0075298695713379282 -0.15045971047032233 0.15837054741339684 -0.015596754715593401 0.031166259851312085 0.67977717577159968 0.075640650350817337 -0.03298478233357853
leaf_weight=99.184844255497296 103.45017152268321 10.298566799534965 0.0010411985204177845 0.001035177241653972 0.0036810208548558876 0.41602644345016415 0.0029600435227621347 6.8401535068587691 0.0029405938402636824 219.09973663735821 0.017055957690899959 7.0384763498441307 0.66015259851701547 0.0011540823979875317 153.60402317485276 0.098107748190159327 5.1243481599376528 200.02800035767768 5074.9406786753643 4.4007286238484076 4923.6260415240249 27.001385635652696 50.057100011628791 42.290888638439355 38.137880570953712 749.63614870212768 176.64513548283139 0.10384186534793194 5.667910343996482 66.225531763234471
leaf_count=3603713 2207458 4138 56 40 114 7870 90 20303 38 307688 74 1150 12 35 144814 1945 335 7127 588195 137 770473 6731 2573 665 869 224424 7996 2 2562 19311
internal_value=-0.00174377 -0.0434397 -0.101984 -5.54745 -389.727 -1.22819 -120.224 -0.000804405 -0.0116842 -0.00117814 3.92065 -0.0580472 0.0668392 -0.00788166 -0.00314153 0.725711 -0.00133803 0.0108208 -0.00021466 0.0521422 -0.000295034 0.00194011 -0.00224629 -0.0729848 0.106228 -0.00112474 0.000608177 0.014021 0.00849388 -0.0100804
internal_weight=11964.6 263.611 99.6096 0.424744 0.00472222 0.420022 0.00399522 11701 601.646 490.498 0.0199966 111.149 7.69863 164.002 153.703 0.0992618 490.478 205.152 11099.3 17.0126 11082.3 5165.41 5916.92 92.348 65.1393 5824.58 5100.27 12.6119 12.5081 285.325
internal_count=7930938 3762815 3611883 8170 170 8000 130 4168123 2543193 334573 112 2208620 1162 150932 146794 1980 334461 7462 1624930 23004 1601926 786069 815857 3238 7600 812619 778469 22867 22865 326999
is_linear=0
shrinkage=0.08


Tree=75
num_leaves=31
num_cat=0
split_feature=12 8 10 10 9 13 8 8 7 8 9 10 8 8 8 12 8 13 10 8 10 5 1 11 10 13 3 8 7 10
split_gain=75.9245 116.817 482.737 1597.87 180.893 734.864 1958.72 65357.8 270.074 639.255 20.8797 18.1993 20128.7 469.952 9.9839 8.73433 37.7542 34.4907 403.294 156969 14.1642 127.6 13.6956 9.99053 9.76151 16.8186 10.5181 8.2568 9.81197 11.472
threshold=0.5310234488275587 0.7277982133473464 0.4213106295149639 0.40409274088030572 0.28782428602572491 0.14287043189368775 0.61570918532943864 0.62405673758865265 0.36136805285658774 0.61863086850107563 0.27151675485008825 0.39662296950698211 0.69177661133967006 0.68304757304998809 0.66524822695035468 0.62912287060529193 0.77210352614208799 1.0000000180025095e-35 0.39554231079654817 0.66524822695035468 0.44141037589313464 0.28062500000000007 0.81365740740740755 0.61250000000000016 0.94349298500241907 0.35590281089462766 0.62284482758620696 0.97081701016294797 0.28012738853503194 0.51575637206223124
decision_type=2 2 2 2 2 2 2 2 2 2 2 2 2 2 2 2 2 2 2 2 2 2 2 2 2 2 2 2 2 2
left_child=1 4 3 -3 5 8 -7 -8 10 -10 -1 12 13 -6 -13 16 17 22 19 -19 21 -18 23 -2 26 -26 -22 -4 -29 -30
right_child=15 2 27 -5 11 6 7 -9 9 -11 -12 14 -14 -15 -16 -17 20 18 -20 -21 24 -23 -24 -25 25 -27 -28 28 29 -31
leaf_value=-0.032497142820137583 -0.048738665666316044 -33.213047617075787 -0.015001916550641608 -0.080159617417128626 -0.080253239013032968 -0.080003581327615148 -605.60189582256578 -2.3905866215041307 -4.2481922821579898 0.062311817581000933 -0.49135729838921527 -0.075992259557595893 -179.1420508799261 -37.689351425424569 -0.011366450440965067 -3.6896826202472011e-05 -11.25357047134518 -0.081422531617470942 -0.069996530736668672 -629.58349826064637 -0.0018867245367202485 -0.080155632617905079 0.10303356066123043 0.062083184039288572 -0.052114347259994045 -0.62702545979499513 0.043264157189700947 -0.065197913957259865 0.56697880458051564 0.018035794311926173
leaf_weight=3.1713191459718146 22.712813020988403 0.012072560548232469 138.05043064139795 0.04078920617030235 6.2998019044649887 0.084150891212629975 0.0011890569239767492 0.034623712890205383 0.36466672093229224 0.55577134287212171 0.79345449812721147 128.64583846575476 0.0040209528042652867 0.0021271327595239189 17.364211054714929 11116.427093121365 0.0071597710451659627 0.98328874480285033 48.565230835422739 0.0025416854886630693 287.22991363887763 0.075717456827987917 6.7451621311483896 6.754385422401092 13.014720503517307 0.33402145316358733 37.309926843903668 9.5195959167176607 0.24413894780445744 121.52051143527342
leaf_count=23473 185024 36 108269 79 244306 3032 49 570 14123 3877 14321 4727277 37 9 82998 1624785 30 10743 762294 70 87050 109 386 24707 931 4 2534 1239 22 9172
internal_value=-0.00169192 -0.0348303 -0.00284265 -7.64704 -0.089604 -0.562831 -6.7487 -22.4184 -0.410928 -1.64546 -0.124327 -0.0740535 -0.207117 -0.0929477 -0.0683067 -0.000466595 -0.0117395 -0.0591434 -0.102514 -1.70442 0.000289738 -1.04543 0.000202131 -0.0233364 0.000546231 -0.0665002 0.00330394 -0.00134234 0.0130212 0.0191364
internal_weight=11966.9 426.709 269.388 0.0528618 157.321 5.00518 0.119964 0.0358128 4.88521 0.920438 3.96477 152.316 6.30595 6.30193 146.01 11540.2 423.735 85.7634 49.5511 0.98583 337.971 0.0828772 36.2124 29.4672 337.889 13.3487 324.54 269.335 131.284 121.765
internal_count=7931556 5232889 118817 115 5114072 59445 3651 619 55794 18000 37794 5054627 244352 244315 4810275 2698667 1073882 983224 773107 10813 90658 139 210117 209731 90519 935 89584 118702 10433 9194
is_linear=0
shrinkage=0.08


Tree=76
num_leaves=31
num_cat=0
split_feature=12 8 9 8 8 11 8 10 10 12 5 8 1 5 2 11 11 13 10 3 5 6 8 4 9 8 5 11 1 4
split_gain=59.933 87.6858 316.817 3238.62 9821.19 57964.1 56.4535 927.151 21.0464 127.376 10.2509 8.86663 27.5075 49.4737 55.0877 24.8163 22.2442 86.3531 24.7684 19.3572 17.7913 17.2814 65.919 13.4664 10.0959 10.0448 34.5901 47.6964 98.5536 78.6628
threshold=0.49561369757599083 0.66524822695035468 0.28782428602572491 0.61570918532943864 0.62084711069122978 0.30384615384615393 0.61024906501153831 0.4483531776712541 0.40091324200913248 0.47255065609495989 0.6478537360890303 0.89492086860507924 0.87068004459308812 0.97826086956521752 0.81016731016731025 0.30384615384615393 0.47222222222222227 0.58227617846191659 0.4677890963969063 0.98888888888888904 0.33809523809523817 1.0000000180025095e-35 0.52416573971078984 0.63333333333333341 0.58592292350254149 0.99779735682819404 0.58898944193061853 0.85416666666666685 0.97617697107203638 0.11805555555555557
decision_type=2 2 2 2 2 2 2 2 2 2 2 2 2 2 2 2 2 2 2 2 2 2 2 2 2 2 2 2 2 2
left_child=1 2 3 6 5 -5 -1 -8 9 -3 -10 12 13 14 -2 -15 21 18 -18 -16 -19 22 -14 -23 -17 -13 27 29 -29 -27
right_child=11 8 -4 4 -6 -7 7 -9 10 -11 -12 25 16 15 19 24 17 20 -20 -21 -22 23 -24 -25 -26 26 -28 28 -30 -31
leaf_value=-0.05660505147554859 -0.056885677168168149 -0.080354971447460205 -0.076939974111183959 -346.1182862321449 -0.080005122253837269 -17.164097408082331 78.702017716442924 -0.080004444308876155 -0.054619821946493702 -11.801514100541995 0.00096308188699595733 0.0031937513448061982 -0.070607758283250721 -0.070184432559591475 0.053762704522169809 -0.013365204030554243 -0.065340843205630245 -0.045318378975544159 0.063622370580647777 -1.488059904025963 0.097204663835517111 0.052297333046723224 -0.0036415705886248418 0.0002895338735623509 0.01371606434491904 0.055541359848552845 -0.010325111609113907 0.0033706759187049659 0.066744415644668417 -0.021833916540594103
leaf_weight=1.6665937242251789 251.1693376282019 0.045431862168782242 103.94517677905702 0.0036990126809540716 0.13947344198643918 0.046828437814269819 0.0010154601162354329 0.016338177712640345 24.041368721708324 0.0068250963406058093 181.93428786192868 4522.6992161186818 108.93233130658336 30.644843977416826 34.099189347141873 133.12791604902026 10.13316798460073 96.289898658404127 160.42875401962738 0.05219358514295791 5.9520364878699175 32.381409399327822 689.80651889732326 1992.5587415148038 260.491123119983 99.131086673442042 1741.0455211812514 654.84552452782737 206.59533695313439 554.21396059801918
leaf_count=45461 1792490 172 4258612 159 3778 423 129 735 68647 31 72835 136033 891213 149157 19611 226246 4797 1517 3478 23 59 863 67994 40660 76581 4567 17520 12468 22725 9388
internal_value=-0.00172523 -0.0363338 -0.0955261 -1.12647 -11.0274 -41.2462 -0.00933877 4.52998 -0.00593179 -1.61121 -0.00552452 -0.000793597 -0.00395762 -0.0181649 -0.0439237 -0.000841834 -0.000701913 0.0211126 0.0559606 0.0514063 -0.0370214 -0.00280948 -0.0127744 0.00112121 0.00455677 0.000754572 -0.00263371 0.00620653 0.0185693 -0.0100939
internal_weight=11896.4 311.847 105.819 1.87395 0.190001 0.0505275 1.68395 0.0173536 206.028 0.052257 205.976 11584.6 3806.07 709.585 285.321 424.264 3096.48 272.804 170.562 34.1514 102.242 2823.68 798.739 2024.94 393.619 7778.53 3255.83 1514.79 861.441 653.345
internal_count=7928372 4450982 4309297 50685 4360 582 46325 864 141685 203 141482 3477390 3274689 2264108 1812124 451984 1010581 9851 8275 19634 1576 1000730 959207 41523 302827 202701 66668 49148 35193 13955
is_linear=0
shrinkage=0.08


Tree=77
num_leaves=31
num_cat=0
split_feature=12 10 9 10 8 8 7 7 8 9 7 8 7 7 4 1 2 1 4 11 8 9 3 4 5 4 11 11 5 0
split_gain=107.331 187.437 3099.91 15200 55257.4 2.08846e+06 631.916 150.152 42.7171 61.3489 474.68 957.419 142.165 7.65328 7.06066 76.5557 133.655 59.9113 91.8713 54.938 68.3094 48.4194 45.899 41.4149 101.572 36.3673 34.005 33.1237 31.2614 29.1737
threshold=0.49561369757599083 0.44906606710480818 0.28782428602572491 0.43732923497267767 0.61863086850107563 0.59748178650617689 0.48790243902439029 0.37356017476499409 0.66524822695035468 0.28782428602572491 0.40264098317789598 0.61863086850107563 0.39246421388856034 0.25472370766488417 0.41428571428571431 0.8352713178294574 0.78611556982343511 0.82842724978973936 0.55000000000000016 0.41428571428571431 0.97081701016294797 0.47081535316829431 0.50531914893617036 0.90000000000000013 0.11882352941176472 0.70833333333333337 0.85416666666666685 0.20714285714285716 0.042572463768115944 0.70087719298245621
decision_type=2 2 2 2 2 2 2 2 2 2 2 2 2 2 2 2 2 2 2 2 2 2 2 2 2 2 2 2 2 2
left_child=1 2 3 6 5 -5 7 -1 9 10 12 -12 -3 -10 15 16 19 22 29 20 -2 -18 -16 25 -25 -20 -24 -17 -28 -19
right_child=14 8 -4 4 -6 -7 -8 -9 13 -11 11 -13 -14 -15 17 27 21 18 23 -21 -22 -23 26 24 -26 -27 28 -29 -30 -31
leaf_value=-0.0032502431772098838 -0.049321825091424201 -0.51672272163293709 -0.077891860654925829 -0.080001656289088341 -0.083825203418676025 -2835.6309703289567 -51.127919880062713 -3.2862374871201401 -0.078749688539625926 -0.075844992730516231 -29.80295066638671 -0.080003778693809688 10.556491539656179 -0.0042252987900586233 -3.8221246060788521 0.022674987898246658 -0.045190097321087662 0.017173861188368004 -0.011925909055721426 0.00035624306506136099 0.012542537210595939 0.1028825206382685 -0.070499205518042452 0.00027074334723698428 0.100390718817956 -0.06623946420896927 -0.76920037525142604 -0.055073107593286527 -0.20689383791485083 0.055368395200258602
leaf_weight=1.0132723362324907 326.26679443273406 0.55295961193382848 36.402173687700312 0.048800425364220329 0.1518158402203216 0.0017210059204728614 0.0015671554650310551 0.097762901540654812 9.2366036889469552 60.689798921325192 0.010766091864921019 0.019495189056814171 0.0075212732017886355 195.17359565813334 0.021174560886719429 41.130857218624442 16.358140171760169 291.60261843838089 744.13191507727242 4151.73573482744 175.76817109331023 103.92678084640647 34.325986829971043 5100.8474556015863 65.685527616951731 88.257519825663621 0.78292083141422963 238.01118875573775 3.2992766809711611 228.10713330702856
leaf_count=14258 1466894 21914 1663523 3468 341 139 101 6924 3728 2597776 2713 719 799 135982 18 16138 13096 19221 230951 851507 6081 3428 45386 778494 7743 3230 40 7437 143 27922
internal_value=-0.00187555 -0.0488475 -0.215735 -4.03171 -24.201 -96.6727 -0.363734 -0.292129 -0.0251564 -0.0837422 -0.89506 -10.6546 -0.368128 -0.0075928 -0.000648048 -0.00289536 -0.000514331 0.00108384 0.00167098 -0.00266633 -0.0276624 0.0827454 -0.0985109 -0.00112443 0.00154363 -0.0176847 -0.096458 -0.0436171 -0.314738 0.0339379
internal_weight=11913.7 303.408 37.7171 1.31494 0.202337 0.0505214 1.1126 1.11104 265.691 61.2805 0.590742 0.0302613 0.560481 204.41 11610.3 5053.2 4774.06 6557.06 6518.63 4653.77 502.035 120.285 38.4294 5998.92 5166.53 832.389 38.4082 279.142 4.0822 519.71
internal_count=7930114 4452385 1688754 25231 3948 3607 21283 21182 2763631 2623921 26145 3432 22713 139710 3477729 2364581 2341006 1113148 1067561 2324482 1472975 16524 45587 1020418 786237 234181 45569 23575 183 47143
is_linear=0
shrinkage=0.08


Tree=78
num_leaves=31
num_cat=0
split_feature=12 8 8 10 8 5 8 8 12 10 11 14 12 8 12 6 7 2 2 2 13 3 11 12 5 11 5 5 7 2
split_gain=138.258 109.451 45.901 318.476 3094.57 5477.09 47.0004 1638.43 19.8571 49.2418 11.3558 9.70681 10.4421 31.9554 20.4661 9.09873 8.04046 21.6456 28.7266 20.3618 12.0685 21.0873 19.2663 7.35639 90.3204 121.529 8.04527 11.605 9.13101 7.14464
threshold=0.42524210335777002 0.66524822695035468 0.61570918532943864 0.44141037589313464 0.62084711069122978 0.49390243902439029 0.62084711069122978 0.61863086850107563 0.49238500193274065 0.56422949987306437 0.85416666666666685 1.0000000180025095e-35 0.67615766541696232 0.73353057199211047 0.49336270190895742 1.0000000180025095e-35 0.93777654867256655 0.33568075117370899 0.86526825332795487 0.096399535423925667 0.52533812703304239 0.61721611721611735 0.47222222222222227 0.42598071444225294 1.0000000180025095e-35 0.47222222222222227 0.3816526610644258 0.38548951048951058 0.32897584871269087 0.12599206349206352
decision_type=2 2 2 2 2 2 2 2 2 2 2 2 2 2 2 2 2 2 2 2 2 2 2 2 2 2 2 2 2 2
left_child=1 2 -1 4 5 -4 7 -5 9 -2 -8 16 13 15 -15 -13 20 19 -19 -18 22 -22 -10 24 25 -11 28 -28 -25 -3
right_child=8 29 3 6 -6 -7 10 -9 11 23 -12 12 -14 14 -16 -17 17 18 -20 -21 21 -23 -24 26 -26 -27 27 -29 -30 -31
leaf_value=-0.094062282833536875 -0.083274547260486748 -0.0022571527474981711 -237.41353616007331 -27.189133608146062 -0.080007292683665271 -0.080007764021476316 -0.17547214273660128 0.23008865619648514 -0.0052008495857136074 -0.080083204642614536 -0.30211444174853958 -0.0650172207894327 -0.0018168171936376956 0.38745999560110589 -0.0051848263807876159 0.014354948369432461 -0.0086693172242094038 -0.031455176765272111 0.00058589554077850109 0.019080336032329732 0.36924712842831925 0.0093680510202481422 0.0084041013363664492 0.28013459593690304 0.1419585402886181 17.375660609525273 1.0218045710674126 0.0099818589895536314 -0.090187939547580559 -0.068581713828131607
leaf_weight=55.959660981608337 64.313572569229081 78.829070136057524 0.0010112350987198891 0.014746262888369721 0.024780574133693278 0.001618099512212509 24.230756081543131 0.25749816417260135 1591.0815827366564 0.0057617034563141045 5.5738981487816224 82.688475350993087 5532.0952108839247 0.85130423487339513 424.53733354555578 10.406516276998444 303.19086012989283 309.96883861673996 424.10021765145939 383.02414796082303 1.0428263535723079 1394.4428401049663 1145.9822468933139 0.44995620709442974 1.0668911728021013 0.0045830134149582591 0.072603806384093583 92.179697637586884 8.0462429692910984 11.973572131427018
leaf_count=1735451 2387469 32798 55 469 737 73 12746 1944 688849 26 2146 1627078 815874 407 194398 1291 2370 6543 9926 3475 19 25389 185306 290 1162 19 830 97904 67956 28445
internal_value=-0.00206584 -0.0722717 -0.136914 -0.216569 -8.83596 -91.3579 -0.208714 -1.25509 -0.00101082 -0.0284723 -0.199156 -0.000617623 -0.00283426 -0.0136901 -0.00439905 -0.0561447 0.00179771 -0.00339501 -0.0129438 0.00681969 0.00358235 0.00963698 0.000495412 0.006141 0.21409 7.65332 0.00391754 0.0107782 -0.0705758 -0.011003
internal_weight=11946.4 176.867 86.064 30.1043 0.0274099 0.00262933 30.0769 0.272244 11769.6 166.139 29.8047 11603.4 6050.58 518.484 425.389 93.095 5552.83 1420.28 734.069 686.215 4132.55 1395.49 2737.06 101.826 1.07724 0.0103447 100.749 92.2523 8.4962 90.8026
internal_count=7931445 1814864 1753621 18170 865 128 17305 2413 6116581 2555656 14892 3560925 2639048 1823174 194805 1628369 921877 22314 16469 5845 899563 25408 874155 168187 1207 45 166980 98734 68246 61243
is_linear=0
shrinkage=0.08


Tree=79
num_leaves=31
num_cat=0
split_feature=12 5 7 7 11 8 8 8 7 8 12 8 8 9 9 9 11 8 9 7 5 5 7 7 9 11 1 9 3 11
split_gain=163.984 203.788 4483.02 8007.93 7040.46 8164.43 89.0197 26.638 27.4824 437.784 20.375 47.9023 61.8374 16344.2 10.8418 9.91926 9.76322 7.97154 8.90737 7.97404 6.87229 18.301 8.2231 6.00741 22.0337 21.7406 18.3006 12.7914 13.8423 19.5383
threshold=0.42827748383303949 1.0000000180025095e-35 0.42524210335777002 0.42598071444225294 0.47222222222222227 0.6349958624840143 0.66524822695035468 0.61570918532943864 0.30521412860654679 0.62084711069122978 0.51442441054091548 0.61863086850107563 0.61298427621980889 0.29340579710144932 0.3770062655566046 0.52897893894961356 0.85416666666666685 0.93377192982456148 0.44090254847176369 0.4091786591786592 0.3816526610644258 0.43019480519480524 0.32897584871269087 0.98496155585707845 0.7335008375209382 0.47222222222222227 0.33589743589743587 0.95949851585689738 0.96871945259042047 0.80909090909090919
decision_type=2 2 2 2 2 2 2 2 2 2 2 2 2 2 2 2 2 2 2 2 2 2 2 2 2 2 2 2 2 2
left_child=1 2 -1 4 -4 -6 7 -3 9 -9 11 12 -2 -14 -8 20 -10 18 -16 -19 22 -22 -13 27 -25 -26 -27 -12 -29 -30
right_child=10 6 3 -5 5 -7 14 8 16 -11 23 15 13 -15 17 -17 -18 19 -20 -21 21 -23 -24 24 25 26 -28 28 29 -31
leaf_value=-0.085757634717459161 -0.078923901546879921 -0.090529302750569696 -0.080026980163922415 -0.080250196225209292 -48.78531387727606 -187.15859394860965 -0.027726906963472891 -37.502568428688356 -0.1602976195943818 -0.080002716042243516 -0.00012033488474361315 0.28470109309388025 -262.64909667003656 -0.080182383564702031 -0.07292857558501295 -0.090832735421985764 -0.27492419692087761 0.14077881348456087 0.092745875851654586 0.017030408570033826 0.31981563531611512 0.0055587616896475532 -0.067736844474178132 0.038704719900199289 0.023402060582449997 0.0022209941420117786 -0.02468690294383289 0.0013105860927004854 -0.015299679784728987 -0.070984400066845796
leaf_weight=3.3135501949446358 59.778283156056787 51.277727720957628 0.018928544921436835 0.090741574932823726 0.031124123112022062 0.0029912621018866039 70.667969588930916 0.0021377413911726198 25.622494172284068 0.031198747423125894 9707.1233458502611 0.43980756617220329 0.0015230108661360422 0.4008668672378235 6.5224990119860768 7.5522777060710373 5.8393622075662277 6.314002363695181 3.0472188917622356 7.0576347745809471 1.1966350241878831 133.47546824885407 11.563024898110584 113.16254888335243 237.18645838362863 736.08186641521752 207.32904539816082 254.76051719981479 262.35617828834802 47.6514788470231
leaf_count=66667 2805303 1771366 689 3071 329 12 48608 213 14362 1494 2991534 334 98 11879 9546 24163 2391 606 2357 539 6540 87379 53528 1841 3165 4925 11074 3261 1976 1665
internal_value=-0.00176465 -0.0775803 -0.685846 -14.5149 -39.2082 -60.918 -0.0656574 -0.126097 -0.184005 -2.47977 -0.000607217 -0.0250432 -0.0855772 -1.07398 -0.0122145 -0.00142233 -0.181572 0.0355695 -0.020174 0.0754636 0.0031814 0.00835111 -0.0548228 -0.000154215 0.00498323 0.00175096 -0.00369243 -0.000801283 -0.0125053 -0.023859
internal_weight=11959.9 179.84 3.45734 0.143786 0.0530439 0.0341154 176.382 82.7729 31.4952 0.0333365 11780.1 214.408 60.1807 0.40239 93.6093 154.227 31.4619 22.9414 9.56972 13.3716 146.675 134.672 12.0028 11565.7 1293.76 1180.6 943.411 10271.9 564.768 310.008
internal_count=7930915 1922250 70768 4101 1030 341 1851482 1789826 18460 1707 6008665 2989224 2817280 11977 61656 171944 16753 13048 11903 1145 147781 93919 53862 3019441 21005 19164 15999 2998436 6902 3641
is_linear=0
shrinkage=0.08


Tree=80
num_leaves=31
num_cat=0
split_feature=12 8 8 10 9 9 10 7 10 14 7 13 8 10 10 10 7 10 8 12 10 9 9 4 0 4 9 7 7 9
split_gain=101.623 93.9905 19.7017 13.1705 24.2173 7.23426 10.2728 8.05096 18.7042 5.22244 14.5729 47.8964 31.894 114.025 11.2736 10.0159 10.6455 17.6663 11.0509 10.2642 17.6124 9.63622 10.6847 9.68152 75.2648 43.5377 9.35727 6.46105 12.2845 11.9361
threshold=0.47332761190659017 0.66524822695035468 0.62084711069122978 0.77696478391324952 0.47081535316829431 0.40511785246617205 0.82944896115627831 0.43341543513957315 0.78755641521598985 1.0000000180025095e-35 0.65846083926677779 1.0000000180025095e-35 0.65339933993399357 0.40091324200913248 0.77696478391324952 0.78755641521598985 0.64238000442380006 0.87864627584253763 0.81173769550868147 0.95820858283433152 0.8597311034595837 0.35058240728343826 0.3492756636861441 0.41428571428571431 0.83484848484848506 0.55000000000000016 0.69037083860092718 0.98496155585707845 0.86377084454007547 0.51954418130888724
decision_type=2 2 2 2 2 2 2 2 2 2 2 2 2 2 2 2 2 2 2 2 2 2 2 2 2 2 2 2 2 2
left_child=1 2 -1 -4 -5 -3 7 8 -7 15 11 -11 14 -14 -13 27 17 -17 -19 20 -18 22 -12 24 -23 -25 -21 28 29 -2
right_child=9 5 3 4 -6 6 -8 -9 -10 10 21 12 13 -15 -16 16 19 18 -20 26 -22 23 -24 25 -26 -27 -28 -29 -30 -31
leaf_value=-0.086686773200795916 0.002571860370575778 -0.021965598009363669 -0.16730763702002263 -0.08242286883908985 2.7340402930588472 0.045108596476537026 -0.055599184124161198 0.0062368356237205817 0.31167708002109445 -0.002038135759565515 0.18231981843425474 -0.072975456301313288 -9.0786845728375596 -0.018346821106534003 -0.97090018461667005 0.00044145887117705946 -0.01038255332285544 0.14730262042452866 -0.040177556441048402 0.025229095924435313 0.012620481967363985 -1.3922553518426723e-05 1.3010467171548272 0.03669231229991201 -0.071664521746039572 7.1081002671814219e-05 -0.0051994803247662003 0.033249819595812698 -0.014537257570598929 0.015386418143961769
leaf_weight=84.139860944229028 1652.820028809836 106.23430084543108 27.894750446841488 0.062598404315962308 0.028404676434774956 12.569167334381197 10.512903839306857 25.569945978274639 1.9453549828831445 1419.6339611500816 0.97120437258126802 100.8989663603255 0.0088902122265314132 202.73061087700543 0.089566666201860268 189.11827556405751 296.74968399586214 2.0428680303666615 133.97694558723015 67.41104806016665 755.02346750498327 2429.1351219414755 0.057895034406101331 239.0488056848626 97.597816716472153 1587.7979459266353 1596.1480374577513 51.153893984854221 199.05676347273402 647.41318693189623
leaf_count=3617605 703713 79980 34911 55 10 8279 1671 19486 371 549963 350 2027385 213 319731 314 8414 21032 116 3395 955 21619 244888 30 4439 1925 25859 23746 971 4063 204870
internal_value=-0.00147754 -0.0500955 -0.106027 -0.164173 0.796676 -0.0101079 0.0147886 0.0332492 0.0808363 -0.000356943 -0.00198015 -0.00820703 -0.0370406 -0.0187441 -0.0737718 0.00140767 -0.00169353 -0.0153733 -0.0373618 -5.54922e-05 0.00613035 0.000484174 0.245257 0.000426315 -0.00278151 0.00486309 -0.00396645 0.00510472 0.00452867 0.00617859
internal_weight=11937.8 268.957 112.126 27.9858 0.0910031 156.832 50.5974 40.0845 14.5145 11668.9 6077.97 1723.36 303.728 202.74 100.989 5590.91 3040.47 325.138 136.02 2715.33 1051.77 4354.61 1.0291 4353.58 2526.73 1826.85 1663.56 2550.44 2499.29 2300.23
internal_count=7930359 3762368 3652581 34976 65 109787 29807 28136 8650 4167991 3175097 2897606 2347643 319944 2027699 992894 79277 11925 3511 67352 42651 277491 380 277111 246813 30298 24701 913617 912646 908583
is_linear=0
shrinkage=0.08


Tree=81
num_leaves=31
num_cat=0
split_feature=12 8 12 8 10 5 10 3 3 4 8 9 8 12 10 9 8 10 8 2 2 9 5 10 12 11 13 4 2 4
split_gain=79.8232 70.5292 14.314 56.4835 141.529 1052.95 1561.46 12.711 30.5928 76.4659 12.6479 8.9471 18.7429 68.1702 107.107 10.1295 8.75626 7.28504 8.9937 7.24458 10.0486 68.9939 10.6829 7.02639 5.34223 5.25589 5.13302 5.1257 72.6223 33.23
threshold=0.42524210335777002 0.66524822695035468 0.61916847957457111 0.67507961783439507 0.40752535975465926 0.37354651162790703 0.39909502262443447 0.83935483870967753 0.84327485380116973 0.63333333333333341 0.62084711069122978 0.45748157418995977 0.66804407713498626 0.38903903903903908 0.5932608871948748 0.47213595583160806 0.87260524710189158 0.90033112582781472 0.97081701016294797 0.12599206349206352 0.12372448979591839 0.39798456696111278 0.057189542483660136 0.97339233038348094 0.54579000335457906 0.85416666666666685 1.0000000180025095e-35 0.90000000000000013 0.93475177304964541 0.70833333333333337
decision_type=2 2 2 2 2 2 2 2 2 2 2 2 2 2 2 2 2 2 2 2 2 2 2 2 2 2 2 2 2 2
left_child=1 10 3 7 5 6 -5 26 9 -9 -1 19 13 14 -13 16 -14 18 -6 20 22 -22 -3 -19 -10 -12 -2 29 -29 -4
right_child=2 11 27 4 17 -7 -8 8 24 -11 25 12 15 -15 -16 -17 -18 23 -20 -21 21 -23 -24 -25 -26 -27 -28 28 -30 -31
leaf_value=-0.088272329786414944 -0.045780723625203842 0.92032882535550908 -0.00098517433409429423 -110.29352015671539 -0.0075066734006339324 -0.080041538517112806 -0.080005165112051913 -0.08003800986548415 0.11420301820946117 8.661938775519177 -0.1390413698257538 15.89486432317007 0.19268198928164054 -0.080021729126583688 -0.080025633256304615 -0.08185273132190915 0.84213230089394142 -0.049883536019742637 0.01493279489286059 -0.073992263583327361 -0.080064465672666757 6.3894953894512154 -0.0054476862410122381 0.050911214968205443 -0.019007694643583765 -0.22276929311402388 -0.084802822696471353 0.063411789695596993 0.00025160902733861414 -0.049492085520271956
leaf_weight=43.411252689009316 31.099944303182241 0.079859277666428308 5903.9127639187973 0.0014499520082270488 275.87389442256745 0.025656541463182872 0.0019017447523987916 0.021330457244457146 2.39039077160436 0.0091508584173425334 23.479137028814538 0.0050078440544828462 0.58235161946946856 0.030167915447223193 0.0057937309393309988 0.69891013344934494 0.17213705336325802 30.973960313038162 195.19393526039323 10.657791893680054 0.071843336857132623 0.012365516625758133 74.064499778347866 5.1642334242787902 9.933608538734914 6.0307499985255921 70.43467559948644 119.26692767526401 5040.4667777532541 91.791791752999416
leaf_count=1737232 791395 58 904004 53 366973 223 58 519 11926 65 13331 15 362 201 27 650 13 3489 7355 27751 231 34 31751 359 14216 2271 3226771 16603 769534 3232
internal_value=-0.00155602 -0.0578065 -0.000795113 -0.012615 -0.00118368 -5.58897 -47.7586 -0.0635276 0.0130909 2.54441 -0.115742 -0.00889823 0.185151 1.87264 7.32628 0.137583 0.340854 -0.000864102 0.00179145 -0.0123143 -0.00345859 0.869948 -0.00445055 -0.0354797 0.00683016 -0.156152 -0.0728504 -0.000136991 0.00171155 -0.0017278
internal_weight=11935.9 159.302 11776.6 621.124 507.235 0.0290082 0.0033517 113.889 12.3545 0.0304813 72.9211 86.3807 1.49437 0.0409695 0.0108016 1.4534 0.754489 507.206 471.068 84.8864 74.2286 0.0842089 74.1444 36.1382 12.324 29.5099 101.535 11155.4 5159.73 5995.7
internal_count=7930702 1813927 6116775 4423402 378510 334 111 4044892 26726 584 1752834 61093 1268 243 42 1025 375 378176 374328 59825 32074 265 31809 3848 26142 15602 4018166 1693373 786137 907236
is_linear=0
shrinkage=0.08


Tree=82
num_leaves=31
num_cat=0
split_feature=12 8 8 9 12 12 8 10 13 6 7 9 9 13 2 8 11 4 3 5 3 4 11 8 9 11 12 5 3 12
split_gain=97.9426 85.728 241.241 4098.66 6192.41 11.4927 61.8114 38.5817 622.247 17.3597 10.8261 9.16429 8.75286 8.68225 7.45288 7.28979 50.0145 125.735 39.0308 26.506 105.417 74.9739 45.77 27.3904 48.0922 28.5186 25.5357 28.8331 23.0731 11.3372
threshold=0.42524210335777002 0.67507961783439507 0.66524822695035468 0.45843495934959355 0.38763104873134591 0.62912287060529193 0.66524822695035468 0.40091324200913248 0.043093750608201496 1.0000000180025095e-35 0.5688481141692151 0.28782428602572491 0.48155706727135306 0.3636893564028511 0.11215932914046124 0.99779735682819404 0.85416666666666685 0.36666666666666675 0.81016731016731025 0.97826086956521752 0.59359359359359365 1.0000000180025095e-35 0.85416666666666685 0.93377192982456148 0.81266711229946542 0.69047619047619058 0.71463077984817136 0.57979626485568769 0.75337837837837851 0.75172545099719179
decision_type=2 2 2 2 2 2 2 2 2 2 2 2 2 2 2 2 2 2 2 2 2 2 2 2 2 2 2 2 2 2
left_child=1 2 11 -4 -5 6 9 8 -8 -2 12 -1 -9 -12 -3 19 26 18 -18 20 22 -22 -7 24 -21 -25 28 -28 -17 -19
right_child=5 14 3 4 -6 15 7 10 -10 -11 13 -13 -14 -15 -16 16 17 29 -20 23 21 -23 -24 25 -26 -27 27 -29 -30 -31
leaf_value=-0.13434930923210123 -0.07271948717403913 -0.0016478869250701939 -0.080456900402455109 -56.466172494321071 -0.078767771582019336 -0.061172692409266309 -0.080171575950371013 -0.0010156525254067926 52.944570139972022 0.046179761358155956 -0.011550250338888773 -0.073884725376593047 0.025902972131648046 -0.16128593414319073 -0.068126718926141444 0.079399133361673369 -0.0006318231679065488 -0.11070288541818166 -0.057280894834911042 0.014730813252999944 0.05298632675038302 0.00019964156488453449 -0.0060268810397051545 0.044190477539733833 -0.033655139462401 0.010714863516844338 -0.010573385710100249 -0.039568328528158427 -0.092629803682026696 0.062153941696272315
leaf_weight=45.214275855563372 107.42243039133268 75.354634952515099 0.82243698601994852 0.021231625512882629 0.030185751668712818 253.61901036025785 0.023143594521690139 198.44037480584939 0.0015087343698429864 8.4792802228184865 228.75480836403813 24.865188595266574 126.64676955717573 2.5054900641262057 12.597149853071285 28.708316581440158 1786.0702578615164 2.4552164659253313 81.386727915072697 397.39424532904377 177.25066007510304 6047.2138625253438 155.3114255492971 243.83383600832894 196.46021334195393 490.53776304237545 655.66125417717558 329.95511893671937 6.0395233802264547 222.06344840763632
leaf_count=45132 4016328 29062 6019 33 208 297049 119 134791 188 1252 222138 1708426 116391 324 25952 1658 16190 118 4246 100436 34119 1071884 43336 10027 3631 2785 11720 2670 73 24250
internal_value=-0.00156046 -0.0639467 -0.129368 -1.45038 -23.3627 -0.000716491 -0.0108727 0.000199021 3.16497 -0.0640209 5.87864e-05 -0.112896 0.00947125 -0.0131725 -0.0111695 -9.99339e-05 -0.0033828 0.00369982 -0.00310068 0.0011834 -0.000882122 0.00170282 -0.0402284 0.011499 -0.00127633 0.0218298 -0.0179038 -0.02028 0.0494988 0.0602637
internal_weight=11905.1 158.905 70.9533 0.873854 0.0514174 11746.2 672.274 556.372 0.0246523 115.902 556.347 70.0795 325.087 231.26 87.9518 11074 3112.34 2091.98 1867.46 7961.62 6633.39 6224.46 408.93 1328.23 593.854 734.372 1020.36 985.616 34.7478 224.519
internal_count=7930555 1814832 1759818 6260 241 6115723 4491531 473951 307 4017580 473644 1753558 251182 222462 55014 1624192 60925 44804 20436 1563267 1446388 1106003 340385 116879 104067 12812 16121 14390 1731 24368
is_linear=0
shrinkage=0.08


Tree=83
num_leaves=31
num_cat=0
split_feature=12 10 7 10 3 2 7 10 5 7 9 10 7 10 9 7 5 7 7 9 7 11 10 7 2 11 7 2 5 3
split_gain=89.158 567.1 32572.1 95838.1 220576 128712 5926.21 12015.5 15965 1130.2 5705.7 589.11 226.881 87.0253 22.4237 15.7893 13.1874 11.8937 12.1981 10.8245 10.7858 8.07324 6.77695 18.2239 14.1872 14.5042 38.4299 28.7402 9.58496 20.9315
threshold=0.62912287060529193 0.40091324200913248 0.5747814715396794 0.39554231079654817 0.2620137299771168 0.34549071618037142 0.51928389290267751 0.39554231079654817 0.4555335968379447 0.48898592916060174 0.28782428602572491 0.39401403194506646 0.43341543513957315 0.55501995064234155 0.29340579710144932 0.43643578643578651 0.97826086956521752 0.48898592916060174 0.49404677533664076 0.28043081832687494 0.30521412860654679 0.30384615384615393 0.97339233038348094 0.93777654867256655 0.33568075117370899 0.23611111111111113 0.98496155585707845 0.88471760797342203 0.73431372549019625 0.87068004459308812
decision_type=2 2 2 2 2 2 2 2 2 2 2 2 2 2 2 2 2 2 2 2 2 2 2 2 2 2 2 2 2 2
left_child=1 2 6 -4 -5 -6 9 11 -9 12 -11 -8 -1 15 17 -3 -17 -15 -19 -18 -16 -22 -2 28 -25 26 -26 -27 29 -24
right_child=22 13 3 4 5 -7 7 8 -10 10 -12 -13 -14 14 20 16 19 18 -20 -21 21 -23 23 24 25 27 -28 -29 -30 -31
leaf_value=-0.027307619958567075 -0.0014662781167766399 -0.096202508481229659 -0.080035321312965341 -0.080009208508063395 -1224.0861650288273 -146.60705469073383 -1.7083626625542372 -121.69147780667025 -11.840949515862407 -160.57855776330945 -3.9799664893245037 -28.173461378041647 -1.2597318791967391 -0.065321977476769197 0.20014652141961756 -0.071905266312179722 0.48762983860749332 1.4281058614397961 0.16837474510179759 -0.010494161875009152 -0.03075564122684438 0.0016061297838162979 0.05757918612173249 0.0058571017305213257 -0.052798382070555282 -0.020281558046913516 0.017229731600396973 0.018556427644703305 0.00031633269174256845 0.013024386702556583
leaf_weight=15.893083187947282 8926.3457782422538 78.904863669600701 0.024699161625487576 0.0053449895598789432 0.0020261335895299659 0.0010919485491229786 0.098260026806764239 0.014472318393853573 0.020406522372497404 0.0014952702955167698 0.35872552797511403 0.0056950625442908622 1.0171827774101476 43.323145822950188 1.705159135769917 49.601804156652705 0.28166489185845733 0.053021666558830893 0.68155773057619706 31.873626878287833 54.284282080804587 541.22546027600879 84.59936446644133 857.45736500341445 135.0658372087637 257.05517950773356 79.777586708572926 231.99925998970866 188.65184612938901 333.52773802091542
leaf_count=259042 1591701 1974946 429 68 111 38 2410 687 632 174 8227 205 75205 24348 2612 2333865 914 42 345 519992 329631 773212 2320 6502 939 5236 1852 7892 1550 6809
internal_value=-0.00237258 -0.0278383 -0.479115 -79.6887 -312.023 -846.754 -0.328233 -16.7906 -57.4214 -0.195895 -4.63 -3.15822 -0.10144 -0.0180228 -0.00483174 -0.070674 -0.046036 -0.0599095 0.259302 -0.00613084 -0.000768547 -0.00134384 -0.000491827 0.00352005 -0.00105223 -0.00946886 -0.0267949 -0.00185747 0.0152854 0.0220391
internal_weight=11913.9 819.377 17.4425 0.0331622 0.00846307 0.00311808 17.4093 0.138834 0.0348788 17.2705 0.360221 0.103955 16.9103 801.935 641.273 160.662 81.7571 44.0577 0.734579 32.1553 597.215 595.51 11094.5 2168.13 1561.36 703.898 214.843 489.054 606.779 418.127
internal_count=7931936 6307135 347228 646 217 149 346582 3934 1319 342648 8401 2615 334247 5959907 1130190 4829717 2854771 24735 387 520906 1105455 1102843 1624801 33100 22421 15919 2791 13128 10679 9129
is_linear=0
shrinkage=0.08


Tree=84
num_leaves=31
num_cat=0
split_feature=12 10 7 8 8 8 8 8 8 7 5 13 10 10 7 8 2 11 11 13 11 2 10 7 8 7 8 14 5 2
split_gain=77.6711 349.366 44544.1 57721.5 116609 14719.4 6768.84 9834.1 100.912 7.97612 7.79504 7.98522 7.00019 6.93188 14.2881 13.6232 28.8521 30.827 16.2484 41.205 15.9775 11.322 10.4746 28.7862 19.5234 13.8439 19.5908 12.2899 10.3656 29.6401
threshold=0.51442441054091548 0.40091324200913248 0.48898592916060174 0.70023041474654379 0.52529907368617057 0.70023041474654379 0.66524822695035468 0.68304757304998809 0.66524822695035468 0.40264098317789598 0.97826086956521752 0.17032429764127663 0.48900966183574884 0.97339233038348094 0.93777654867256655 0.99779735682819404 0.40270270270270275 0.47222222222222227 0.85416666666666685 0.58227617846191659 0.61250000000000016 0.39369100844510685 0.94349298500241907 0.86377084454007547 0.958456607495069 0.93777654867256655 0.97081701016294797 1.0000000180025095e-35 0.6478537360890303 0.10620300751879698
decision_type=2 2 2 2 2 2 2 2 2 2 2 2 2 2 2 2 2 2 2 2 2 2 2 2 2 2 2 2 2 2
left_child=1 2 5 4 -4 6 -1 -8 9 -3 11 -10 -12 22 28 18 21 -18 20 -20 -16 -17 -2 24 -24 26 -25 -27 29 -15
right_child=13 8 3 -5 -6 -7 7 -9 10 -11 12 -13 -14 14 15 16 17 -19 19 -21 -22 -23 23 25 -26 27 -28 -29 -30 -31
leaf_value=-0.050102267281341303 -3.8208033668597577e-05 -0.11309390717683689 -0.080000020964649962 -37.708725109440337 -1163.5812895323243 -295.1145870921448 -99.532872365812295 -10.080525740831423 -0.051353291785892888 -0.069460304128851166 0.11610210645399478 0.031131971116642544 0.004037743729664629 0.33760124594979402 0.015369798434204765 0.0018861047093821166 -0.072987826056642183 -0.011816650056074192 0.020732951621809152 -0.073038231093075001 0.082990621617152746 0.092133040860357396 -0.011242895675510962 0.026544012708041315 -0.055830201554873775 -0.03582339187217505 -0.012086332494381015 0.00070545874551814424 -0.000491360799340369 0.020212781000377246
leaf_weight=4.275834042854151 8512.043128004816 59.254107652614493 0.0011843382707187764 0.0042341115577073651 0.0010313697138610405 0.0010846052368832506 0.010457218339039856 0.031737654433757465 31.903337753874723 48.971017381579628 3.6330577050903221 9.8243004263513836 197.46207345067486 1.8917331935372192 335.57435409093159 775.49751271260902 69.815418365062214 215.38769424415659 83.058241301681846 46.940461778547615 23.959639176027849 9.0001260987482947 135.1004809093356 203.09114960540319 117.526012694565 100.19927114411257 143.30315657873871 143.17559372843243 200.46810684411321 413.6033706102171
leaf_count=320288 2966331 870884 4384 15 3106 50 86 54 89333 3540722 4374 13390 67750 53 2758 5736 1868 10209 740 1024 160 129 2990 3483 3022 1702 2779 2534 1897 9047
internal_value=-0.00106987 -0.037907 -0.752485 -210.834 -541.668 -0.438766 -0.364749 -32.2496 -0.029102 -0.09335 -0.000466944 -0.0319331 0.00606234 6.55456e-05 0.00413342 5.82155e-05 -0.00500042 -0.0267909 0.0111121 -0.0131263 0.0198761 0.00292146 -0.000880361 -0.00938995 -0.0319856 0.000288878 0.0105627 -0.0143337 0.0144493 0.0216578
internal_weight=11885 355.373 4.32556 0.00644982 0.00221571 4.31911 4.31803 0.0421949 351.048 108.225 242.823 41.7276 201.095 11529.6 2175.2 1559.23 1069.7 285.203 489.533 129.999 359.534 784.498 9354.44 842.396 252.626 589.769 346.394 243.375 615.963 415.495
internal_count=7930898 4914436 327983 7505 7490 320478 320428 140 4586453 4411606 174847 102723 72124 3016462 33621 22624 17942 12077 4682 1764 2918 5865 2982841 16510 6012 10498 6262 4236 10997 9100
is_linear=0
shrinkage=0.08


Tree=85
num_leaves=31
num_cat=0
split_feature=12 8 9 7 3 7 14 14 9 13 8 12 2 11 7 13 13 11 8 12 3 2 7 7 9 8 8 7 5 3
split_gain=63.146 64.9251 7.90574 18.3226 977.998 107.73 888.965 7.71938 11.957 17.4169 53.4678 15.2324 13.4993 20.3226 13.3991 13.0534 11.3859 10.7586 36.34 21.6646 7.31357 13.2012 6.7151 11.1279 6.19277 5.31667 5.1146 4.80272 10.3264 37.5921
threshold=0.47332761190659017 0.70615218564490034 0.30692752553217673 0.45687467180115532 0.55245781364636837 0.45402089205770196 1.0000000180025095e-35 1.0000000180025095e-35 0.68048396334478822 1.0000000180025095e-35 0.77944089808496597 0.85462315462315475 0.81365740740740755 0.47222222222222227 0.83087757313109434 0.43532299990372586 0.52533812703304239 0.80909090909090919 0.93377192982456148 0.95820858283433152 0.13563218390804602 0.080816326530612229 0.93777654867256655 0.86377084454007547 0.41542177629134153 0.71649772527735667 0.66524822695035468 0.83087757313109434 0.65571120689655182 0.64932432432432441
decision_type=2 2 2 2 2 2 2 2 2 2 2 2 2 2 2 2 2 2 2 2 2 2 2 2 2 2 2 2 2 2
left_child=1 2 3 5 -5 26 -7 27 9 22 15 12 13 -10 -12 -11 -14 19 -19 -13 21 24 23 -9 -3 -26 -1 28 29 -2
right_child=7 20 -4 4 -6 6 -8 8 11 10 14 17 16 -15 -16 -17 -18 18 -20 -21 -22 -23 -24 -25 25 -27 -28 -29 -30 -31
leaf_value=-0.12097869746787224 -0.038320285768919937 -0.012830790824311242 -0.069817961242159735 -0.080027329123732421 -79.856146017956078 79.584160124883255 -0.080030022969693471 -0.0021777423505039014 -0.027529924118826512 -0.075738399552541677 -0.014091703838500905 0.015823372344851278 0.15412631419228814 0.014589008083670068 0.016968754859073423 -0.022726667435347372 0.0347439985452195 -0.059430958642346939 -0.0036629015686759389 -0.0033889113184595531 -0.05266302097752816 1.1317738581602377 0.028738190648463124 -0.03971442348264359 0.53834199741687971 0.024557489759615393 0.038081803453077705 -0.00029893115883659497 0.015965463326280946 0.0047851658786165945
leaf_weight=46.132998452415578 136.70128583801807 91.109466962457731 45.506608077608639 0.051072996934368946 0.0010028060492814966 0.0010042156216123485 0.0083558129964625971 1662.9520741930874 83.622295411911296 103.42789900844797 269.9402838465578 541.00465754573816 7.2160451347299412 594.93159455419425 132.52583009342197 41.718312322902321 17.542958761943737 79.791361337993294 1190.9956226978684 1228.9425247162872 20.490436654240881 0.065790329084847055 42.865840950980783 52.13007871969603 0.12936803480988501 35.742941089534753 1.3311318117827742 2574.5989341939567 424.88293297213477 2452.1631503737158
leaf_count=101737 349002 31265 3571433 2851 115 80 522 586566 69194 2242798 92808 13953 113 43976 3847 84351 324 1485 24730 10211 40375 19 329 733 424 6274 7108 47359 117097 479825
internal_value=-0.000743843 -0.0413133 -0.0936505 -0.116471 -1.61625 -0.114825 8.46695 9.47755e-05 -0.00188548 -0.00641779 -0.0188759 0.000905492 0.0115156 0.00939844 -0.00386398 -0.0605016 0.0695381 -0.00154859 -0.00716452 0.00248354 -0.00831131 -0.00115819 -0.002537 -0.00331867 -0.00174517 0.0264104 -0.116518 0.00223848 0.00440615 0.00250904
internal_weight=11878.5 240.57 93.0322 47.5256 0.0520758 47.4735 0.00936003 11638 6049.61 2305.56 547.612 3744.05 703.313 678.554 402.466 145.146 24.759 3040.73 1270.79 1769.95 147.538 127.048 1757.95 1715.08 126.982 35.8723 47.4641 5588.35 3013.75 2588.86
internal_count=7930904 3762203 3683846 112413 2966 109447 602 4168701 3175418 3011432 2423804 163986 113607 113170 96655 2327149 437 50379 26215 24164 78357 37982 587628 587299 37963 6698 108845 993283 945924 828827
is_linear=0
shrinkage=0.08


Tree=86
num_leaves=31
num_cat=0
split_feature=12 7 10 9 9 8 7 8 8 3 14 10 13 8 10 8 5 12 7 11 9 9 10 0 7 10 12 9 9 10
split_gain=139.934 639.085 64975.2 71015.5 17360.9 636498 635406 2431.46 67.4528 11.8076 9.87113 16.1703 20.5291 55.8959 28.1401 17.5999 14.57 96.896 10.4547 14.0926 11.4699 9.90029 10.3002 9.43505 19.7277 9.16499 7.89727 7.37217 10.3692 7.15437
threshold=0.45922146636432354 0.45402089205770196 0.36913919413919422 0.3244428639165482 0.30692752553217673 0.6349958624840143 0.45687467180115532 0.7277982133473464 0.66524822695035468 0.13563218390804602 1.0000000180025095e-35 0.82944896115627831 1.0000000180025095e-35 0.70023041474654379 0.40329357549471406 0.80104166666666676 0.24190177638453506 0.81266711229946542 0.65846083926677779 0.19090909090909094 0.77807807807807827 0.81266711229946542 0.76720944257775492 0.44256120527306975 0.45259316173645797 0.9201769911504426 0.45983158153543552 0.5310234488275587 0.53361581920903967 0.76720944257775492
decision_type=2 2 2 2 2 2 2 2 2 2 2 2 2 2 2 2 2 2 2 2 2 2 2 2 2 2 2 2 2 2
left_child=1 8 3 -3 5 6 -4 -7 -1 -10 29 12 21 -14 -15 16 25 -18 19 -17 -20 26 -23 -11 -25 -13 -12 -6 -29 -2
right_child=10 2 4 -5 27 7 -8 -9 9 23 11 15 13 14 -16 18 17 -19 20 -21 -22 22 -24 24 -26 -27 -28 28 -30 -31
leaf_value=-0.095445581653811104 0.005543044672830213 -907.81448344187277 -1691.2684436706172 -0.080000791394089735 -0.062963205301495878 -34.445124427036006 -0.080001015016499685 -0.080827772637116435 0.011088273222880824 -0.078343094156127183 0.37944130830034251 -0.015368588291165145 -0.070952012643197851 -2.1836250726037303 -0.0090076250824040003 -0.075470888996440805 0.19713408355805281 4.3724999117322429 0.014755622251200863 -0.0083214321546695134 5.8243122557164569e-05 0.033362293894432279 -0.051208666723947312 0.099599109702264224 1.9040802652652697 0.30606641156601361 -0.001889863614635012 1.3833444562760437 -0.080116141759597873 -0.00024192652324237375
leaf_weight=73.825452059176797 2384.5837075886457 0.0010575779826699208 0.0028855447902899093 0.0011528855557116913 9.5230261741137436 0.013967660698385592 0.0028029698776506316 0.23293238387441306 106.18598441640202 15.168849478465775 0.34764209390004808 4.293870361643469 110.679084282693 0.038086186957342671 608.26455737835465 25.05726475683332 3.5377522446758722 0.035932334460085147 384.78807738189062 99.156490300483711 2908.3490957711183 11.405381176446097 48.032995186105836 1.0273242186685809 0.04029584367526684 0.65420364236706507 1882.0986424288494 0.054569696474573076 0.071696664301648366 3209.9835085021305
leaf_count=2939337 962857 294 468 322 192527 154 401 204 41816 45119 4846 890 2567975 50 291163 762 2465 28 17363 10213 56960 132 752 529 23 53 696791 323 2519 91319
internal_value=-0.00135495 -0.0666918 -0.693696 -434.378 -0.596882 -21.301 -857.949 -2.02489 -0.0350486 0.00137305 -0.000201885 -0.00243144 -0.0071102 -0.0186585 -0.00914378 0.00120253 0.116028 0.239116 0.000916195 -0.0218673 0.00177556 -0.00283446 -0.0349807 -0.0621642 0.167707 0.0271296 -0.00181944 -0.0549113 0.552361 0.00222381
internal_weight=11887.5 206.152 9.90409 0.00221046 9.90188 0.252589 0.00568851 0.2469 196.248 122.422 11681.3 6086.74 2660.87 718.982 608.303 3425.87 8.52176 3.57368 3417.35 124.214 3293.14 1941.88 59.4384 16.2365 1.06762 4.94807 1882.45 9.64929 0.126266 5594.57
internal_count=7928655 3224036 197212 616 196596 1227 869 358 3026824 87487 4704619 3650443 3561709 2859188 291213 88734 3436 2493 85298 10975 74323 702521 884 45671 552 943 701637 195369 2842 1054176
is_linear=0
shrinkage=0.08


Tree=87
num_leaves=31
num_cat=0
split_feature=12 8 9 7 7 9 12 10 8 14 11 7 8 11 11 12 7 7 0 13 13 12 11 13 0 13 11 8 0 13
split_gain=60.0618 67.6508 8.27637 468.956 20932.1 7.15366 5.90594 6.82988 4.92805 4.61878 13.8728 7.90633 5.64167 4.60073 61.2112 23.7055 22.0876 22.1675 46.0477 21.0046 25.5478 19.0354 41.7408 25.1198 18.2144 57.3403 159.455 181.05 79.4017 53.5664
threshold=0.47332761190659017 0.71649772527735667 0.30692752553217673 0.45402089205770196 0.45766928071506879 0.42506038647342997 0.4675791834065216 0.8597311034595837 0.85019685039370085 1.0000000180025095e-35 0.34848484848484856 0.46284600671262049 0.85019685039370085 0.61250000000000016 0.5277777777777779 0.81266711229946542 0.51789271485486632 0.93777654867256655 0.83910792512943055 0.58227617846191659 1.0000000180025095e-35 0.95820858283433152 0.41428571428571431 0.58227617846191659 0.97726098191214472 0.58227617846191659 0.85416666666666685 0.99779735682819404 0.83484848484848506 0.52533812703304239
decision_type=2 2 2 2 2 2 2 2 2 2 2 2 2 2 2 2 2 2 2 2 2 2 2 2 2 2 2 2 2 2
left_child=1 2 3 -1 -5 9 7 8 -7 10 11 -3 -12 14 15 19 -16 18 -18 20 -2 23 -23 -17 25 29 28 -28 -27 -15
right_child=13 5 -4 4 -6 6 -8 -9 -10 -11 12 -13 -14 24 16 21 17 -19 -20 -21 -22 22 -24 -25 -26 26 27 -29 -30 -31
leaf_value=-0.11166977709448621 -0.0015746174355535528 0.10602694832399681 -0.070738388983257447 -342.56958396091954 -0.080030253216818892 -0.010385001456865224 -0.054025462420281202 -0.05489011627306202 0.071508754244960282 -0.027772894543472926 0.079925096071916973 0.57126039983463839 -0.030313967054605873 0.0022620561656184631 0.17914202877458682 0.0015865448307324651 -0.035337570761780256 -0.017537994461245592 -0.17322756590283089 0.078448537094279638 -0.027696113314158027 0.0021968521843305773 -0.021781772293592318 0.026923586672486396 0.016081981013207809 0.067594432349143724 -0.12813850048600059 -0.00037706100065327403 -0.057651948505088355 0.06809944114289454
leaf_weight=45.540766494043304 540.84004551092971 4.9232199169649062 40.58466679073598 0.0011679187339344926 0.051636398969121332 6.1463535296460945 5.4038524070087446 4.4539950253383713 20.023014390765184 82.09193462109296 3.4303057487342654 0.24543778394354365 22.194228343501891 3553.2584875597222 2.3445596899973671 638.85156115051177 34.293826081275256 34.167788105551153 28.282339876517653 16.291496463120097 430.26316020368961 4377.5438954181154 519.78083233037614 411.88745268317871 534.8765175507433 124.99947478901595 139.34671711665578 144.70193958631717 43.727613701252267 80.891571904649027
leaf_count=109902 579102 6621 3575329 835 2852 7347 1996 701 2627 44627 4565 467 4750 378862 323 135272 3434 332 163 289 2262576 755823 8800 4703 27262 737 2657 8381 534 1649
internal_value=-0.000568612 -0.0406032 -0.0970158 -0.120406 -7.65517 -0.00795629 0.0230816 0.036688 0.0522745 -0.017862 0.00855953 0.128119 -0.0155565 0.000238825 -0.00104945 -0.000157461 -0.0634823 -0.0693622 -0.0976592 -0.0116369 -0.0131482 0.00174815 -0.000348135 0.0115186 0.00219963 0.000382778 -0.0264633 -0.0630534 0.0351354 0.00372751
internal_weight=11891.4 235.091 86.1782 45.5936 0.0528043 148.912 36.0272 30.6234 26.1694 112.885 30.7932 5.16866 25.6245 11656.3 7034.55 6935.46 99.0885 96.744 62.5762 987.395 971.103 5948.06 4897.32 1050.74 4621.8 4086.93 452.776 284.049 168.727 3634.15
internal_count=7933518 3762619 3688918 113589 3687 73701 12671 10675 9974 61030 16403 7088 9315 4170899 3750817 3746565 4252 3929 3597 2841967 2841678 904598 764623 139975 420082 392820 12309 11038 1271 380511
is_linear=0
shrinkage=0.08


Tree=88
num_leaves=31
num_cat=0
split_feature=12 8 12 8 7 10 8 4 5 13 11 7 8 10 5 8 10 11 7 3 8 8 11 3 9 12 5 11 3 8
split_gain=49.9345 32.8451 9.49967 37.6878 17.3848 177.797 17016.5 15.0605 6.22727 6.18606 5.94572 45.7199 26.5572 50.4431 26.0252 22.8966 29.908 24.1073 21.2409 19.4177 16.1804 13.6347 12.4883 11.2003 5.41672 5.29155 39.6918 4.91071 4.59858 4.11535
threshold=0.42524210335777002 0.67507961783439507 0.54973531775726847 0.7277982133473464 0.37051337051337058 0.40091324200913248 0.66524822695035468 0.41428571428571431 0.97826086956521752 0.21444260207146809 0.29285714285714287 0.5688481141692151 0.7277982133473464 0.39662296950698211 0.55718954248366026 0.71126025354213285 0.47320036115899206 0.38750000000000007 0.98496155585707845 0.62284482758620696 0.81173769550868147 0.958456607495069 0.23611111111111113 0.21240601503759401 0.49902723735408566 0.42598071444225294 0.18834459459459463 0.23611111111111113 0.90692640692640702 0.67867965367965377
decision_type=2 2 2 2 2 2 2 2 2 2 2 2 2 2 2 2 2 2 2 2 2 2 2 2 2 2 2 2 2 2
left_child=1 -1 3 4 24 6 -6 25 -7 -9 14 15 13 -13 18 16 -12 -17 19 -4 -14 -16 -20 -23 28 26 -5 -27 -2 -3
right_child=2 29 10 7 5 8 -8 9 -10 -11 11 12 20 -15 21 17 -18 -19 22 -21 -22 23 -24 -25 -26 27 -28 -29 -30 -31
leaf_value=-0.099254759786956137 -0.081666284226376271 0.36751953661841802 -0.076748203344296412 3.5440448751042757 -0.080005693473054168 -0.080739304382060464 -137.7708435195575 0.035396261200826715 -0.026624261600810092 0.20999846267851893 -0.026147245137327357 4.0059956145577749 0.036106918312578513 -0.055387416495213594 -0.066343394392415517 -0.021396161980651428 0.10197065596412261 0.035515281652334113 0.027203495981152889 -0.0015988296211700346 0.00032801271181383165 -0.035595341814845145 0.23345888814226939 0.036249864629978402 0.70473539784619388 -0.059335510043933386 0.10748451206675742 -0.00068521483732759752 0.16537081056262051 -0.018851708553783438
leaf_weight=51.58419864238212 0.63196752319129235 0.17680717315108907 22.119132254504621 0.022074170421688133 0.563503785215829 42.557756788767499 0.0058034972205041049 2.2949856907653148 20.007749706382711 2.9913875480560819 15.04316439703433 0.019578627093649881 81.926100472749567 57.128337091164795 58.37492162135095 64.967597683961515 51.871718771511041 178.55365720309783 134.4553944884392 4277.5089577165454 6418.7839672522141 44.050808147527277 1.9053845703601826 20.28089604669367 0.10063781365079183 9.524449596762933 0.84103223220517975 224.36016747271481 2.0357580533386681 83.171376186610431
leaf_count=1759907 16803 611 216657 59 115599 2846393 131 40 624867 64 32492 308 142759 355326 155213 10183 133265 16081 2366 1077878 262002 985 9 592 20 10792 305 90388 1720 54352
internal_value=-0.000693955 -0.0490832 -0.000137463 -0.0140495 -0.0676363 -0.0762402 -1.48362 0.000663145 -0.0634339 0.134198 0.000235007 0.0017217 0.00030159 -0.053996 -0.0020049 0.0317211 0.0731684 0.0203322 -0.00099958 -0.00198543 0.000778921 -0.0383485 0.0300855 -0.0129458 0.128584 -0.00234398 0.195375 -0.00307362 0.106849 -0.0180321
internal_weight=11867.9 134.932 11732.9 305.937 65.9032 63.1348 0.569307 240.034 62.5655 5.28637 11427 6868.29 6557.86 57.1479 4558.7 310.436 66.9149 243.521 4435.99 4299.63 6500.71 122.707 136.361 64.3317 2.76836 234.748 0.863106 233.885 2.66773 83.3482
internal_count=7928167 1814870 6113297 3707181 3605533 3586990 115730 101648 3471260 104 2406116 952416 760395 355634 1453700 192021 165757 26264 1296910 1294535 404761 156790 2375 1577 18543 101544 364 101180 18523 54963
is_linear=0
shrinkage=0.08


Tree=89
num_leaves=31
num_cat=0
split_feature=12 8 5 10 10 7 9 7 7 8 7 10 9 13 10 12 7 11 8 10 9 8 13 5 5 4 10 10 7 7
split_gain=34.7978 33.5483 5.92931 9.19521 23.4032 43.0378 8.66434 14.0174 5.89958 5.76056 75.1414 28.6665 39.7346 52.8004 25.1568 587.829 6982.96 94.6332 11.8545 13.942 40.7358 10.2761 13.7738 43.9269 8.19194 7.52463 7.36603 9.00757 7.27847 7.24727
threshold=0.42524210335777002 0.66524822695035468 0.97826086956521752 0.56079711219898154 0.55919074555368709 0.39541453159900147 0.32209077465589814 0.33809621011090701 0.34113087095303246 0.65015337423312902 0.29465524275805799 0.47320036115899206 0.47429288924134283 0.3301145700998846 0.40633355614973271 0.56422949987306437 0.54818574920097773 0.5277777777777779 0.44397954439795451 0.53528240147958461 0.29340579710144932 0.68304757304998809 0.36785453427132592 0.46770833333333339 0.65058139534883741 0.41428571428571431 0.47836488454337434 0.47734604105571854 0.37356017476499409 0.46521120075937361
decision_type=2 2 2 2 2 2 2 2 2 2 2 2 2 2 2 2 2 2 2 2 2 2 2 2 2 2 2 2 2 2
left_child=1 -1 -3 4 8 -6 -5 -8 -4 10 18 -12 13 -13 15 16 -11 -17 24 20 -20 22 -16 -24 25 -2 27 -23 -14 -28
right_child=9 2 3 6 5 -7 7 -9 -10 14 11 12 28 -15 21 17 -18 -19 19 -21 -22 26 23 -25 -26 -27 29 -29 -30 -31
leaf_value=-0.095486589908194655 -0.085501298668377287 -0.064038308029333205 0.25266802055249449 -0.04004198198997698 -0.080106813294211585 2.9078144337413279 0.23813064449638177 0.0062569925520263182 0.024949664203219642 -0.080148097188707315 -0.076796120521628153 -0.048137555540166625 0.53846737293294422 0.10411085075851199 -0.0069818571717068694 -0.080724971253778768 -202.37471088472137 7.9424990608935859 0.25123505554760106 0.077244255130335351 2.3879058005433866 0.043981392745028547 0.074462398016798756 1.3933112762979201 0.24716628205995456 0.0012196208750356432 -0.011217250731494178 0.32405824016055668 -0.064435972644642722 0.0011557572869146195
leaf_weight=47.053922853891535 6.4234767633461152 11.525764468746827 0.96065931764073287 31.24082814697249 0.072806835225492139 0.053541305132966954 1.7552151295531064 33.802564209196134 3.008051535108677 0.013736875663550417 108.02115610255422 29.300696370417427 0.12840441476242759 29.014573822272723 20.449421866378543 0.16673251120425536 0.0011863879667747294 0.0099712870857899816 0.48124569188735122 4.6054381424694384 0.064794579884619452 12.408632936246732 21.829154885237589 0.16283520924844097 0.86519627045708958 2059.0120156488551 313.43486896586001 0.78117415267885526 65.155344391861178 9077.0544942708366
leaf_count=1752689 3072 31218 1886 12492 148 57 892 9565 5019 316 2395832 1218520 309 79750 211144 344 65 16 267 589 71 13303 5372 156 67 103965 37054 773 1212651 831884
internal_value=-0.000343828 -0.0415912 -0.0108218 -0.00216998 0.114195 1.18606 -0.00930366 0.0177028 0.0800708 0.0001107 -0.0034768 -0.0466909 -0.0203799 0.0276131 0.000985357 -0.915625 -16.1624 0.372021 0.00135519 0.122561 0.504778 0.00100395 0.0402804 0.0842275 0.00105302 0.00094992 0.000826686 0.0605691 -0.0632501 0.000742772
internal_weight=11878.9 129.473 82.4194 70.8937 4.09506 0.126348 66.7986 35.5578 3.96871 11749.4 2303.07 231.62 123.599 58.3153 9446.31 0.191627 0.0149233 0.176704 2071.45 5.15148 0.54604 9446.12 42.4414 21.992 2066.3 2065.44 9403.68 13.1898 65.2837 9390.49
internal_count=7929486 1813966 61277 30059 7110 205 22949 10457 6905 6115520 5015093 4907062 2511230 1298270 1100427 741 381 360 108031 927 338 1099686 216672 5528 107104 107037 883014 14076 1212960 868938
is_linear=0
shrinkage=0.08


Tree=90
num_leaves=31
num_cat=0
split_feature=12 8 3 8 4 5 13 3 5 9 5 11 3 13 4 8 4 0 4 0 3 4 5 12 5 3 5 11 8 9
split_gain=40.7097 36.4741 8.25847 5.59372 26.4325 52.408 44.8035 39.9202 34.7191 31.4466 17.6841 12.7022 30.0103 19.0013 10.7344 38.925 34.8976 70.9382 40.5468 44.7743 33.4586 76.544 66.5647 30.6471 44.786 41.4797 25.4375 23.4049 10.6284 22.822
threshold=0.45009225092250926 0.66524822695035468 0.25320512820512825 0.92012269938650315 0.41428571428571431 0.92546296296296304 0.12180776176719382 0.64932432432432441 0.6478537360890303 0.81266711229946542 0.81934731934731941 0.20714285714285716 0.73798627002288342 0.158734790482675 0.55000000000000016 0.99779735682819404 0.90000000000000013 0.99180327868852469 0.70833333333333337 0.81165540540540559 0.64400921658986177 1.0000000180025095e-35 0.95060975609756104 0.71463077984817136 0.58898944193061853 0.82807881773399028 0.21525096525096529 0.73214285714285732 0.86162029459901812 0.62389241747039925
decision_type=2 2 2 2 2 2 2 2 2 2 2 2 2 2 2 2 2 2 2 2 2 2 2 2 2 2 2 2 2 2
left_child=1 -1 -3 4 5 7 9 -2 11 -7 -9 13 -13 -6 15 20 18 -18 19 -16 22 -22 -5 25 -25 -17 -20 -19 29 -10
right_child=3 2 -4 14 8 6 -8 10 28 -11 -12 12 -14 -15 16 23 17 27 26 -21 21 -23 -24 24 -26 -27 -28 -29 -30 -31
leaf_value=-0.092280868631274729 -0.059965490921320683 -0.0051384030076019197 -0.070662480930020352 -0.028423216548515491 0.0029817230742632005 0.010164188678986085 3.666191064269154 -0.0043540036859956426 0.059666309783181638 -0.032546206650980569 -0.12114149146327424 0.23070823355409964 0.010706542301997657 -0.011167922492472839 -0.028956830422608604 0.026561639780244683 0.13014484454757758 -0.002847399406486571 0.0011389900653173677 0.023400577778346476 0.097924215367711051 0.016614182518229947 0.016176976986772906 0.0090103192008811617 -0.013577960901110603 -0.11993173504325423 -0.10452124997300261 0.020808327350977995 0.06031428626270692 0.33625833696446683
leaf_weight=55.651263985581423 208.75051756994208 99.623508950398985 14.046260724076445 277.6028994019689 2049.6464949768906 509.59581218288224 0.021344855427741005 185.57466612581746 4.481739250751164 140.81496026986861 8.6863650031833384 3.9992730831536383 511.38369364163918 863.20028654094222 318.43324093078263 318.90210639470024 27.41357423790032 1820.7499553403468 20.06455566972727 155.61756163495011 88.536401464283699 454.3464461464755 937.20058798138052 901.42502025104477 1490.8774321493693 12.869481972214997 53.37216665269807 313.81485611642711 13.552417477592824 3.3261355983813701
leaf_count=2773570 2944367 43510 40243 51128 47522 749568 1 127277 1377 2935 18263 985 30229 981082 4578 11148 626 14634 315 2875 2195 5607 23755 16527 12476 227 808 22955 89 71
internal_value=-0.000269493 -0.0392154 -0.0132353 0.000294405 -0.00191667 -0.013008 0.0010376 -0.0356766 0.00147043 0.000917321 -0.00957615 0.000836916 0.0124137 -0.00121142 0.00167894 0.00408217 -0.00229627 0.00227259 -0.0203383 -0.0117694 0.0133637 0.0298747 0.00598509 -0.00190665 -0.00506665 0.0208791 -0.0756525 0.000630367 0.103147 0.177494
internal_weight=11863.6 169.321 113.67 11694.3 4503.03 1053.44 650.432 403.012 3449.59 650.411 194.261 3428.23 515.383 2912.85 7191.23 4481.76 2709.47 2161.98 547.488 474.051 1757.69 542.883 1214.8 2724.07 2392.3 331.772 73.4367 2134.56 21.3603 7.80787
internal_count=7930943 2857323 83753 5073620 4903766 3842411 752504 3089907 1061355 752503 145540 1059818 31214 1028604 169854 123063 46791 38215 8576 7453 82685 7802 74883 40378 29003 11375 1123 37589 1537 1448
is_linear=0
shrinkage=0.08


Tree=91
num_leaves=31
num_cat=0
split_feature=12 8 8 11 11 10 13 0 9 10 13 0 12 12 14 10 8 8 12 7 7 8 13 8 9 11 12 11 2 13
split_gain=20.4755 56.935 6.03943 7.32726 35.8937 27.2476 6.42269 15.2134 119.471 7.82788 6.87579 16.1419 5.80019 6.51794 4.27938 8.86217 12.9129 12.5719 19.6377 11.767 8.79403 12.2048 36.1979 15.8839 8.05796 9.76481 7.97729 16.4414 22.7917 15.3996
threshold=0.49640213283636181 0.66524822695035468 0.97081701016294797 0.73214285714285732 0.58571428571428574 0.68438714235252573 0.037889831257178201 0.10620300751879698 0.3244428639165482 0.60538387252535009 0.19643790117928053 0.41444372153545878 0.48290473407364115 0.47893241803763759 1.0000000180025095e-35 0.76720944257775492 0.92012269938650315 0.958456607495069 0.92695630081300828 0.29465524275805799 0.83087757313109434 0.5932608871948748 0.47148664343786301 0.59748178650617689 0.90179118187385199 0.30384615384615393 0.78802806389013302 0.38750000000000007 0.78319623971797891 0.069545975433885646
decision_type=2 2 2 2 2 2 2 2 2 2 2 2 2 2 2 2 2 2 2 2 2 2 2 2 2 2 2 2 2 2
left_child=1 -1 6 4 -4 -6 7 9 -9 -3 -8 -12 13 -5 15 20 24 18 -18 -19 21 22 -2 -23 25 -17 27 29 -29 -16
right_child=14 2 3 12 5 -7 10 8 -10 -11 11 -13 -14 -15 26 16 17 19 -20 -21 -22 23 -24 -25 -26 -27 -28 28 -30 -31
leaf_value=-0.085424201973515648 0.0024482632723474515 0.038011368147023605 0.028597768413953461 6.5874987783703234e-05 0.094389484162305068 0.98049714530180043 -0.076571123937451094 -0.080112999079483521 10.839365011842688 -0.019940194841164813 1.4673137952056032 0.03808618726120501 -0.067871655178608714 0.15599758211330886 -0.012455908480327814 -0.021711231958334378 0.030169068194471627 -0.24618334323998145 -0.0021968678135944838 -0.001926985709434656 -0.0095274511323637148 0.2633326967838846 -0.11171820074032505 0.012390099688867284 -0.070427644478000123 -0.00039109886547745103 -0.00083178113140514498 -0.0044736728798022906 0.1641428191344638 -0.057622809408445157
leaf_weight=69.371638926732942 1093.3240938840838 19.516344191377343 36.528523236032925 49.504742147186334 0.43847449833992769 0.45004748419160023 15.978936589897051 0.051426542224773608 0.0073262149562651748 63.304643844336681 0.05169581161774095 2.3319771114181291 7.9743098961771457 1.7772116030100722 136.10434796666351 278.65644382809296 215.76323450035852 1.2630097003420804 270.24828122602776 2157.2370874013359 249.76863903042977 1.6169465200805451 18.067762541671982 990.60737402299378 15.100819754734401 271.39073112709184 4997.8125791151042 795.57152501385747 5.1637573758771387 74.896041143572404
leaf_count=4338048 540922 27827 5495 3012 26 17 72443 288 12 32137 334 1940 264 58 330791 9293 11104 65 2676 39412 6084 5945 15907 249808 452 26994 588260 651923 372 970306
internal_value=-0.00116867 -0.0230594 -0.00119982 0.0131015 0.0408181 0.543214 -0.0148557 -0.00537131 1.2815 -0.0062842 -0.0576636 0.0690825 -0.0044 0.0054698 -0.000663065 0.000935865 -0.00179828 0.000547466 0.0121719 -0.00206991 0.00466482 0.00634991 0.000592273 0.012799 -0.0127748 -0.011192 -0.0021432 -0.00862138 -0.0033863 -0.0284882
internal_weight=11839.9 267.287 197.916 96.6733 37.417 0.888522 101.242 82.8797 0.0587528 82.821 18.3626 2.38367 59.2563 51.282 11572.6 5563.04 3209.66 2644.51 486.012 2158.5 2353.38 2103.62 1111.39 992.224 565.148 550.047 6009.55 1011.74 800.735 211
internal_count=7932215 4481901 143853 8872 5538 43 134981 60264 300 59964 74717 2274 3334 3070 3450314 908662 89996 53257 13780 39477 818666 812582 556829 255753 36739 36287 2541652 1953392 652295 1301097
is_linear=0
shrinkage=0.08


Tree=92
num_leaves=31
num_cat=0
split_feature=12 5 13 8 14 10 10 11 0 9 4 0 2 11 5 3 8 7 11 4 11 5 0 5 2 13 11 7 13 3
split_gain=33.2872 27.4148 14.4428 13.825 12.8128 152.201 628.997 12.159 9.43491 9.09502 5.24681 46.3861 82.0558 62.2812 60.4908 77.5514 48.6712 28.2246 29.4203 28.1687 25.9058 28.1495 25.4533 48.7432 41.8483 34.3899 28.2559 33.1874 22.5561 18.8785
threshold=0.42524210335777002 0.81322674418604668 0.037889831257178201 0.66524822695035468 1.0000000180025095e-35 0.5750816993464053 0.58470535312640581 0.85416666666666685 0.10620300751879698 0.35192592592592598 0.41428571428571431 0.84292763157894746 0.7593103448275863 0.47222222222222227 0.20942982456140355 0.96424010217113676 0.97081701016294797 0.45983158153543552 0.85416666666666685 0.55000000000000016 0.34848484848484856 0.09232954545454547 0.72377109317681587 0.21807065217391305 0.83795948987246816 0.58227617846191659 0.30384615384615393 0.93777654867256655 0.58227617846191659 0.80384615384615399
decision_type=2 2 2 2 2 2 2 2 2 2 2 2 2 2 2 2 2 2 2 2 2 2 2 2 2 2 2 2 2 2
left_child=1 2 8 4 5 7 -7 -3 -1 -10 11 12 13 16 20 -16 -2 29 -19 22 -13 -22 26 24 -24 -25 -12 -28 -15 -14
right_child=10 3 -4 -5 -6 6 -8 -9 9 -11 19 14 17 28 15 -17 -18 18 -20 -21 21 -23 23 25 -26 -27 27 -29 -30 -31
leaf_value=-0.085308838094382416 -0.046951297650948812 -0.090807655416203503 -0.084877666021116696 -0.0036941459515128158 -0.10043292310949499 31.594433301625891 -0.080403923721708057 0.99055838112557559 -0.32747357160611684 -1.3666237023394441 -0.061843678989235491 0.0056836209614990951 0.33346446016363118 0.0020216234557346936 -0.092769764963792731 -0.96684405751798208 0.0039680621179664132 0.088096840972080481 0.01379173919015516 0.0003268513072230632 -0.038081847864895206 -0.13689642851484379 -0.076605767891908413 0.016682830404363375 0.032784095121351664 0.11748320570521333 0.028762358259333567 -0.032611815915709427 -0.042149633329614147 -0.081759961363181866
leaf_weight=1.3404487120560968 325.6416575998328 0.61676254572162126 29.74977881835316 73.871280710729565 15.538714599512375 0.0050513537384872928 0.019507109672076708 0.074596334173008816 2.2354136769598023 0.055236736999631719 35.888389222301157 67.720613116158347 0.74300220656192451 4224.5461019614622 1.8043701218630297 1.0151225830413748 190.37491599068744 106.02193842606664 50.273667849092817 5999.1755228929396 103.77557930129115 22.440233476983849 29.187945202949777 32.926034554233411 95.991908545256592 63.31547838752158 223.54860654624099 75.4082559379749 75.307341064093634 12.331437582257022
leaf_count=41462 3224491 23317 1325225 31284 387750 178 715 2937 1195 186 52651 13034 575 1731968 70 30 7018 3859 2160 1021508 2570 636 19953 7717 5971 1317 4923 2182 1307 14464
internal_value=-1.48527e-05 -0.0413301 -0.103262 -0.0183918 -0.0851872 0.245715 6.43469 0.0258697 -0.253884 -0.352532 0.000419886 -0.00148252 2.11608e-05 -0.00190363 -0.0395816 -0.407469 -0.0281655 0.0547506 0.064196 0.00192371 -0.0342332 -0.0556503 0.0191454 0.0401897 0.00727787 0.0829975 0.00522962 0.0132815 0.00124801 -0.0581633
internal_weight=11860.9 123.507 33.3809 90.1259 16.2546 0.715917 0.0245585 0.691359 3.6311 2.29065 11737.4 5182 4985.24 4815.87 196.756 2.81949 516.017 169.37 156.296 6555.44 193.936 126.216 556.267 221.421 125.18 96.2415 334.845 298.957 4299.85 13.0744
internal_count=7932653 1814249 1368068 446181 414897 27147 893 26254 42843 1381 6118404 5002182 4985842 4964784 16340 100 3231509 21058 6019 1116222 16240 3206 94714 34958 25924 9034 59756 7105 1733275 15039
is_linear=0
shrinkage=0.08


Tree=93
num_leaves=31
num_cat=0
split_feature=12 8 10 10 14 0 8 9 14 10 12 8 5 1 1 11 12 2 5 3 3 2 8 9 0 4 9 11 3 11
split_gain=448.308 1271.17 19319.1 215797 2.69703e+06 1.98283e+07 71.437 222.81 2080.92 6523.99 75.839 1396.98 14.7206 18.4209 8.75884 7.35717 5.92107 22.2195 37.5202 18.4046 28.8382 17.0689 14.9583 20.3189 14.5826 11.0195 9.79689 9.10286 8.32033 8.0106
threshold=0.42524210335777002 0.60326327924093304 0.5750816993464053 0.58470535312640581 1.0000000180025095e-35 0.20144927536231885 0.66804407713498626 0.28782428602572491 1.0000000180025095e-35 0.5750816993464053 0.38477631155455427 0.64375688867894831 0.97826086956521752 0.11882352941176473 0.10668563300142248 0.61250000000000016 0.8238526179702651 0.82480818414322254 0.37668918918918926 0.58434959349593507 0.80384615384615399 0.96871945259042047 0.66524822695035468 0.28043081832687494 0.60943257184966848 0.90000000000000013 0.47081535316829431 0.30384615384615393 0.84327485380116973 0.34848484848484856
decision_type=2 2 2 2 2 2 2 2 2 2 2 2 2 2 2 2 2 2 2 2 2 2 2 2 2 2 2 2 2 2
left_child=1 2 -1 4 5 -4 7 10 9 -9 11 -3 13 14 -8 -10 17 18 19 24 -21 26 23 -20 -2 -24 27 -19 -28 -18
right_child=16 6 3 -5 -6 -7 12 8 15 -11 -12 -13 -14 -15 -16 -17 29 21 22 20 -22 -23 25 -25 -26 -27 28 -29 -30 -31
leaf_value=-0.079690966801282764 -0.04981850976904488 -29.597411283187768 -12059.252339186805 -0.092342735683429406 -0.081126655138046913 -11.717919101606848 -0.083335829317295093 -0.081305800437112219 -0.14575907860452297 -39.444088386022962 -0.10105998170292189 -0.080321610594467852 -0.0026259319134144714 -0.042951061152712758 -0.37499692859077932 0.45926027498972793 0.0027121360861437679 -0.023033442242168141 0.0036941005339767769 0.029840066821480202 -0.029023732917270825 -0.05634695832781212 0.0014320791427629926 -0.061931772119547715 0.56444385845280731 0.11545569337789344 0.29970874147455645 0.11211269401204194 0.094815684371147957 -0.0019542123082630066
leaf_weight=15.850551231233693 151.13030641764945 0.010839510033354011 0.0010017271093349933 1.0217254752911307 0.089825842295607639 0.0068741567401673365 1.010379283737703 0.1023249786723758 0.96965651509001649 0.036581597597384191 20.682553965946159 0.19254478112936538 70.613914169139335 9.3575527346577143 1.8947358972311736 0.14830711630657856 4866.7379419118697 9.4814807790669402 63.938165136163256 71.089400305390882 212.45729380900377 7.7328410904303828 1695.0743508174635 57.21351995722825 0.24775348953150356 5.4418136971071354 1.3484448364761217 4.8067682495311592 21.375646438438707 4561.0083809764037
leaf_count=1694957 2114640 3330 326 24871 7330 630 1643 2757 17645 1578 1228 2430 27184 25638 531 2871 860427 12869 10009 129110 98302 3538 524884 2271250 1340 65 185 305 1264 88636
internal_value=-0.00202026 -0.154591 -0.79702 -10.9541 -124.541 -1544.03 -0.0507811 -0.17843 -1.21291 -10.4477 -0.116177 -1.65346 -0.0166762 -0.0975838 -0.273559 -0.0654983 -0.00043344 -0.00407152 -0.00517843 -0.0262901 -0.0142657 0.0517525 -0.00013799 -0.0272975 -0.0488132 0.00179697 0.0743373 0.0224316 0.106974 0.000454624
internal_weight=11851.1 121.989 16.97 1.11943 0.0977017 0.00787588 105.019 22.1428 1.25687 0.138907 20.8859 0.203384 82.8766 12.2627 2.90512 1.11796 11729.1 2301.34 2256.59 434.925 283.547 44.7452 1821.67 121.152 151.378 1700.52 37.0123 14.2882 22.7241 9427.75
internal_count=7931773 1814949 1728114 33157 8286 956 86835 31839 24851 4335 6988 5760 54996 27812 2174 20516 6116824 5167761 5149600 2343392 227412 18161 2806208 2281259 2115980 524949 14623 13174 1449 949063
is_linear=0
shrinkage=0.08


Tree=94
num_leaves=31
num_cat=0
split_feature=12 8 5 8 13 14 8 8 8 10 12 9 13 8 12 8 12 12 12 12 10 11 11 9 9 8 8 12 8 10
split_gain=27.6211 27.183 6.28275 7.28702 13.1412 6.52879 14.0223 837.946 4.83744 8.12342 4.64261 13.2523 4.50099 77.1079 19.8574 17.5352 30.7371 30.6268 22.667 23.197 22.3169 35.6246 47.3336 35.0964 28.8758 16.7038 16.3878 18.7022 15.8193 132.919
threshold=0.42524210335777002 0.82938069012026527 0.95553359683794481 0.81974597548368056 0.037889831257178201 1.0000000180025095e-35 0.62084711069122978 0.60556919498643247 0.68304757304998809 0.61572802197802212 0.35731538992408562 0.41910464784716278 0.037889831257178201 0.48579499596448755 0.72964473907870142 0.99779735682819404 0.71463077984817136 0.6531637780740438 0.77811044577511668 0.85462315462315475 0.90033112582781472 0.69047619047619058 0.47222222222222227 0.81266711229946542 0.68048396334478822 0.93377192982456148 0.79377196171089315 0.59124965818977315 0.48744747899159668 0.60538387252535009
decision_type=2 2 2 2 2 2 2 2 2 2 2 2 2 2 2 2 2 2 2 2 2 2 2 2 2 2 2 2 2 2
left_child=1 2 3 10 -5 6 7 -4 -7 -10 11 -1 15 -14 26 20 17 -17 -18 -20 23 22 -22 24 -2 -25 -15 -28 29 -16
right_child=12 -3 5 4 -6 8 -8 -9 9 -11 -12 -13 13 14 28 16 18 -19 19 -21 21 -23 -24 25 -26 -27 27 -29 -30 -31
leaf_value=-0.16368927740703751 0.001164590980674057 -0.0063049915802752335 0.32498527245364822 -1.8862051719831738 -0.080039251373533279 -0.095746300534778256 0.01429492821523639 68.161668408801248 0.071091222721238329 -0.084897736758459325 -0.092055945385161722 -1.3164142200793147 -0.068927200569887687 -0.049914539667004931 0.12282266168324758 0.0035431019286153082 -0.04382068988779729 0.06544670005576414 0.021138962384641462 -0.012386701258800665 -0.0050939451513502178 0.0051549062984854611 0.088074378035281189 -0.050217295067290675 0.026740153475292253 -0.0076315439082404639 0.032222858826083049 -0.021431411985652904 -0.00013133847802169874 5.9911527169421968
leaf_weight=4.6234036397147262 2650.0522771159326 67.74340559501573 0.19723566116836597 0.04135437806689779 0.068460669030173449 13.567956586039502 1.6640742689142705 0.0011723042053113633 3.6779846613598774 5.0984858145893668 22.396244190816539 0.064722568955044468 109.26446253272479 87.669825258716969 0.39426101226672372 240.77082163840532 125.46940941619687 64.948524257168174 151.74987515248358 1019.3315173787996 56.289422608197128 317.34887608862482 91.83731204632204 113.79441776395834 316.24558676491006 122.30254668230191 53.449273590492453 187.19962565887681 6001.4665992566142 0.026353527628089068
leaf_count=129834 1066274 20571 20317 34 639 344346 1633 182 7949 6724 1275276 5941 1887122 2664199 2311 4802 678 891 698 6889 4100 1766 2159 2661 34189 1479 48151 95182 289248 118
internal_value=-0.00126607 -0.0395904 -0.0834585 -0.109847 -0.760209 -0.0538138 0.0900909 0.725802 -0.0658088 -0.0195269 -0.10721 -0.179603 -0.000876121 -0.00229504 -0.00114492 0.000857629 -0.00612427 0.0166942 -0.0115047 -0.00804241 0.0039076 0.0202754 0.0526696 0.00152851 0.00389128 -0.0281571 -0.0203024 -0.00951454 -9.69547e-05 0.490502
internal_weight=11828.8 119.145 51.4011 27.1942 0.109815 24.2069 1.86248 0.198408 22.3444 8.77647 27.0844 4.68813 11709.6 6439.47 6330.21 5270.14 1602.27 305.719 1296.55 1171.08 3667.87 465.476 148.127 3202.39 2966.3 236.097 328.319 240.649 6001.89 0.420615
internal_count=7926363 1813446 1792875 1411724 673 381151 22132 20499 359019 14673 1411051 135775 6112917 4986331 3099209 1126586 13958 5693 8265 7587 1112628 8025 6259 1104603 1100463 4140 2807532 143333 291677 2429
is_linear=0
shrinkage=0.08


Tree=95
num_leaves=31
num_cat=0
split_feature=12 8 8 7 9 7 0 7 8 9 9 9 8 3 2 10 10 10 10 9 11 7 8 11 8 11 13 7 8 11
split_gain=247.931 992.698 19354.1 245552 138640 82608.6 119356 45533.4 38.9182 417.168 44.6854 30.7803 21.1154 7.66203 7.12597 6.32292 8.00435 6.31209 5.88815 11.3298 21.5447 24.4042 19.7928 12.7472 17.285 10.6883 9.3315 8.5089 14.0769 27.6542
threshold=0.42524210335777002 0.61570918532943864 0.60556919498643247 0.31938608776844074 0.31688578693934971 0.41943351691581438 0.070197044334975381 0.39246421388856034 0.62084711069122978 0.29340579710144932 0.3244428639165482 0.32209077465589814 0.71649772527735667 0.13563218390804602 0.36882591093117417 0.43498389694041878 0.43415952672378627 0.97339233038348094 0.97339233038348094 0.95949851585689738 0.23611111111111113 0.90026178010471225 0.99779735682819404 0.47222222222222227 0.99779735682819404 0.61250000000000016 0.58227617846191659 0.98496155585707845 0.99779735682819404 0.30384615384615393
decision_type=2 2 2 2 2 2 2 2 2 2 2 2 2 2 2 2 2 2 2 2 2 2 2 2 2 2 2 2 2 2
left_child=1 2 -1 4 -4 7 -7 -5 9 -3 11 -11 15 17 -15 16 -10 -14 -2 20 21 26 -23 24 -22 -25 -20 28 -21 -30
right_child=18 8 3 5 -6 6 -8 -9 12 10 -12 -13 13 14 -16 -17 -18 -19 19 27 23 22 -24 25 -26 -27 -28 -29 29 -31
leaf_value=-0.084393908664247758 -0.0012347214245464538 35.764513454670727 -1530.3459772978374 -90.283021642479255 -228.76860846269309 -970.23262124173027 -0.080000444255547254 -4.1250030683869365 -0.080191032308488508 -0.080033394213958844 -0.080307467191392465 6.8076177865027301 -0.0034753491049948904 -0.098556145665832734 0.12737495192664525 -0.10054548207806767 1.0291158117734864 0.13343614126653477 -0.080096758502562912 0.0017608377018394491 0.057695736894126305 -0.0065487305929061513 -0.074164638894217205 -0.0039541847147372498 -0.14548599817242669 0.019891158735500843 0.031099185203932064 0.0030926295642371431 -0.11826289799241697 -0.016764668780002413
leaf_weight=14.522300555052274 9566.7625672663908 0.0022318589325975155 0.0010455698668402338 0.041684510507124184 0.00104946195776634 0.0014018412738658879 0.0019275928234343547 0.67415122236798686 0.098568924689813681 0.0064636209172035568 0.076020125584594825 0.01161351653445312 65.737996768937492 8.6430235366752495 0.9964609502690881 22.114214931828649 0.072066005004654016 2.228176239761523 5.2141643847571677 246.74734810326481 66.790389850313659 61.289413187943865 50.56645842269063 165.36998687253799 2.7916670482372856 441.45909909409238 65.569456494413316 918.64101713633863 19.269342115847394 158.44673025701195
leaf_count=1730076 6080829 553 725 2684 135 172 398 1967 1021 407 1503 34 21901 18028 2550 33199 49 185 75 2447 900 351 513 2110 100 9379 604 15018 152 2042
internal_value=-0.00151957 -0.118296 -0.719668 -13.5107 -878.348 -10.9913 -408.558 -9.14215 -0.0266136 1.58062 0.769821 4.34488 -0.0281635 -0.00845354 -0.075201 -0.0968023 0.388314 0.0010131 -0.000376197 0.00335347 0.0105285 -0.0138529 -0.0371157 0.0171118 0.049544 0.0133929 0.0229081 -0.00123569 -0.0106032 -0.0277699
internal_weight=11884.1 115.23 15.2436 0.72126 0.00209503 0.719165 0.00332943 0.715836 99.9868 0.0963291 0.0940973 0.0180771 99.8905 77.6057 9.63948 22.2848 0.170635 67.9662 11768.9 2202.16 859.051 182.639 111.856 676.411 69.5821 606.829 70.7836 1343.1 424.463 177.716
internal_count=7930107 1815587 1736157 6081 860 5221 570 4651 79430 2497 1944 441 76933 42664 20578 34269 1070 22086 6114520 33691 14032 1543 864 12489 1000 11489 679 19659 4641 2194
is_linear=0
shrinkage=0.08


Tree=96
num_leaves=31
num_cat=0
split_feature=12 8 8 8 9 12 8 8 5 5 2 10 12 8 2 5 2 5 2 3 8 3 9 10 8 5 7 13 13 13
split_gain=275.683 1218.92 29297.5 42282.9 29712.7 310120 66150.6 15.5739 10.9958 11.2275 205.243 6.39188 18.9274 10.0049 10.6564 18.0288 11.2294 8.7462 22.2763 18.3831 12.3969 8.31293 7.62094 15.4941 12.6617 12.1535 11.5697 9.99779 10.2794 13.9426
threshold=0.42524210335777002 0.62084711069122978 0.60556919498643247 0.61024906501153831 0.30692752553217673 0.38477631155455427 0.61570918532943864 0.66524822695035468 0.70900537634408611 0.72821969696969713 0.31180555555555561 0.97339233038348094 0.95820858283433152 0.93377192982456148 0.32345248474280741 0.078461538461538485 0.7435215946843855 0.65571120689655182 0.15535444947209656 0.24121212121212124 0.99779735682819404 0.80384615384615399 0.95949851585689738 0.94349298500241907 0.99779735682819404 0.063508064516129045 0.98496155585707845 0.90790456105420358 0.74690314987239714 0.41564661392247609
decision_type=2 2 2 2 2 2 2 2 2 2 2 2 2 2 2 2 2 2 2 2 2 2 2 2 2 2 2 2 2 2
left_child=1 2 -1 -4 5 -5 -6 -3 -9 10 -10 22 17 -14 15 -15 -16 18 19 -13 -19 -20 27 25 26 -24 -25 28 29 -2
right_child=11 7 3 4 6 -7 -8 8 9 -11 -12 12 13 14 16 -17 -18 20 21 -21 -22 -23 23 24 -26 -27 -28 -29 -30 -31
leaf_value=-0.084033409149807947 -0.0019997748812192228 -0.099804270201199405 -458.73207162766266 -845.25624877876112 -381.28231505584205 -29.78533125452077 -0.041551777001363546 -0.10412232389605269 -0.08013449950127427 -0.0047325705304293222 17.383640813703099 0.10199918614198178 0.070023457649423346 -0.063667909844463577 -0.02400574397942877 0.0082957411546323353 -0.0021407958344650617 0.02916187473645758 0.042455796175877587 0.43907222102225368 -0.0051613599091262785 0.013236465365673411 0.11396195892212721 -0.052788569286546523 0.0080268680265788393 -0.0024968412112308623 0.13608235925750056 0.0095467550470857438 -0.0080255178729030357 0.0061023176018888872
leaf_weight=13.460287259727265 5791.3255631024358 15.712157525493138 0.0013953924137055642 0.0030289541677850354 0.0029380708712506412 0.20401224100411758 0.3390784952804769 7.694094214440752 0.072013900636504924 75.81530341529438 0.0045809371986251781 4.2383419381221747 12.786053624469785 22.999307870864868 193.99490331241395 712.72196353506297 667.8487879614695 103.47853620897513 95.078398300887784 1.3702903740340842 192.87726499832934 180.83757832323317 8.8041357651818561 81.854029123205692 37.27420950983651 16.451933928881772 2.1297346898354581 591.95421951613389 1214.8985669575632 1776.2674499311806
leaf_count=1729395 5832267 15493 2448 1454 2536 421 1740 28002 423 32911 37 108 143 176 3855 5180 15919 913 2510 42 1721 3003 283 1218 620 241 27 11340 15053 220991
internal_value=-0.00110501 -0.125291 -0.823823 -18.914 -17.7962 -41.7154 -3.31658 -0.0267297 -0.0129934 -0.00375453 0.964328 9.67252e-05 0.00399556 -0.000461488 -0.00102561 0.00604609 -0.00706244 0.0164158 0.0265136 0.184352 0.00682328 0.0233052 -0.000799355 -0.0189039 -0.0307769 0.0381001 -0.047999 -0.000516398 -0.00119467 -9.80496e-05
internal_weight=11822.5 113.309 14.0107 0.550453 0.549058 0.207041 0.342017 99.2981 83.586 75.8919 0.0765948 11709.2 2188.23 1610.35 1597.56 735.721 861.844 577.88 281.525 5.60863 296.356 275.916 9520.96 146.514 121.258 25.2561 83.9838 9374.45 8782.49 7567.59
internal_count=7930470 1814860 1737994 8599 6151 1875 4276 76866 61373 33371 460 6115610 33570 25273 25130 5356 19774 8297 5663 150 2634 5513 6082040 2389 1865 524 1245 6079651 6068311 6053258
is_linear=0
shrinkage=0.08


Tree=97
num_leaves=31
num_cat=0
split_feature=12 3 5 5 2 8 8 3 9 5 1 8 10 2 9 2 2 1 5 3 11 13 8 13 4 13 11 8 11 3
split_gain=65.8897 179.199 190.237 14202.5 16406.5 24451.4 20.6181 20.1301 146.482 269.576 9.54725 6.56074 443.57 6.23677 4.46741 4.11247 4.00122 94.8124 38.2147 54.9154 28.446 50.4542 22.8806 25.2698 18.3552 23.5576 18.058 31.5814 42.9998 38.3388
threshold=0.42524210335777002 0.49489795918367352 0.72821969696969713 0.70900537634408611 0.31180555555555561 0.81974597548368056 0.66524822695035468 0.13563218390804602 0.53361581920903967 0.54653679653679665 0.37248718959400873 0.44487847222222227 0.5750816993464053 0.080816326530612229 0.32209077465589814 0.31180555555555561 0.72902097902097918 0.7886762360446572 0.32945736434108536 0.84327485380116973 0.77500000000000013 0.58227617846191659 0.99779735682819404 0.58227617846191659 0.36666666666666675 0.29489069589888756 0.41428571428571431 0.99779735682819404 0.69047619047619058 0.60232558139534886
decision_type=2 2 2 2 2 2 2 2 2 2 2 2 2 2 2 2 2 2 2 2 2 2 2 2 2 2 2 2 2 2
left_child=1 6 3 -3 -5 -6 -1 13 15 -10 11 12 -4 14 -8 -9 18 24 19 20 -2 -22 -21 -24 25 -18 -20 28 -28 -29
right_child=16 2 10 4 5 -7 7 8 9 -11 -12 -13 -14 -15 -16 -17 17 -19 26 22 21 -23 23 -25 -26 -27 27 29 -30 -31
leaf_value=-0.097589584644730568 -0.035113100588262544 -0.10204950623107362 -0.080008317623704653 -0.080081251352250776 -58.256523665178342 -337.93227715839834 -0.024428131736478745 -0.11709875162430654 -0.080062857755728883 -33.560074120782254 0.12836909702433744 -0.12810844986670253 -36.32323664408554 0.57128842403434166 0.015745078155468415 -0.33171967739219599 -0.014237119070372709 -0.00041517435192475456 -0.012709918878155627 -0.10927461887920864 0.0024492830473349229 -0.14818129787263226 -0.5650803341975964 -0.15587064668033265 -0.050539671335268377 0.093794346612268265 0.026203625645020781 -0.00051065850534603486 0.0011104331514001726 -0.035840846295016972
leaf_weight=25.195234934760308 285.92314238742597 3.2762551824805777 0.12236488978947953 0.03954398715977929 0.032924641684054248 0.002130099976056953 33.441969252105025 5.65281856928934 0.0043408598025739256 0.0023847823758842424 1.0330145472383661 3.1336627910657322 0.0022000227768405453 0.12117061885692137 37.673313073180111 0.6356500484348161 14.89195732020873 6259.4238326532068 565.97863028202482 13.704583516036339 421.12006257233224 14.72928867448354 1.663202007999643 2.303323763422668 7.4072767381275773 97.482299071167859 678.08294972292879 1919.7150896120038 1229.5538520102855 218.9992101911339
leaf_count=1549204 1742365 140117 31268 6018 1215 9 17052 18146 51 10 1082 28562 142 18 13732 7620 13844 1017401 2040976 7944 191532 564 27 37 6487 5663 748919 20065 313613 5276
internal_value=-0.000998108 -0.0625217 -0.436262 -0.887956 -35.4037 -75.251 -0.0347183 -0.0142872 -0.151413 -11.9514 -0.0835524 -0.150742 -0.720124 -0.00216929 -0.00314638 -0.138793 -0.000419274 0.000933997 -0.00203234 -0.0189159 -0.0155046 -0.00264119 -0.158248 -0.327456 0.0714376 0.0794779 0.000674408 0.00254652 0.01003 -0.00412838
internal_weight=11841.3 110.369 7.6421 3.35085 0.0745987 0.0350547 102.727 77.5316 6.29519 0.00672564 4.29124 3.25823 0.124565 71.2365 71.1153 6.28847 11731 6379.21 5351.77 739.444 721.772 435.849 17.6711 3.96653 119.782 112.374 4612.33 4046.35 1907.64 2138.71
internal_count=7928959 1814246 208413 147359 7242 1224 1605833 56629 25827 61 61054 59972 31410 30802 30784 25766 6114713 1043395 5071318 1942469 1934461 192096 8008 64 25994 19507 3128849 1087873 1062532 25341
is_linear=0
shrinkage=0.08


Tree=98
num_leaves=31
num_cat=0
split_feature=12 8 3 11 8 8 5 11 10 2 12 7 9 14 5 12 10 10 12 8 1 2 3 11 1 3 11 11 2 11
split_gain=18.0482 22.681 14.0685 8.96168 8.85896 47.1915 240.202 8.67137 14.4849 6.50498 30.6652 6.25902 304.553 3653.95 5034.18 21.7213 815.987 6.2219 14.2834 17.3727 10.1037 39.5178 47.1376 48.197 31.8776 23.5266 25.5688 20.9975 19.0084 28.0672
threshold=0.42358736598087515 0.66524822695035468 0.13563218390804602 0.85416666666666685 0.99779735682819404 0.958456607495069 0.68819444444444455 0.61250000000000016 0.73481681829358247 0.36882591093117417 0.37150663544106172 0.40654873581702855 0.30692752553217673 1.0000000180025095e-35 0.53033088235294124 0.40702819510187288 0.5750816993464053 0.97339233038348094 0.95820858283433152 0.958456607495069 0.4673758865248227 0.54723707664884147 0.30940170940170947 0.61250000000000016 0.64611005692599621 0.70710784313725494 0.77500000000000013 0.30384615384615393 0.52506265664160423 0.85416666666666685
decision_type=2 2 2 2 2 2 2 2 2 2 2 2 2 2 2 2 2 2 2 2 2 2 2 2 2 2 2 2 2 2
left_child=1 11 3 7 5 -4 -7 -3 -9 -6 -11 -1 13 14 -13 16 -14 20 -19 -20 21 22 27 -24 25 26 -22 -2 -26 -30
right_child=17 2 4 -5 9 6 -8 8 -10 10 -12 12 15 -15 -16 -17 -18 18 19 -21 24 -23 23 -25 28 -27 -28 -29 29 -31
leaf_value=-0.087008114425654495 -0.047061080493398466 0.020495000333787365 -0.13893224748398239 -0.030098195568835178 -0.037378645568788137 -0.080015193423220346 -23.204956025771672 0.019578508376480598 0.5815446525488559 2.914114165136187 0.12153418786049079 -0.08000026660807541 -0.080000336224897883 -0.080083355930163316 -240.07208128704065 -0.080051795995021907 -67.200726678596979 0.014056961719133532 0.043314698119130794 -0.0021408638873212735 -0.049254919480764797 0.1864131515366563 -0.057880552813274311 -0.0095317376255773974 0.030580727917940063 0.073023033308061161 0.051424223817527148 0.00011909679664841329 0.00075544620306684036 -0.017765006051912297
leaf_weight=23.797129502061399 61.783652311436526 35.380274271338635 7.0568957344220831 32.147396534190563 3.2987143488971928 0.017027440706442465 0.0034586278998176559 0.76327683463750762 0.47698920744005591 0.026718839013483264 0.43302026238234248 0.0012695270668197417 0.04377185802241064 0.026615892130375698 0.0010000329983372938 2.0586337173785196 0.0011907100015499513 579.34956616257841 55.727194525010418 1565.1581980014162 29.805693313806898 6.8865105938562001 199.77528721661827 388.70035841982792 124.25407992101827 66.213712884385117 35.221397871785442 2640.6454794866886 5428.3419848602498 579.60833810470103
leaf_count=1105208 609580 24623 26923 5518 2237 105 17 124 13 89 205 584 12304 6069 327 561825 181 8328 465 24779 100098 3590 2748958 335420 17407 22772 10155 1156052 1119185 26871
internal_value=-0.000855699 -0.0337918 -0.0126249 0.000725257 -0.0973495 -0.150063 -3.98416 0.0277837 0.235703 0.00191223 0.283832 -0.098774 -0.230074 -8.38876 -105.827 -0.118043 -1.85751 -0.00056017 0.00327552 -0.000578069 -0.00144284 -0.00502684 -0.00542745 -0.0259452 0.000444186 0.0394563 0.00527712 -0.000959549 -0.000390748 -0.00103129
internal_weight=11867 105.533 79.6038 68.7679 10.8358 7.07738 0.0204861 36.6205 1.24027 3.75845 0.459739 25.9296 2.13248 0.0288855 0.00226956 2.1036 0.0449626 11761.5 2200.23 1620.89 9561.24 3297.79 3290.9 588.476 6263.45 131.241 65.0271 2702.43 6132.2 6007.95
internal_count=7930012 1746352 59854 30278 29576 27045 122 24760 137 2531 294 1686498 581290 6980 911 574310 12485 6183660 33572 25244 6150088 4853600 4850010 3084378 1296488 133025 110253 1765632 1163463 1146056
is_linear=0
shrinkage=0.08


Tree=99
num_leaves=31
num_cat=0
split_feature=12 3 8 7 11 2 9 12 1 5 3 0 1 5 2 9 3 11 8 8 2 10 11 7 11 1 11 3 3 3
split_gain=13.5214 22.6769 15.4158 5.7446 15.9641 17.909 20.4528 13.9023 26.4132 14.0798 11.093 19.8425 10.4419 8.89529 8.04726 7.35655 11.6039 10.7096 24.7059 13.4769 8.63945 7.39789 14.8841 33.3541 14.223 7.69617 45.4353 25.1597 7.35453 7.3472
threshold=0.42358736598087515 0.13563218390804602 0.66524822695035468 0.98496155585707845 0.47222222222222227 0.33568075117370899 0.59708566173869992 0.99767441860465123 0.97617697107203638 0.21132376395534294 0.87068004459308812 0.64075471698113218 0.7593103448275863 0.067816091954023008 0.25677655677655681 0.95949851585689738 0.96871945259042047 0.77500000000000013 0.99779735682819404 0.99779735682819404 0.90098039215686287 0.97339233038348094 0.30384615384615393 0.93777654867256655 0.38750000000000007 0.47165775401069526 0.41428571428571431 0.77913279132791347 0.49489795918367352 0.70710784313725494
decision_type=2 2 2 2 2 2 2 2 2 2 2 2 2 2 2 2 2 2 2 2 2 2 2 2 2 2 2 2 2 2
left_child=1 2 -1 15 10 6 14 9 -9 -7 11 28 -13 -12 -6 21 20 19 -19 -18 -17 25 23 -23 -24 26 -2 -27 -5 -8
right_child=3 -3 -4 4 5 7 29 8 -10 -11 13 12 -14 -15 -16 16 17 18 -20 -21 -22 22 24 -25 -26 27 -28 -29 -30 -31
leaf_value=-0.1007499998319744 -0.033268494739878099 -0.097224106384571116 0.0050569102425037848 0.0057145887879759671 0.061307126447745421 0.0059470886749602219 0.0046999649974919953 -0.035622606831333205 0.025388014452157551 -0.089177537513919533 0.028660043498500213 -0.35242573237423969 -0.083524563465986273 0.081257034537825137 0.19433282501892873 -0.0011025411347316877 -0.0013841420260480583 -0.088297920185685289 0.023577747642967713 -0.042652596219200492 0.054450536048810144 0.0081267930299162971 0.04968548561220671 -0.066835891059962599 0.0089510844017358111 0.029631050476582672 -0.00071316628753798962 -5.0207761874418949e-05 0.074300911352987248 -0.098944891000852436
leaf_weight=10.099578936073312 306.4575559640266 23.969367548741488 69.175188702067175 93.123168990015984 18.802383712492887 14.687203703098929 794.01760096661747 105.03012525202939 80.009385502897203 30.92982710909564 116.64395939098904 1.0883129946887482 6.1297509809955955 24.987016179424245 3.4434372521936885 240.99766705930233 182.73684650892392 38.105631057638675 18.89844715828076 70.062281928956509 19.355287857353687 135.95461212191731 60.296605650961283 52.717148175928742 608.33308853603376 188.63994475768504 2620.0040953041266 5880.8347741771786 11.210546104179228 4.4015676118433467
leaf_count=381061 3165120 1334385 30236 728 127 318 5231 2126 9317 452 1689 29 91 723 21 3046 1327 553 1203 607 251 1267 864 384 11573 206819 1695390 1074280 131 151
internal_value=-0.000214441 -0.0290391 -0.00842285 3.93113e-05 0.00504417 0.000701182 0.00623669 -0.0189939 -0.00924217 -0.0585505 0.0230781 0.00420953 -0.124068 0.0379394 0.0818982 -0.000587055 -0.00942223 -0.0198847 -0.051208 -0.0128215 0.00302741 -7.58085e-05 0.00702505 -0.0128187 0.0126245 -0.000752511 -0.00412234 0.000872289 0.0130841 0.00412859
internal_weight=11831.1 103.244 79.2748 11727.9 1304.5 1051.32 820.665 230.657 185.04 45.617 253.183 111.552 7.21806 141.631 22.2458 10423.4 570.156 309.803 57.0041 252.799 260.353 9853.24 857.301 188.672 668.63 8995.94 2926.46 6069.47 104.334 798.419
internal_count=7929500 1745682 411297 6183818 21134 17743 5530 12213 11443 770 3391 979 120 2412 148 6162684 6987 3690 1756 1934 3297 6155697 14088 1651 12437 6141609 4860510 1281099 859 5382
is_linear=0
shrinkage=0.08


Tree=100
num_leaves=31
num_cat=0
split_feature=12 8 3 1 1 5 2 5 1 3 3 8 13 14 5 4 8 11 12 3 10 1 3 8 9 11 11 2 5 5
split_gain=11.8614 18.4963 10.798 6.84867 14.1119 374.89 8.6953 911.567 6.12729 25.7701 20.272 59.7056 22.8 37.8588 19.1921 18.6833 16.1086 29.7589 25.2212 15.5982 25.1968 19.3961 16.1639 15.3816 26.9164 13.9321 13.76 13.1695 12.7155 12.6204
threshold=0.42827748383303949 0.67507961783439507 0.13563218390804602 0.29459980713596917 0.29679679679679688 0.6478537360890303 0.31180555555555561 0.65571120689655182 0.20144927536231885 0.79008567931456553 0.49489795918367352 0.97081701016294797 0.12598947346435813 1.0000000180025095e-35 0.57294832826747732 0.30952380952380959 0.99779735682819404 0.30384615384615393 0.71463077984817136 0.50531914893617036 0.8597311034595837 0.26365441906653425 0.98888888888888904 0.97081701016294797 0.85258609734400825 0.61250000000000016 0.85416666666666685 0.48834688346883476 0.32945736434108536 0.36055555555555557
decision_type=2 2 2 2 2 2 2 2 2 2 2 2 2 2 2 2 2 2 2 2 2 2 2 2 2 2 2 2 2 2
left_child=1 -1 -3 6 5 -5 -4 -8 9 14 11 15 13 -13 23 25 17 -16 -18 20 -12 22 -21 26 -25 -10 -2 -22 -14 -17
right_child=8 2 3 4 -6 -7 7 -9 10 -11 19 12 28 -15 16 29 18 -19 -20 21 27 -23 -24 24 -26 -27 -28 -29 -30 -31
leaf_value=-0.088066137847292877 -0.050607671367621634 0.001667452395810265 -0.10694714805838994 -0.080184762904450965 -0.0090715157049408197 31.201925601878308 -0.080725233813492045 -36.969393105723782 -0.070381265960326664 -0.18522765572167818 -0.024926026991859071 0.032725534041224427 -0.011473808766560924 1.0443521328281489 -0.054348759457078052 -0.08297500860044929 0.016634723618186926 0.0089548783275140691 -0.0086803501640229513 -0.041239570462070552 0.06903957656300741 -0.00015583120548998375 -0.21584548265255765 0.094312158874984536 0.018898072862484371 -0.028503622355246398 0.043356639400186942 0.44663040393407044 0.014818848275878448 1.2358092702113437
leaf_weight=24.323149262797131 26.714105475497945 74.58460476627647 6.9251361344555535 0.059405652022178734 2.9341290122403727 0.0025573862194505628 0.37843097300414613 0.0043364167400749545 111.65573778395287 4.6636046354547025 26.114573235237913 0.70807551918551326 265.1070015358564 0.35569149401271605 48.968447915009165 0.075387120649394457 308.71064880641643 1614.4982881402475 1368.1264422948007 29.473372315458747 43.69538055726116 7382.155308502186 3.8346689846720059 41.059219824441243 115.47819990525022 93.351601525670219 15.916782272360249 0.59927118346240504 211.74057794056716 0.12095441469045909
leaf_count=1867095 374203 28711 15020 505 10432 37 2017 78 2151468 1726 234569 396 7741 230 472462 74 6216 894094 9242 36623 2724 1503456 755 1732 1084 260796 41782 28 5482 10
internal_value=-0.000318175 -0.0265608 -0.00893767 -0.0857019 0.0161594 1.21091 -0.127463 -0.498641 -7.34919e-05 0.00270441 -0.00127869 -0.0144712 0.00102656 0.370983 0.00295203 -0.0505649 0.00151356 0.00709137 -0.00401977 -7.48216e-05 0.0374018 -0.000430659 -0.0613415 0.0270769 0.0386789 -0.051312 -0.0155249 0.0741481 0.000201248 0.72945
internal_weight=11822.3 109.212 84.8886 10.304 2.99609 0.061963 7.3079 0.382767 11713.1 3544.14 8168.99 683.115 477.911 1.06377 3539.47 205.204 3340.3 1663.47 1676.84 7485.87 70.4092 7415.46 33.308 199.168 156.537 205.007 42.6309 44.2947 476.848 0.196342
internal_count=7930788 1923895 56800 28089 10974 542 17115 2095 6006893 1802541 4204352 2426197 13849 626 1800815 2412348 1382014 1366556 15458 1778155 237321 1540834 37378 418801 2816 2412264 415985 2752 13223 84
is_linear=0
shrinkage=0.08


Tree=101
num_leaves=31
num_cat=0
split_feature=12 0 0 5 8 5 8 13 13 8 7 10 7 11 10 7 8 13 7 7 7 8 12 9 9 9 11 8 10 10
split_gain=46.8386 159.211 9723.28 254059 1.02481e+06 11.0079 7.97167 7.12566 15.064 7.06776 79.3462 10.9722 13.1526 33.5133 10.6369 14.4653 19.7973 36.1527 10.7597 9.67234 14.2989 9.2063 8.77028 52.5774 94.8889 12.8222 7.00201 6.07835 20.0606 21.4454
threshold=0.42827748383303949 0.29459980713596917 0.29679679679679682 0.6478537360890303 0.48744747899159668 0.81322674418604668 0.66524822695035468 0.078864220555353137 0.079921053605264136 0.57837231278053403 0.29465524275805799 0.48107236684977317 0.46679636835278859 0.47222222222222227 0.51869322152341035 0.52485478643175776 0.67507961783439507 0.3597502950020936 0.48220618034447826 0.64238000442380006 0.70777873811581682 0.58019979266798616 0.43116519255067848 0.28782428602572491 0.27151675485008825 0.42982930408588871 0.85416666666666685 0.3722167243938645 0.41396725879484514 0.39909502262443447
decision_type=2 2 2 2 2 2 2 2 2 2 2 2 2 2 2 2 2 2 2 2 2 2 2 2 2 2 2 2 2 2
left_child=1 5 3 -3 -5 -1 7 -7 -9 10 27 -12 13 -13 15 16 17 -11 -18 21 -21 -17 23 24 -16 -25 -14 -2 29 -29
right_child=9 2 -4 4 -6 6 -8 8 -10 14 11 12 26 -15 22 19 18 -19 -20 20 -22 -23 -24 25 -26 -27 -28 28 -30 -31
leaf_value=-0.096048810869901066 -0.00051926019586519506 -0.080067535972880854 -0.053600107739606016 -0.08000022363584533 -2863.8842214225151 -0.090473702755909366 -0.0051435505660106249 1.6863232654419642 -0.081059676743265571 0.033034289960154659 -0.078240351458884874 -0.041387610569840895 -0.048506751707204566 0.17483206428151563 -0.080579512552838684 0.3992596999480289 -0.015190255529764746 0.44841994280286002 0.11146536736493282 0.1255260611698939 -0.037550862082169241 -0.026965414353035316 0.00041338905582633147 0.0068562210394500457 6.1787545051709722 0.39995565178007852 -0.14072151509963976 -0.082158456333053298 0.059647026772864438 1.8680309440556568
leaf_weight=11.906888059984039 2080.1245419374636 0.12672459454960769 8.7714285210361869 0.003905218707215624 0.0010056553381795445 9.5774030239447807 75.455748674091581 0.0451958709600154 0.097334557054223475 3.0173120737156855 90.780871997371662 19.688046525664173 24.620043585873571 5.9817249310931393 0.03937509620248756 0.32816688163812102 9.4135905734134511 2.4136549700176673 7.8911480375497733 8.4299300284119472 5.8146214214498277 27.738768244196724 9428.602255621774 2.6702202404004609 0.025563515565607785 0.66288975005246786 6.7051209379525423 0.064457802014657228 4.9523608926228917 0.081993393581797136
leaf_count=861344 106626 24387 564609 1482 297 431437 32207 487 6037 88072 2485614 411915 870527 207029 84 4470 7430 1373 8330 9728 1791 151166 1543690 2441 90 1417 105573 84 1141 55
internal_value=-0.000748535 -0.0536924 -0.377476 -21.9587 -586.534 -0.0239995 -0.0139276 -0.0821177 0.479371 -0.000270166 -0.00431994 -0.0609678 -0.0334563 0.0089972 0.00068204 0.0329218 0.0843871 0.217642 0.0425661 0.00526732 0.0589581 -0.0219819 0.0004597 0.12896 2.38345 0.0850359 -0.0682452 -0.000305417 0.0869348 1.00969
internal_weight=11836 105.986 8.90306 0.131635 0.00491087 97.0826 85.1757 9.71993 0.14253 11730 2233 147.776 56.9949 25.6698 9497.05 65.0472 22.7357 5.43097 17.3047 42.3115 14.2446 28.0669 9432 3.39805 0.0649386 3.33311 31.3252 2085.22 5.09881 0.146451
internal_count=7930933 1922287 590775 26166 1779 1331512 470168 437961 6524 6008646 4188564 4080658 1595044 618944 1820082 272360 105205 89445 15760 167155 11519 155636 1547722 4032 174 3858 976100 107906 1280 139
is_linear=0
shrinkage=0.08


Tree=102
num_leaves=31
num_cat=0
split_feature=12 5 8 14 8 10 7 12 12 8 9 10 12 3 0 2 4 10 1 2 2 11 8 11 13 1 3 3 11 1
split_gain=10.0109 21.733 7.25297 7.25291 12.7662 11.3432 8.13055 6.11511 7.15496 5.1473 5.71507 45.3276 5.1018 57.6414 933.965 4.32222 5.11739 3.95404 6.04656 34.4418 33.809 26.6829 34.1037 24.3924 22.2438 20.7191 20.3413 17.2764 14.6364 10.9731
threshold=0.49238500193274065 0.6478537360890303 0.99779735682819404 1.0000000180025095e-35 0.76490327674694047 0.55919074555368709 0.29465524275805799 0.43763412017167386 0.45338731443994607 0.99779735682819404 0.46123798076923078 0.693997599039616 0.49130369026013315 0.25320512820512825 0.25677655677655681 0.30471628592483424 0.30952380952380959 0.97339233038348094 0.4673758865248227 0.63525498891352561 0.50423728813559332 0.38750000000000007 0.97081701016294797 0.41428571428571431 0.58227617846191659 0.54692082111436957 0.63733075435203113 0.60232558139534886 0.85416666666666685 0.41223155929038291
decision_type=2 2 2 2 2 2 2 2 2 2 2 2 2 2 2 2 2 2 2 2 2 2 2 2 2 2 2 2 2 2
left_child=1 9 3 4 5 -3 -6 -5 -9 12 -11 -12 -1 14 -14 -4 -17 18 19 21 23 22 -2 -20 -25 26 -22 -23 -27 -21
right_child=17 2 15 7 6 -7 -8 8 -10 10 11 -13 13 -15 -16 16 -18 -19 20 29 25 27 -24 24 -26 28 -28 -29 -30 -31
leaf_value=-0.082849247418014901 -0.043595412564363313 0.00577323167492507 0.0084022984654391775 -0.050109390281632069 0.25473133824324024 0.27786277332169668 -0.021216759127159712 0.061084432081006799 -0.025540563702226456 -0.027526455033496995 2.0799864977924325 -0.073785593777500005 -0.080009756619445649 -0.080032381764038971 -79.842787571757313 0.29880779314991418 0.0050178056541155406 0.0025179196212713551 -0.027002626582647401 0.4303971357873328 -0.057894033009476667 -0.0012132758014707177 0.025965349307146269 0.059189595256740002 -0.15253074025881302 0.00027260682289325365 0.10631621393376739 -0.042891900543221784 -0.012757943217166454 0.14196615161570791
leaf_weight=31.920642803299987 209.28060882266891 1.8329321770444065 84.090081615391682 47.15308134708134 0.71471105020101866 2.108784052524749 15.574736829128668 7.8915262216738276 26.916607607737532 5.5296919661088415 0.074063561914954223 0.40186876355437562 0.014902328211006829 0.17621526636475604 0.0010027480743746838 0.72217559885920823 0.7995595708489418 2204.2514290354738 30.051030330035985 1.2384528620768827 6.2608096712769443 2814.3483920417339 57.501713391277008 118.16221364515258 3.2635985337547018 5447.4156876272655 21.094407950247447 65.124190675922364 613.85066362858652 2.6514867330752168
leaf_count=2966602 1417135 106628 4881 703220 249 8506 3591 181852 371006 3419 27 208 1536 19029 105 42 6 33548 42608 81 11281 836452 4353 20997 71 1142705 7671 14215 28868 105
internal_value=-0.000856312 -0.0175348 -0.00635623 -0.020746 0.0221514 0.151339 -0.00910934 -0.0313347 -0.00590138 -0.0726099 -0.00463128 0.26138 -0.085323 -0.496342 -5.10872 0.0108204 0.144443 -0.000531327 -0.0012471 -0.00410427 0.000195263 -0.00439841 -0.0286024 0.0375286 0.0534991 -0.000733541 0.0687333 -0.00215591 -0.00104705 0.233795
internal_weight=11820.4 225.923 187.804 102.192 20.2312 3.94172 16.2894 81.9612 34.8081 38.1184 6.00562 0.475932 32.1128 0.19212 0.0159051 85.6118 1.52174 11594.5 9390.24 3150.14 6240.1 3146.25 266.782 151.477 121.426 6088.62 27.3552 2879.47 6061.27 3.88994
internal_count=7930997 4370907 1379981 1375052 118974 115134 3840 1256078 552858 2990926 3654 235 2987272 20670 1641 4929 48 3560090 3526542 2272341 1254201 2272155 1421488 63676 21068 1190525 18952 850667 1171573 186
is_linear=0
shrinkage=0.08


Tree=103
num_leaves=31
num_cat=0
split_feature=12 5 14 9 8 10 8 7 8 9 10 9 10 12 9 8 9 7 9 9 5 14 7 13 8 9 7 13 10 4
split_gain=9.48461 17.7087 11.2803 11.7437 8.86905 105.776 828.028 10.8219 8.3218 6.87154 9.36117 8.61527 6.8105 6.10646 15.7431 20.1445 27.4128 32.1277 10.894 68.1181 552.951 5.67907 8.19139 29.2003 19.7081 10.9227 29.574 7.95713 6.82391 5.67794
threshold=0.44930728468364944 0.70900537634408611 1.0000000180025095e-35 0.36331284373989009 0.54909996785599502 0.5750816993464053 0.53528240147958472 0.43643578643578651 0.93377192982456148 0.36402157164869037 0.94349298500241907 0.48940658946045429 0.8452156236387397 0.45402089205770196 0.33076786454324791 0.88428213390619415 0.30315449577744663 0.45009225092250926 0.48940658946045429 0.49096352749047362 0.97826086956521752 1.0000000180025095e-35 0.65846083926677779 0.078864220555353137 0.58212458832597591 0.35192592592592598 0.70777873811581682 0.077777777777777793 0.51869322152341035 0.30952380952380959
decision_type=2 2 2 2 2 2 2 2 2 2 2 2 2 2 2 2 2 2 2 2 2 2 2 2 2 2 2 2 2 2
left_child=1 -1 4 -4 5 7 -7 -3 -5 10 -6 -11 -10 14 15 -2 -17 -18 29 20 -20 -15 23 27 -25 26 -24 -23 -27 -16
right_child=13 2 3 8 9 6 -8 -9 12 11 -12 -13 -14 21 18 16 17 -19 19 -21 -22 22 25 24 -26 28 -28 -29 -30 -31
leaf_value=-0.085913901576612037 -0.081539329141541592 0.081841822534832173 -0.045667771355816823 -0.031397418958698256 0.054231651211716622 -0.080077923747740865 75.34638393470992 1.2058077025323279 0.072234376584630097 -0.025333889447928162 0.35371208298195628 0.38191609351253464 -0.03461437633726451 0.0013465705470424758 0.0052288666679948118 -0.081279030427231766 -0.080950606680500178 1.6711478789781782 -0.08261109660033901 -0.080232888240939396 25.387198934286676 -0.0025558833448850542 0.1235736688397663 -0.07497991414068296 -0.020383986165584379 0.083478305739583369 1.6079647472045278 0.70387766323387957 -0.00053962965179758478 0.55038076852534834
leaf_weight=22.805038944642206 0.33724647029956045 0.4614056017386623 54.32818586982701 15.38485342110482 12.861063672987635 0.0076499247122934419 0.0010606368075644981 0.062217675721508603 15.699665137486592 11.517990459985189 0.70459122826650933 0.34233130175681026 5.0446170124341867 5594.0433361461482 7.475287704187048 0.17715216323267668 0.094795250231982209 0.22826459528732812 0.04142683627105756 0.20804892599094107 0.0062825765844536354 1446.0401395885287 0.92419074491590325 53.656207161309084 200.21652915284429 6.1955697702760508 0.094702107968259952 0.10205273407655013 4393.8266000070998 0.12430778524890218
leaf_count=2008002 4512 43699 209859 538408 4556 765 132 10726 898 3216 26 465 418 1076188 178926 39 28 62 1063 12337 197 886439 312 1954657 709931 5166 78 7108 272529 221
internal_value=-0.000691583 -0.0214493 -0.00882115 -0.0221613 0.0376655 0.36084 9.10418 0.215393 0.0131859 0.0308993 0.0697865 -0.0135792 0.0462508 -0.000444662 0.0665813 0.396309 0.718478 1.15703 0.031429 0.544977 3.27136 -0.000494482 -0.00218254 -0.00689901 -0.0319229 -0.000360678 0.261542 -0.00250603 -0.000421326 0.014146
internal_weight=11843 139.221 116.416 90.4573 25.9583 0.532334 0.00871056 0.523623 36.1291 25.426 13.5657 11.8603 20.7443 11703.8 8.69281 0.837458 0.500212 0.32306 7.85535 0.255758 0.0477094 11695.1 6101.06 1700.01 253.873 4401.04 1.01889 1446.14 4400.02 7.5996
internal_count=7930963 2821170 813168 749583 63585 55322 897 54425 539724 8263 4582 3681 1316 5109793 197385 4641 129 90 192744 13597 1260 4912408 3836220 3558135 2664588 278085 390 893547 277695 179147
is_linear=0
shrinkage=0.08


Tree=104
num_leaves=31
num_cat=0
split_feature=12 9 7 9 5 8 8 14 8 10 8 5 10 14 8 7 8 10 9 7 4 1 4 1 2 13 3 13 5 5
split_gain=779.566 31392.8 156911 798527 3.68134e+07 3799.62 33204.2 190241 627.221 22743 245798 373585 7166.28 142613 5539.7 147.029 15.308 10.4164 6.2883 8.55796 5.66525 43.3756 44.1391 38.6704 74.4795 38.7021 48.2172 43.3823 38.5469 25.6892
threshold=0.45402089205770196 0.48940658946045429 0.45009225092250926 0.49096352749047362 0.68819444444444455 0.54909996785599502 0.53528240147958472 1.0000000180025095e-35 0.54909996785599502 0.60744202146071313 0.53671373555840829 0.72046511627906984 0.5750816993464053 1.0000000180025095e-35 0.53528240147958472 0.44930728468364944 0.89492086860507924 0.569035604149145 0.32209077465589814 0.33809621011090701 0.41428571428571431 0.82842724978973936 0.63333333333333341 0.8352713178294574 0.7593103448275863 0.58227617846191659 0.94590643274853814 0.49264546831062089 0.4555335968379447 0.23205128205128209
decision_type=2 2 2 2 2 2 2 2 2 2 2 2 2 2 2 2 2 2 2 2 2 2 2 2 2 2 2 2 2 2
left_child=1 8 5 4 -4 6 15 -8 9 12 14 -12 17 -14 -11 -3 -10 -1 -18 -20 23 -22 28 24 25 27 -27 -2 29 -23
right_child=20 2 3 -5 -6 -7 7 -9 16 10 11 -13 13 -15 -16 -17 18 -19 19 -21 21 22 -24 -25 -26 26 -28 -29 -30 -31
leaf_value=-0.068410202286664668 -0.0023362549462793672 -0.08000046826216993 -0.08245679172408156 -0.08025267461561704 -15507.71988131111 0.053265802639852929 -607.64491051268965 -3.7871382440190193 -0.046838697489138922 -0.080423412041252626 -0.080000399392564342 -1427.1132360653548 -285.62071094363307 -0.084426729410720117 -94.616879936864422 -12.232614800685814 -0.020628425753144261 0.78706701647425537 0.2042882403468648 0.020297835537177168 -0.088224388955588873 0.022512363928677663 -0.00027644313474499931 -0.030531641913765641 0.057761936308121195 -0.080106529366970422 0.15887133104629073 0.062656866241578443 0.0030366407158904834 0.073104844063092159
leaf_weight=11.586287404266255 4556.6319843380097 0.19839001469811321 0.037542095725596608 0.16380998966955287 0.0010059535787201304 1.1676251659428456 0.0039501952180502125 0.021579923908859648 48.59160665906812 0.063553773879367337 0.0028072011111852637 0.0020181730379889018 0.01176715084004834 0.23017255201964501 0.0042311567870996205 0.0065829330980022851 28.242301594028795 0.091814335439566075 1.6702945390607116 51.607627617251779 34.511954399546084 138.7878794972338 5970.7114592787002 293.29904100002295 135.94035897796402 66.016834467416629 5.8850794997997573 66.691123297481681 278.83855768183662 119.57336978032515
leaf_count=2700039 3749732 47949 907 10109 328 15863 649 4986 182421 8420 753 423 2470 19681 310 1272 7671 6672 348 8434 46875 23936 1019542 23870 19944 955 107 1268 13318 11582
internal_value=-0.00261584 -0.187808 -11.3294 -77.1716 -404.771 -1.79972 -11.1861 -97.2202 -0.062323 -0.615924 -45.253 -596.925 -0.34402 -13.972 -5.98142 -0.470295 -0.0112966 -0.0616844 0.00988896 0.026066 -0.00033477 0.00122542 0.00169978 -0.00232667 -0.00061435 -0.00230451 -0.0605465 -0.00139873 0.0236645 0.0459273
internal_weight=11810.6 143.705 1.60049 0.202358 0.038548 1.39813 0.230503 0.0255301 142.104 11.9927 0.0726103 0.00482537 11.92 0.24194 0.0677849 0.204973 130.112 11.6781 81.5202 53.2779 11666.9 6542.42 6507.91 5124.46 4831.17 4695.23 71.9019 4623.32 537.2 258.361
internal_count=7930834 3019705 82063 11344 1235 70719 54856 5635 2937642 2738768 9906 1176 2728862 22151 8730 49221 198874 2706711 16453 8782 4911129 1115253 1068378 3795876 3772006 3752062 1062 3751000 48836 35518
is_linear=0
shrinkage=0.08


Tree=105
num_leaves=31
num_cat=0
split_feature=12 10 10 9 9 12 12 12 9 8 14 12 9 9 11 10 12 10 12 11 12 10 10 8 12 12 12 8 0 8
split_gain=10.2519 21.3379 12.617 118.95 798.715 13.1262 360.505 15.3764 9.68563 7.52937 8.1359 4.67328 3.94144 12.2227 68.2533 208.696 3.81497 10.8767 3.15127 5.74829 22.0283 2.98402 7.37631 17.6087 23.4384 20.643 20.3366 8.18994 7.83887 6.91926
threshold=0.47332761190659017 0.55051025667456976 0.55190373563218398 0.51567413522012584 0.51751318856582029 0.34240404788350004 0.33395291201982658 0.46437034529451598 0.29340579710144932 0.99779735682819404 1.0000000180025095e-35 0.38115415657788543 0.48940658946045429 0.49096352749047362 0.26136363636363641 0.52506983240223482 0.33395291201982658 0.62084711069122978 0.32274865591397855 0.47222222222222227 0.30460214475409292 0.97339233038348094 0.94349298500241907 0.97081701016294797 0.92695630081300828 0.86499057196731621 0.85462315462315475 0.99779735682819404 0.78346121057118523 0.93377192982456148
decision_type=2 2 2 2 2 2 2 2 2 2 2 2 2 2 2 2 2 2 2 2 2 2 2 2 2 2 2 2 2 2
left_child=1 12 3 5 -5 6 -3 -7 16 10 -10 -11 18 14 15 -14 17 -4 19 -1 -21 22 -2 24 26 28 -24 -27 -25 -23
right_child=21 2 8 4 -6 7 -8 -9 9 11 -12 -13 13 -15 -16 -17 -18 -19 -20 20 -22 29 23 25 -26 27 -28 -29 -30 -31
leaf_value=-0.097826246444883136 0.00038324715200728282 -0.082616811556318406 0.23385478737306123 74.111407616265311 -0.080013722942069973 -0.083578380186065129 30.269119406205647 1.3254138193240845 0.033905866170428969 0.069489900923487127 -0.037168731170095934 0.011812301636376421 -0.080047870302666663 -0.080098761062906212 -0.41355703829108759 -23.289364592837877 -0.074819986228159718 -0.0367301967865672 -0.079769480083848793 -0.080801306427600222 1.1610961280803742 0.041838455350233943 -0.0086149124239977941 -0.064109267059495087 -0.010974196122092852 -0.025486204024063527 0.048183810462304175 -0.00031204800629420175 0.13068787973201171 0.0024293310059532391
leaf_weight=0.61279419053303297 8565.2730540093344 0.050218262063861763 1.0173988632190809 0.0010782914529894215 0.006693085224880501 0.38614658348548803 0.0026359849402979299 0.056870363003903579 13.872595515461951 10.908987309521761 40.110018274308388 51.124498825673072 0.0088381989688886275 0.57635414679908648 0.16756857644462206 0.0034464145517354447 15.821168413780102 14.514655076393838 29.169993595009569 0.31430048665838906 0.1288967243857756 28.890728848986328 64.883921817970986 65.497054860214121 275.18431794265052 148.73261060053483 106.67182086670073 186.3181302868179 1.3493491682456795 2182.1387221297919
leaf_count=24533 4118024 304 5029 76 872 6852 91 996 35322 1428 198277 3568 1815 93179 5277 632 11393 7805 3353536 5496 6714 420 2820 2026 3101 1888 2599 4292 32 33191
internal_value=7.09378e-06 -0.0190004 -0.00635231 0.393377 10.2142 0.239464 1.43111 0.0972948 -0.0077184 0.00294344 -0.0189038 0.0219553 -0.079368 -0.259766 -0.835523 -6.59136 -0.0471703 -0.019006 -0.0748547 0.0609079 0.280384 0.000299534 -0.000321632 -0.00743596 0.00349411 -0.0195856 0.026702 -0.0114871 -0.0601771 0.00294428
internal_weight=11803.8 178.855 147.873 0.503643 0.00777138 0.495871 0.0528542 0.443017 147.369 116.016 53.9826 62.0335 30.9822 0.756207 0.179853 0.0122846 31.3532 15.5321 30.226 1.05599 0.443197 11624.9 9413.91 848.637 446.74 401.897 171.556 335.051 66.8464 2211.03
internal_count=7931588 3763195 272013 9191 948 8243 395 7848 262822 238595 233599 4996 3491182 100903 7724 2447 24227 12834 3390279 36743 12210 4168393 4134782 16758 8520 8238 5419 6180 2058 33611
is_linear=0
shrinkage=0.08


Tree=106
num_leaves=31
num_cat=0
split_feature=12 8 10 12 10 8 8 7 9 10 12 9 9 8 10 3 10 10 8 10 10 12 9 10 11 12 12 9 7 9
split_gain=298.433 19500.7 159658 1.63712e+06 2.4202e+06 355.719 4302.73 286.829 80.1397 479.357 72.4735 3320.55 81791.6 242680 557603 851.276 18.7543 790.86 17.0479 11.8107 6.14632 6.41752 5.80138 4.95201 40.2026 3.27791 3.00124 10.5774 8.08394 101.105
threshold=0.34240404788350004 0.5910210479175998 0.55051025667456976 0.33395291201982658 0.57202133965619451 0.65339933993399357 0.64375688867894831 0.33809621011090701 0.38899697362732383 0.55919074555368709 0.47332761190659017 0.51567413522012584 0.51751318856582029 0.60788632633670214 0.55051025667456976 0.24121212121212124 0.55190373563218398 0.55051025667456976 0.67507961783439507 0.56079711219898154 0.8452156236387397 0.39541453159900147 0.46300857507754062 0.77696478391324952 0.61250000000000016 0.34802018633540377 0.50396850393700798 0.50092250922509229 0.50335630941118181 0.30692752553217673
decision_type=2 2 2 2 2 2 2 2 2 2 2 2 2 2 2 2 2 2 2 2 2 2 2 2 2 2 2 2 2 2
left_child=1 2 -1 -4 -5 6 7 -3 16 -10 11 18 13 14 -13 -15 17 -7 23 -18 22 -22 -20 25 -25 -2 27 28 -12 -30
right_child=10 5 3 4 -6 8 -8 -9 9 -11 26 12 -14 15 -16 -17 19 -19 20 -21 21 -23 -24 24 -26 -27 -28 -29 29 -31
leaf_value=-0.08035097158904575 0.20440605531977551 -0.080370407869622004 -0.080457377892120971 -4519.1512452514444 -0.080000196310947 0.012927745606837005 -123.57310556664386 -24.860947672152488 -22.349700611511164 -0.080303957515506175 0.024209039988797528 -0.080000418658899855 -0.034303637878264522 -0.080600811951955453 -983.67009695012302 -37.425794561534246 0.53081452427444509 -10.737056340994572 -0.0014711088497373973 -0.010598962580231228 0.034664638630870166 -0.074742612275939979 0.06814114901609554 -0.089325020922357862 3.5409491549854004 -0.080271697091202063 0.00026815905516699594 -0.075411207357593643 8.5981839053830793 0.17831472872114509
leaf_weight=0.25499304423864722 0.26148917682462069 0.040390855946802202 0.028275144908996758 0.001327706281944784 0.0017690358951403078 1.5758504602713321 0.0019434280946124529 0.0032283085510273401 0.0071847578457270292 0.044509039283184393 60.165811358553192 0.0099667403871473367 1.5850003303494395 0.044293995246334816 0.0058560980039201174 0.0042842853349004456 0.26067890785716841 0.045051094234249356 95.921707540892314 23.922973482925109 4.620194128575231 13.334054196840944 8.3271002796220568 0.16810759375437001 0.022088713838115837 25.774225066717829 11536.737267997514 7.0874971741867787 0.0092183730668337072 0.92393305218807797
leaf_count=80983 28017 5399 6050 659 900 3205 1012 436 28 113 773004 2487 48475 73 1264 226 363 46 71146 13799 1045 2263 6207 130 44 3487260 3249915 127843 58 18438
internal_value=-0.000948256 -0.270708 -21.0326 -191.334 -1937.6 -0.0411686 -7.10365 -1.91441 -0.0287235 -3.17546 -0.000347276 -0.0555843 -3.62528 -92.0043 -364.111 -3.3742 -0.0224197 -0.285856 -0.0159164 -0.00476299 -0.00335636 -0.0465887 0.00408932 -0.0744413 0.332282 -0.0774125 0.000367066 0.0171015 0.027833 0.261493
internal_weight=11781.2 26.1882 0.286365 0.0313719 0.00309674 25.9018 0.0455626 0.0436192 25.8562 0.0516938 11755 150.078 1.6494 0.0644011 0.0158228 0.0485783 25.8046 1.6209 148.429 24.1837 122.203 17.9542 104.249 26.2259 0.190196 26.0357 11604.9 68.1865 61.099 0.933151
internal_count=7930888 112993 88592 7609 1559 24401 6847 5835 17554 141 7817895 3648637 52525 4050 3751 299 17413 3251 3596112 14162 80661 3308 77353 3515451 174 3515277 4169258 919343 791500 18496
is_linear=0
shrinkage=0.08


Tree=107
num_leaves=31
num_cat=0
split_feature=12 10 10 12 8 12 9 8 8 11 12 9 8 12 5 2 1 3 0 3 8 8 10 9 0 8 11 14 10 12
split_gain=15.2104 23.7837 88.8243 281.549 639.941 165.46 5262.92 8.89561 403.977 548.854 16.04 227.67 6.05139 5.91717 17.8011 16.7156 22.7939 25.3339 24.0508 22.1188 33.9134 20.8809 12.9799 11.6948 17.6937 11.0097 15.5764 10.3262 9.09364 7.3318
threshold=0.45009225092250926 0.55501995064234155 0.55051025667456976 0.44930728468364944 0.70023041474654379 0.34240404788350004 0.37248140635564575 0.54909996785599502 0.54769487412799522 0.30384615384615393 0.44321253071253081 0.39511150935882122 0.68304757304998809 0.81266711229946542 0.35067567567567576 0.73798627002288342 0.7633053221288516 0.87068004459308812 0.53950103950103967 0.81557067271353001 0.99779735682819404 0.99779735682819404 0.94349298500241907 0.68048396334478822 0.78154825026511154 0.9476726498326743 0.73214285714285732 1.0000000180025095e-35 0.97339233038348094 0.85462315462315475
decision_type=2 2 2 2 2 2 2 2 2 2 2 2 2 2 2 2 2 2 2 2 2 2 2 2 2 2 2 2 2 2
left_child=1 2 -1 5 -5 6 -4 8 10 -10 -3 -12 -9 14 15 19 17 -17 -18 21 -21 -2 23 27 -25 26 -24 -16 -27 -15
right_child=13 7 3 4 -6 -7 -8 12 9 -11 11 -13 -14 29 22 16 18 -19 -20 20 -22 -23 25 24 -26 28 -28 -29 -30 -31
leaf_value=-0.073368695241717893 -0.044237765406624455 0.044066924964689058 -62.932231427602581 -75.454255314760744 -0.080066899555212678 -0.082710513743942421 -0.10282431631660259 -0.10742564578230984 -0.080051200272893405 76.753193157952651 19.764183034063432 -0.080108490333766283 -0.0098185694260651771 0.0089776730368559821 0.0065001497573942413 0.17683565337874502 0.24610983577139817 0.017031722623353597 -0.023388887884760411 -0.07642819877764756 -0.38682518913563763 0.028477202130258516 -0.059568474839689599 0.010474052819441106 0.39438102349368898 -0.059425301768058096 0.11272162044181791 -0.0092795928051844813 -0.00093717251462771295 0.00013405416789373552
leaf_weight=21.944750329723604 119.70080354253471 0.57897966319457261 0.0089073695657945207 0.0010613703814430489 0.0022473048393294448 0.5059557734325334 0.20279683608616905 4.23242399009031 0.0013885515708871301 0.0010412166418127811 0.0040314078033816042 0.045024297526431466 102.8315655066752 642.91782731082822 415.80300610979509 8.2164867292426731 2.1564171504091965 27.934552997068977 123.19188614193656 14.457900305459249 2.668574559967964 32.039526229782496 6.0154860650509345 501.33088036499544 0.76950520172249426 54.707085221089073 7.6030273483193014 733.81650085448121 24.691816802427638 8981.7998726547085
leaf_count=2666404 1612850 63963 552 213 6 12967 106 47218 226 424 693 7304 56220 80993 345604 3669 317 13655 68003 18017 36 4039 593 86487 14 1742 127 1944437 656 893233
internal_value=-0.000413377 -0.0275891 -0.102074 -0.975806 -24.2589 -0.868463 -2.74635 -0.0119128 0.287708 32.8449 0.16175 1.5507 -0.0136771 -0.000110583 -0.00398522 -0.0210131 -0.00261217 0.0533523 -0.0187526 -0.0386113 -0.124793 -0.0288842 -0.000760989 0.000876485 0.0110624 -0.0298378 0.0366187 -0.00357226 -0.0412364 0.000724796
internal_weight=11830.2 130.36 22.6657 0.720969 0.00330868 0.71766 0.211704 107.694 0.630465 0.00242977 0.628035 0.0490557 107.064 11699.8 2075.1 330.366 161.499 36.151 125.348 168.867 17.1265 151.74 1744.74 1651.72 502.1 93.0174 13.6185 1149.62 79.3989 9624.72
internal_count=7930768 2856296 2680248 13844 219 13625 658 176048 72610 650 71960 7997 103438 5074472 4100246 1720586 85644 17324 68320 1634942 18053 1616889 2379660 2376542 86501 3118 720 2290041 2398 974226
is_linear=0
shrinkage=0.08


Tree=108
num_leaves=31
num_cat=0
split_feature=12 8 8 9 9 10 10 12 9 10 8 9 8 9 5 5 11 7 10 11 5 5 11 11 1 9 10 3 10 2
split_gain=8315.11 110856 1.46242e+06 2.27033e+07 6.52012e+06 3.53899e+07 484458 543149 129249 1899.73 16.1861 10.2902 12.2213 37.7128 8.09778 4.70344 4.61885 4.30772 15.1359 13.6777 9.27781 11.0205 7.6012 20.7918 5.94545 4.27899 15.9589 8.39309 10.4485 7.46955
threshold=0.45009225092250926 0.54909996785599502 0.54769487412799522 0.46920477274294781 0.32209077465589814 0.53302180685358269 0.55501995064234155 0.44321253071253081 0.39511150935882122 0.56079711219898154 0.70615218564490034 0.42783409157421465 0.71126025354213285 0.50510257211288145 1.0000000180025095e-35 0.70900537634408611 0.34848484848484856 0.98496155585707845 0.80088105726872261 0.30384615384615393 0.97826086956521752 0.21132376395534294 0.77500000000000013 0.73214285714285732 0.97617697107203638 0.95949851585689738 0.94349298500241907 0.96871945259042047 0.97339233038348094 0.90098039215686287
decision_type=2 2 2 2 2 2 2 2 2 2 2 2 2 2 2 2 2 2 2 2 2 2 2 2 2 2 2 2 2 2
left_child=1 2 6 4 9 -6 -1 -8 -9 -4 -3 15 13 -13 -14 -12 -17 25 -19 20 21 -20 23 -21 -24 -2 -27 29 -29 -28
right_child=17 10 3 -5 5 -7 7 8 -10 -11 11 12 14 -15 -16 16 -18 18 19 22 -22 -23 24 -25 -26 26 27 28 -30 -31
leaf_value=-0.086870308672707244 0.00068052597437796435 -0.086639775671110572 -0.084474178041570577 -12234.494943324184 -0.080000323077904306 -16167.794833973121 -0.081645475351838179 -149.38554205762793 -0.080100240320382085 -25.540105616875071 -0.066298931952389603 -0.08047757334154787 0.82736826234861838 4.1888704961152126 0.057536883838013746 0.034120123166906866 -0.011396321726306922 0.036214415833271611 0.017938405389305256 -0.012174001571631685 -0.014082264595849155 0.067106980577691128 0.00025255739723772637 -0.18133027312872574 0.025656821641687207 0.056415730322654935 -0.0024088501928897503 -0.046489121224727106 -0.010373949995925174 0.04941385670900969
leaf_weight=8.0037539865649627 9775.1041279535839 14.901711194702655 0.055747113640934987 0.0010135343666117782 0.0052158553625076811 0.0010391078870952697 0.39550449391780101 0.34576520132745969 0.041568071495395709 0.028282200065063101 7.8572249060125179 0.045146036405598333 0.088029464603489482 0.018737713525297295 13.26048800364255 18.189085069526115 66.196409893687672 93.265174624335486 95.77882075618254 135.52127173432382 33.402240954339504 41.953878839034587 842.95293912489433 4.8157138153910628 63.393093844177201 24.748634109622799 229.54250247904565 65.578840170055628 234.94950142875314 19.297036569798365
leaf_count=2577327 5047097 142408 294 892 1878 653 64165 690 7328 21 24631 207 159 35 5496 14517 15727 1544 1706 990 310 755 7066 52 8627 528 2836 786 2550 230
internal_value=-0.00624493 -0.643923 -9.27144 -327.802 -194.137 -2685.95 -5.96172 -66.0264 -133.362 -8.65221 -0.00858626 0.0024225 0.0678966 1.17176 0.0626137 -0.00709766 -0.00158536 0.000833593 0.00515373 0.00277499 0.0237423 0.0329153 -0.000653217 -0.0179787 0.00202942 0.000286299 -0.00642594 -0.00925691 -0.0182547 0.0016099
internal_weight=11789.7 129.435 8.87789 0.0912978 0.0902843 0.00625496 8.78659 0.782838 0.387333 0.0840293 120.557 105.655 13.4124 0.0638837 13.3485 92.2427 84.3855 11660.3 1311.08 1217.82 171.135 137.733 1046.68 140.337 906.346 10349.2 574.117 549.368 300.528 248.84
internal_count=7931505 2856428 2653248 3738 2846 2531 2649510 72183 8018 315 203180 60772 5897 242 5655 54875 30244 5075077 21050 19506 2771 2461 16735 1042 15693 5054027 6930 6402 3336 3066
is_linear=0
shrinkage=0.08


Tree=109
num_leaves=31
num_cat=0
split_feature=12 8 12 10 9 7 7 10 9 5 9 7 2 9 9 10 7 7 10 4 11 2 0 4 9 4 11 5 0 1
split_gain=10.0964 27.6775 70.6245 456.211 6880.54 7862.34 7.53341 101.784 1543.06 6.88327 9.60547 338.055 642.457 4.34013 11.5436 7.14995 6.27577 5.09985 6.71234 3.75438 3.40364 3.28267 71.6504 39.8447 35.8662 35.4123 40.1225 48.0374 34.7791 39.005
threshold=0.47332761190659017 0.66524822695035468 0.33395291201982658 0.56079711219898154 0.28782428602572491 0.28012738853503194 0.39246421388856034 0.56422949987306437 0.31045191689869356 0.69631093544137035 0.51567413522012584 0.47255065609495989 0.30068493150684938 0.4494897433254304 0.45117366587199709 0.76720944257775492 0.4509237220899921 0.4091786591786592 0.56079711219898154 0.30952380952380959 0.61250000000000016 0.81165540540540559 0.81557067271353001 0.77500000000000013 0.47081535316829431 0.55000000000000016 0.80909090909090919 0.43875000000000003 0.72377109317681587 0.93475177304964541
decision_type=2 2 2 2 2 2 2 2 2 2 2 2 2 2 2 2 2 2 2 2 2 2 2 2 2 2 2 2 2 2
left_child=1 2 3 -1 5 -5 7 -4 -9 10 19 -12 -13 17 16 -16 -15 18 -11 20 -3 23 24 25 -23 28 -27 -28 -2 -30
right_child=21 9 6 4 -6 -7 -8 8 -10 13 11 12 -14 14 15 -17 -18 -19 -20 -21 -22 22 -24 -25 -26 26 27 -29 29 -31
leaf_value=-0.080349866800933867 -0.0023591269914265745 -0.093884495309641047 -0.080078866052873732 -0.080000162683929579 -0.080279245374738351 -305.50909136301738 -0.078999016596131358 -44.152555293057041 -0.080211564998734344 0.10278683314791659 -0.080303968654936067 -0.080007097124007012 -79.247153832935737 0.39405123746341125 0.057234792942636885 -0.047917248222068873 -0.082854000325135277 -0.024761274346459777 0.00063020459158263432 0.19397495438872786 -0.0096945980638389953 -0.017471615964679676 -0.00083807247294008025 0.0487807498830626 0.089095382332725029 -0.013459508683287364 -0.11904620703284566 0.010233699957585891 0.0025116735824151511 0.078733877763582871
leaf_weight=0.19092717303331072 5008.0071785286555 8.4352316966826439 1.0609400903580182 0.0011117946884829128 0.028111883273448355 0.001047706355343367 20.388730957418634 0.005445573101541811 0.076634318171871607 4.4646798189593886 0.10737380367427149 0.0018702277642154421 0.0010105201703589639 0.8200439732576601 11.010579327141082 6.6309039944295618 0.22506442906524171 60.147515028194377 52.774484039292538 0.37349035096820493 4.8347916714650774 26.491513012257201 5728.1722917832767 96.170738006770989 85.277198532928196 452.32878555334901 53.341762782270962 28.077418594213668 105.20403588566933 72.630921104677327
leaf_count=61538 3071125 42741 652931 1287 4741 1488 2907282 2976 19989 6371 1572 49 31 111 4623 717 78 22915 21239 90 9098 24808 880639 13826 3982 143272 1265 544 25127 4468
internal_value=-0.00122366 -0.0204886 -0.104813 -1.527 -10.6513 -148.262 -0.0902031 -0.290058 -3.00418 -0.0082457 -0.0621803 -0.80589 -27.8506 -0.00279419 0.0330154 0.0177113 0.29135 -0.00849466 0.00859847 -0.0561704 -0.0632108 -0.000940062 0.000399718 -0.00228541 0.0638368 -0.00314405 -0.0227653 -0.074464 -0.00112456 0.0336422
internal_weight=11827.3 171.58 21.7529 0.221199 0.0302714 0.0021595 21.5318 1.14302 0.0820799 149.827 13.7538 0.110255 0.00288075 136.073 18.6866 17.6415 1.04511 117.387 57.2392 13.6435 13.27 11655.7 5839.94 5815.76 111.769 5719.59 533.748 81.4192 5185.84 177.835
internal_count=7930923 3761867 3652232 69054 7516 2775 3583178 675896 22965 109635 53581 1652 80 56054 5529 5340 189 50525 27610 51929 51839 4169056 909429 3259627 28790 3245801 145081 1809 3100720 29595
is_linear=0
shrinkage=0.08


Tree=110
num_leaves=31
num_cat=0
split_feature=8 6 10 14 11 7 1 8 10 10 10 10 7 7 10 3 1 1 3 4 4 0 3 4 4 0 3 2 3 9
split_gain=4.37632 62.2618 27.1428 29.89 25.1877 41.3592 15.3416 9.00033 170.4 7.74149 16.0667 13.2847 54.9379 9.05827 8.47531 7.66092 8.97958 28.1824 9.59662 7.44842 14.029 13.6116 9.95311 8.11489 31.0861 13.4124 12.3538 15.5445 11.3996 7.29211
threshold=0.66524822695035468 1.0000000180025095e-35 0.47320036115899206 1.0000000180025095e-35 0.11805555555555557 0.46679636835278859 0.51925925925925942 0.68304757304998809 0.9201769911504426 0.48499849984998505 0.39258070064789868 0.48397370043147736 0.69891215346824198 0.49299050114641341 0.39085684430512019 0.85053191489361712 0.7593103448275863 0.72902097902097907 0.87609649122807032 0.55000000000000016 0.41428571428571431 0.7653316645807261 0.90161290322580656 0.70833333333333337 0.90000000000000013 0.88303693570451447 0.967204301075269 0.62910052910052927 0.88303693570451447 0.28043081832687494
decision_type=2 2 2 2 2 2 2 2 2 2 2 2 2 2 2 2 2 2 2 2 2 2 2 2 2 2 2 2 2 2
left_child=1 2 -1 4 6 -6 -4 8 15 10 14 13 -13 -12 -9 29 17 -17 -18 20 -3 -22 -23 26 25 -25 27 -21 -26 -2
right_child=7 19 3 -5 5 -7 -8 9 -10 -11 11 12 -14 -15 -16 16 18 -19 -20 23 21 22 -24 24 28 -27 -28 -29 -30 -31
leaf_value=-0.075716874370710188 0.32567613835600467 -0.085902993442629028 1.2306664067582487 -0.063585076770496504 0.14037718826292747 -0.015395697818248266 -0.038852861994244717 -0.080376310584469077 13.794306276316814 0.0003091392255432856 0.13162856992880692 0.32916146987186884 5.2671671376039999 0.0050457225076354032 -1.9248668265531721 0.15816814539504476 0.54542424294263325 1.6442266784115731 0.052063408048845003 0.57988371186649024 -0.01966412028196185 0.16890317418683023 0.054756674756827384 0.32467822920852724 0.096310185575416929 0.014286976999335824 -0.00037126049392456064 -0.054618300280421535 0.00084985387966914799 -0.026043529357882029
leaf_weight=93.699269675567791 0.39104357878587848 5.5528051958517599 0.061019315929434437 59.280895475869002 19.177217741058758 25.300046450956604 38.101002692686109 0.0265832524570324 0.005765871494076146 9443.5901140466267 5.5157733329135707 0.39890203400473367 0.014960221746150637 10.516000157117245 0.039834361610506033 0.68693390032513235 0.25552239852004532 0.092695798877684865 20.196335099237331 0.24840427143499155 12.399120827625664 6.3776806001551476 20.943752348423004 2.724601035937666 8.0405491478741151 1.3239138256758449 84.29247214179486 47.459874177642632 1870.4496459402144 10.702358074559728
leaf_count=3678804 2188 394 1638 2721366 132556 214527 62701 124 2 915502 5405 543 26 14011 17 160 233 25 2584 53 2107 532 248 45 333 22 2240 5283 32930 132909
internal_value=-0.00020916 -0.00334377 -0.0423 -0.0202373 0.010858 0.0517687 -0.036823 0.000548843 0.0426866 0.000404834 0.0551344 0.0601494 0.50766 0.0485969 -1.18662 0.0402337 0.0683853 0.334856 0.0582274 0.00111238 0.0332028 0.0498534 0.0814021 0.000391207 0.0017357 0.223176 -0.0187834 -0.0513146 0.00125846 -0.0136454
internal_weight=11787.9 2295.43 235.619 141.92 82.6393 44.4773 38.162 9492.43 32.3307 9460.1 16.5121 16.4456 0.413862 16.0318 0.0664176 32.3249 21.2315 0.77963 20.4519 2059.81 45.2734 39.7206 27.3214 2014.54 1882.54 4.04851 132.001 47.7083 1878.49 11.0934
internal_count=7929508 6855779 6811592 3132788 411422 347083 64339 1073729 138101 935628 20126 19985 569 19416 141 138099 3002 185 2817 44187 3281 2887 780 40906 33330 67 7576 5336 33263 135097
is_linear=0
shrinkage=0.08


Tree=111
num_leaves=31
num_cat=0
split_feature=12 8 12 9 12 9 1 5 5 5 7 7 8 3 13 11 8 7 11 11 4 4 8 8 3 11 9 11 7 5
split_gain=4.69191 16.1614 11.5186 18.0012 8.13108 11.0218 8.41617 41.03 639.452 7.89967 11.196 7.4756 7.12405 6.21899 4.32643 35.3883 80.418 53.0939 51.3974 28.4875 17.3402 15.8268 9.83284 25.8229 30.6062 21.8394 20.6323 24.2643 10.6711 3.75752
threshold=0.51442441054091548 0.67507961783439507 0.50335630941118181 0.30315449577744663 0.51835016835016845 0.28043081832687494 0.06781609195402305 0.6419413919413921 0.63211600429645554 0.97826086956521752 0.50396850393700798 0.51658072872119465 0.89492086860507924 0.98888888888888904 0.74690314987239714 0.41428571428571431 0.99779735682819404 0.93777654867256655 0.16025641025641027 0.85416666666666685 0.30952380952380959 0.41428571428571431 0.93377192982456148 0.99779735682819404 0.60232558139534886 0.69047619047619058 0.85258609734400825 0.10555555555555557 0.86377084454007547 0.41042780748663105
decision_type=2 2 2 2 2 2 2 2 2 2 2 2 2 2 2 2 2 2 2 2 2 2 2 2 2 2 2 2 2 2
left_child=1 13 29 9 5 11 7 8 -7 -4 -11 -2 -9 -1 22 18 17 -17 20 -18 -16 -20 26 25 -25 -24 28 -28 -6 -3
right_child=4 2 3 -5 14 6 -8 12 -10 10 -12 -13 -14 -15 15 16 19 -19 21 -21 -22 -23 23 24 -26 -27 27 -29 -30 -31
leaf_value=-0.070096113971933105 -0.080348584702795073 -0.045759890539572405 -0.1561952220564129 -0.032703184092837401 -0.00067098350462652221 -0.080097264036678106 -0.077408343015140768 0.19281591502710513 54.708223164348112 -0.69854742218522248 -0.081307251612874443 1.6817139840236757 0.03348957337828018 0.12017380506079824 0.09470587454737088 -0.045179672504174102 -0.0079022343030361823 0.0030517259610288918 -0.023950584039654516 0.036146180086156665 -0.0048997886534893889 0.034584071423635815 0.018936470889165259 0.0020171404891359971 -0.020486945715462997 0.00099223902624424984 0.16003951148370271 -0.033609104358732246 -0.03329074570519177 0.0052556904559318976
leaf_weight=31.854603933883368 0.023349392700572902 9.6937904786225584 1.4358587355910146 26.884510286786224 4160.5634284833141 0.02056508023940562 2.0771629001051197 2.9029010169086389 0.0014601653256249838 0.50619523227214802 0.2992711514889379 0.045314245608565784 4.7108129761763848 1.1387099706889774 11.294229102320967 485.1975164511241 178.8203359474428 208.98841158975847 32.257383935153484 198.02542481952696 1164.7970609227195 353.91217178758234 937.08085909081638 2256.9558278718614 466.77521616366357 808.68541648555401 4.2423165009822688 173.60693594563054 65.189481671055546 197.4201923514905
leaf_count=4751436 113 45812 159 18548 2786502 496 61031 15169 10 5 120 28 292 4943 149 7641 2632 2413 175 20778 8314 2139 48275 25587 12867 12465 121 8094 3319 91284
internal_value=-0.000641785 -0.0110813 -0.00375646 -0.0508627 -0.000397722 0.0725103 0.0653702 0.104211 3.5521 -0.268684 -0.469212 1.08252 0.0942364 -0.0635293 -0.000459701 -0.00330726 -0.014508 -0.0306594 0.00437156 0.0152444 -0.00394326 0.0296946 0.000385378 0.0030288 -0.00183946 0.0106242 -0.0022976 -0.0289899 -0.0011742 0.00286795
internal_weight=11785.4 269.233 236.24 29.1258 11516.2 9.78157 9.7129 7.63574 0.0220252 2.24133 0.805466 0.0686636 7.61371 32.9933 11506.4 2633.29 1071.03 694.186 1562.26 376.846 1176.09 386.17 8873.1 4469.5 2723.73 1745.77 4403.6 177.849 4225.75 207.114
internal_count=7930917 4912307 155928 18832 3018610 77139 76998 15967 506 284 125 141 15461 4756379 2941471 44241 33464 10054 10777 23410 8463 2314 2897230 99194 38454 60740 2798036 8215 2789821 137096
is_linear=0
shrinkage=0.08


Tree=112
num_leaves=31
num_cat=0
split_feature=1 8 10 2 2 3 1 2 5 3 0 1 5 1 1 8 0 4 3 4 7 8 11 5 3 7 5 5 8 10
split_gain=5.52284 50.544 156.609 38.5648 37.6445 29.9934 29.8304 29.5912 28.2941 60.657 30.1445 29.4125 26.3247 25.8945 20.2135 45.8164 30.4186 19.4768 37.3653 25.1623 19.2311 28.112 19.6709 18.5206 147.415 235.612 18.2998 18.0259 27.5268 16.0286
threshold=0.48834688346883476 0.67507961783439507 0.9201769911504426 0.52506265664160423 0.54723707664884147 0.60232558139534886 0.53452380952380962 0.17467581998474449 0.47114317425083246 0.7013513513513514 0.48331479421579537 0.59359359359359376 0.46589147286821714 0.17684288905435588 0.70135135135135152 0.99779735682819404 0.60158730158730178 0.30952380952380959 0.68857758620689669 1.0000000180025095e-35 0.86377084454007547 0.99779735682819404 0.61250000000000016 0.86754385964912295 1.0000000180025095e-35 0.51928389290267751 0.50531914893617025 0.32945736434108536 0.97081701016294797 0.53866082104424085
decision_type=2 2 2 2 2 2 2 2 2 2 2 2 2 2 2 2 2 2 2 2 2 2 2 2 2 2 2 2 2 2
left_child=1 2 23 8 5 27 20 -7 9 10 11 -2 -6 -9 16 -16 -11 19 -19 29 -5 22 -22 24 25 -1 -23 28 -3 -10
right_child=3 4 -4 6 12 7 -8 13 17 14 -12 -13 -14 -15 15 -17 -18 18 -20 -21 21 26 -24 -25 -26 -27 -28 -29 -30 -31
leaf_value=-2.6817262392595569 0.072753734599356246 -0.047585176923064132 -12.751349984648151 0.049583157848874057 0.087141130601094602 -0.13110984730085351 -0.00014030455153082243 0.1007966887200412 1.5361306329823359 0.049834840706038545 0.0063570265523623191 0.38435809758243672 0.41886140847275888 -0.036090539880792832 0.5178981296136046 0.16465673908682657 1.3686080724543863 0.36277348464411979 0.020993660500712236 -0.10549957919264021 0.21164253588136533 0.15306821412698438 0.66760460136705724 -0.029293138124522621 -0.088041679132934245 -0.080012870987138052 -0.40030421184290993 0.0010432252183791408 -0.0039656046111841078 0.088764433142751106
leaf_weight=0.36906419497972709 6.4954584570497413 125.57840664678497 0.0062394211292929871 11.422389980952177 12.980723778058744 19.394829151964274 7026.0628078882728 9.7159670329538113 0.049480347460337692 4.8842674878801935 42.199637413725803 2.7634769750027033 1.7358249169119506 98.577214342140309 3.4048204744386208 7.5849346404429525 0.11456409481252183 2.0804222085922097 128.10702529872333 15.904098203122908 1.2420440959103862 2.2468959464458753 1.1816431029001251 27.491637903021171 27.948269893370842 0.56199876369684543 0.46092145796865214 3866.463322338298 352.49341557451226 4.7360286583377729
leaf_count=74850 7966 275625 4 7690 869 2541 1197582 269 2187 2041 45672 1882 63 11268 2108 77 77 63 5523 8363 43 169 44 1167675 4503155 15127 14 585640 11156 832
internal_value=-0.000229853 -0.00241742 -0.0776943 0.00113895 -0.00147159 -0.00189193 0.00011242 -0.0401073 0.0342525 0.0773266 0.0350379 0.165757 0.126268 -0.0238091 0.213431 0.274097 0.0800587 0.0149969 0.0264554 -0.0571048 0.107378 0.236024 0.433942 -0.0762915 -0.121031 -1.11131 0.0588738 -0.000768765 -0.0154235 0.10373
internal_weight=11804.3 4543.32 56.3772 7260.94 4486.94 4472.22 7042.62 127.688 218.324 67.4472 51.4586 9.25894 14.7165 108.293 15.9886 10.9898 4.99883 150.877 130.187 20.6896 16.5539 5.1315 2.42369 56.371 28.8793 0.931063 2.70782 4344.54 478.072 4.78551
internal_count=7930575 6648242 5760811 1282333 887431 886499 1205542 14078 76791 59823 55520 9848 932 11537 4303 2185 2118 16968 5586 11382 7960 270 87 5760807 4593132 89977 183 872421 286781 3019
is_linear=0
shrinkage=0.08


Tree=113
num_leaves=31
num_cat=0
split_feature=2 1 5 8 1 5 0 12 3 3 1 7 8 1 13 13 9 13 11 11 0 0 1 8 12 11 13 11 3 1
split_gain=8.65533 49.6211 29.7841 24.2173 23.7364 23.8452 93.637 447.437 18.7008 64.9768 61.8162 38.6695 29.1071 28.3274 106.652 46.3955 32.0794 31.1059 26.815 24.5033 14.6605 25.6242 13.9844 13.9475 13.6983 12.7657 103.926 41.2736 12.2632 18.4673
threshold=0.72902097902097918 0.7633053221288516 0.063508064516129045 0.73353057199211047 0.98979591836734704 0.97826086956521752 1.0000000180025095e-35 0.51835016835016845 0.84327485380116973 0.94281045751633996 0.31475748194014458 0.86377084454007547 0.958456607495069 0.79157525230364201 0.58227617846191659 0.58227617846191659 0.71711125569290834 0.45616934899231554 0.85416666666666685 0.85416666666666685 0.54723707664884147 0.72902097902097918 0.74133811230585434 0.99779735682819404 0.71463077984817136 0.41428571428571431 0.58227617846191659 0.19090909090909094 0.98888888888888904 0.9110671936758894
decision_type=2 2 2 2 2 2 2 2 2 2 2 2 2 2 2 2 2 2 2 2 2 2 2 2 2 2 2 2 2 2
left_child=3 2 -2 4 5 6 7 -1 13 18 11 -11 -12 15 16 17 -15 -5 23 -17 -3 28 -20 -10 -4 27 -27 -23 29 -22
right_child=1 20 24 8 -6 -7 -8 -9 9 10 12 -13 -14 14 -16 19 -18 -19 22 -21 21 25 -24 -25 -26 26 -28 -29 -30 -31
leaf_value=-4.0317823739832059 -0.027493007833112194 0.11969384966466531 0.028130586254044323 -0.0010551223372067895 0.0058527026804276218 -0.018409268145916483 -0.079684392550826419 -0.080014491859994819 -0.026638335053723317 -0.095156578796457003 0.018264439713261093 -0.43704470164403492 -0.019747384698377342 0.15214937675230353 -0.0094360725466606388 -0.050902746562108282 0.39177882970565509 0.047745966236447696 -0.11834300344184354 -0.19758955387178112 -0.10582682470249009 0.00017912515478755154 -0.26057827797953137 -0.14889654198766045 0.11050052712428007 0.048268000344896152 -0.012986677706863957 0.022550271234846684 -0.37294399825846536 0.064398621721096991
leaf_weight=0.22273039742909229 18.253721409022546 6.6277516010004538 17.746166008497312 4468.3779719776367 59.828394134266091 48.245812188550644 47.303351875243727 1.0376583773585564 22.892174801290821 6.3408389021569729 223.86401277712139 3.1787021472118795 304.01033701655979 11.631399505044103 46.446732842363417 28.019291938748211 5.1622484894323852 85.185346113255946 9.9656280275085027 9.8504920490086061 19.029952137377229 4066.8524382744476 7.9556197262427295 8.0798251150408777 47.525954272765375 203.07699881268627 1394.6618609897428 606.52400797116525 0.88250232896643765 5.1915506163650198
leaf_count=84567 6774 530 9808 595298 67313 1186588 4918819 21250 910 209 2709 46 6718 328 734 332 100 1693 213 264 11757 933469 130 68 3851 9537 38919 28150 13 638
internal_value=-0.000407129 0.00158611 0.0628429 -0.0027655 -0.0337618 -0.0582436 -0.0978172 -0.778354 -0.00183911 -0.015304 -0.00727077 -0.209318 -0.00362711 -0.000143114 0.0530341 -0.000875553 0.22581 -0.000142181 -0.103599 -0.0890582 0.000774329 0.000649148 -0.181484 -0.0585325 0.0881058 0.000972052 -0.00520104 0.00308252 -0.0800141 -0.0693413
internal_weight=11784 6386.37 83.5258 5397.6 156.638 96.8096 48.5637 1.26039 5240.96 586.287 537.394 9.51954 527.874 4654.67 63.2404 4591.43 16.7936 4553.56 48.8932 37.8698 6302.85 6296.22 17.9212 30.972 65.2721 6271.12 1597.74 4673.38 25.104 24.2215
internal_count=7931735 1043446 20433 6888289 6278537 6211224 5024636 105817 609752 11003 9682 255 9427 598749 1162 597587 428 596991 1321 596 1023013 1022483 343 978 13659 1010075 48456 961619 12408 12395
is_linear=0
shrinkage=0.08


Tree=114
num_leaves=31
num_cat=0
split_feature=12 8 12 3 5 5 8 5 10 8 2 11 9 10 2 10 14 13 13 12 14 12 13 14 11 11 8 8 11 13
split_gain=6.48414 29.0196 36.0719 80.694 15926.8 70646.2 8.96764 7.70438 11.9451 8.93879 7.65799 6.76434 12.3842 7.15903 6.76063 6.21131 5.06818 4.4411 10.039 88.1801 5.02837 4.30347 4.0378 3.29746 6.85286 29.216 47.5254 98.7184 27.6873 19.0907
threshold=0.52342720943360732 0.66524822695035468 0.51442441054091548 1.0000000180025095e-35 0.6419413919413921 0.59417229729729748 0.97081701016294797 0.97826086956521752 0.65733855185909984 0.81974597548368056 0.44256120527306975 0.41428571428571431 0.50688087873240339 0.97339233038348094 0.45534290271132383 0.51972952533475703 1.0000000180025095e-35 0.078864220555353137 0.077777777777777793 0.50607327268256719 1.0000000180025095e-35 0.51690154256332133 0.1223146512950266 1.0000000180025095e-35 0.61250000000000016 0.80909090909090919 0.76490327674694047 0.75882841711674287 0.5277777777777779 0.58227617846191659
decision_type=2 2 2 2 2 2 2 2 2 2 2 2 2 2 2 2 2 2 2 2 2 2 2 2 2 2 2 2 2 2
left_child=1 2 17 4 5 -4 7 10 9 -9 -3 12 13 -8 -12 -13 -10 18 20 -20 -1 -14 -17 -2 28 26 27 -26 -25 -27
right_child=23 6 3 -5 -6 -7 11 8 16 -11 14 15 21 -15 -16 22 -18 -19 19 -21 -22 -23 -24 24 25 29 -28 -29 -30 -31
leaf_value=0.12450469909075455 0.0011278863171371447 -0.082993880401128969 -0.080001064718717263 -0.038508266839535038 -0.08805517953723023 -693.58726441085673 0.03411239445420032 0.064971850469621728 0.0074266953351616065 -0.0075350128464643533 0.15258031344257827 0.33227073741961977 0.17104667104532531 0.3295302011131549 -0.029936142889280815 0.00032794130742859744 -0.04586491509076978 -0.094495601208225491 -0.080514672748822971 7.8727064861821248 -0.050027247966800394 0.56809568757936313 0.073737376040315508 -0.0030073210785630522 0.32315346990346283 0.00091143686732348534 0.018828545681046006 3.4304883741575236 -0.058937392745882014 -0.019895448744373066
leaf_weight=1.1630835546080813 5552.6088061112914 19.503682158582727 0.0050799995668079348 1.5684949804717516 0.87587020106506452 0.0011535567719413997 12.592949568726903 18.488475913635035 15.342492687498007 26.448845982276261 1.7109375720921791 0.36926453630439837 0.31644475634675551 0.54784142308017258 5.3928688222154983 106.79039934131004 44.687920483569982 13.007694402474392 0.078907325513610682 0.010059467763085195 11.525373081256426 0.39005332352826372 5.0208150343751177 3304.9038056699474 1.5262930546097084 1829.94563194183 432.9338955757006 0.068364649916475062 57.633836638498451 333.68133885860925
leaf_count=131410 829885 105440 892 131688 29921 188 2299 39225 1651 9635 1218 13 30 62 2920 6282 22632 3185524 21397 1145 1397800 32 1427 1813394 8157 157233 8298 165 2733 17376
internal_value=-0.000570359 -0.0124726 -0.0894656 -0.382773 -0.994921 -128.418 -0.00403349 -0.0186418 -0.00889536 0.0222963 -0.0570919 0.0112178 0.0639707 0.0464284 0.0140226 0.00470615 -0.0322447 -0.0615898 -0.0280911 0.818755 -0.0340288 0.390255 0.00362435 -0.000274863 -0.00158158 0.0015043 0.0204343 0.456368 -0.00396596 -0.00229747
internal_weight=11799.1 285.839 28.2357 2.4506 0.882104 0.00623356 257.603 131.575 104.968 44.9373 26.6075 126.028 13.8473 13.1408 7.10381 112.18 60.0304 25.7851 12.7774 0.0889668 12.6885 0.706498 111.811 11513.3 5960.69 2598.16 434.529 1.59466 3362.54 2163.63
internal_count=7930072 5092831 4899965 162689 31001 1080 192866 182721 73143 48860 109578 10145 2423 2361 4138 7722 24283 4737276 1551752 22542 1529210 62 7709 2837241 2007356 191229 16620 8322 1816127 174609
is_linear=0
shrinkage=0.08


Tree=115
num_leaves=31
num_cat=0
split_feature=12 8 3 13 11 13 8 11 8 11 3 1 13 12 8 8 8 5 11 13 2 8 8 8 3 10 8 10 8 3
split_gain=8.70803 28.7505 7.0598 5.29082 25.0979 94.2116 85.972 58.9496 46.9262 98.0672 91.9447 41.3824 25.83 53.756 50.105 18.1144 16.7214 37.961 14.756 57.0356 38.8094 25.8636 20.0651 15.954 69.5371 35.4025 13.1952 16.1863 13.9712 11.4698
threshold=0.51442441054091548 0.68304757304998809 0.98888888888888904 0.49264546831062089 0.41428571428571431 0.58227617846191659 0.99779735682819404 0.85416666666666685 0.99779735682819404 0.80909090909090919 0.87068004459308812 0.97617697107203638 0.58227617846191659 0.88021739130434795 0.77944089808496597 0.99779735682819404 0.86162029459901812 0.30860805860805868 0.47222222222222227 0.079921053605264136 0.81365740740740755 0.52529907368617057 0.86162029459901812 0.99779735682819404 0.81557067271353001 0.87864627584253763 0.45102211097204842 0.63839776246129276 0.46523140686161646 0.81365740740740755
decision_type=2 2 2 2 2 2 2 2 2 2 2 2 2 2 2 2 2 2 2 2 2 2 2 2 2 2 2 2 2 2
left_child=1 2 -1 18 12 8 7 -7 10 -10 -6 -8 16 15 -15 -14 17 -5 19 -2 23 -21 -23 25 -25 -20 27 -22 -28 -18
right_child=3 -3 -4 4 5 6 11 -9 9 -11 -12 -13 13 14 -16 -17 29 -19 20 21 26 22 -24 24 -26 -27 28 -29 -30 -31
leaf_value=-0.071215723172436046 0.00018815607063091743 -0.0019908778552352852 0.13872289956294137 0.0048191318086466825 0.18953027754868251 -0.012112968913899525 -0.023120391894935689 -0.052223716196259824 -0.17218847318213684 0.047572222945513096 0.036401912599996346 0.026622398920344726 0.108507348777706 0.13947368714336858 0.0073900116371037163 -0.0013356508609200484 0.061839028627263197 0.33189439105873164 -0.0023644070945977504 -0.068434329442261382 -0.077804454675411625 0.0015524436776763299 -0.030864169378050362 -0.0020301825402031072 -0.10103435817930237 0.020220625511400993 0.44755535298141752 0.60674962324710291 0.058429266819260341 -0.030390662672599614
leaf_weight=52.390998437424344 2279.4134902768769 230.92042995788751 1.0456103136066293 110.22590876890081 29.713534370792559 725.82558163488284 144.6529382665758 346.41776184514288 18.827082077972591 41.958934440233861 161.46919620007975 411.61892052588519 46.935461778426543 18.548060720420835 2037.4566710900981 12.082010233774779 9.0079623720375803 2.318801236087892 1220.599749690922 82.934451081512748 6.5590114531332793 178.91078365446964 385.55644738837117 2254.1592313903357 46.336869477621804 698.32502198738734 0.59461171298425952 0.228771112859249 85.785025480674449 205.50847152824281
leaf_count=4761960 373308 145454 4965 36578 520 5798 4223 8412 387 1974 1831 24491 1305 6768 15201 71 351 493 650646 999059 3685 767262 66918 24253 1732 16732 304 2 2800 1852
internal_value=-0.000397068 -0.0142277 -0.0671078 -5.69146e-05 0.00215779 -0.00478898 -0.0118324 -0.0250719 0.0407339 -0.0204936 0.0602011 0.0136873 0.00750703 0.0107424 0.00858159 0.0860204 -0.0134155 0.011558 -0.00137929 -0.00576354 0.00159616 -0.0267186 -0.0205896 0.000468454 -0.00402434 0.00585462 0.0526682 -0.0547327 0.0611079 -0.0265178
internal_weight=11846.3 284.357 53.4366 11562 4322.57 1880.48 1628.52 1072.24 251.969 60.786 191.183 556.272 2442.08 2115.02 2056 59.0175 327.061 112.545 7239.4 2926.82 4312.59 647.402 564.467 4219.42 2300.5 1918.92 93.1674 6.78778 86.3796 214.516
internal_count=7929335 4912379 4766925 3016956 110255 47636 42924 14210 4712 2361 2351 28714 62619 23345 21969 1376 39274 37071 2906701 2206547 700154 1833239 834180 693363 25985 667378 6791 3687 3104 2203
is_linear=0
shrinkage=0.08


Tree=116
num_leaves=31
num_cat=0
split_feature=12 13 8 9 5 3 5 3 4 2 11 8 11 11 11 8 3 9 4 8 5 2 11 4 4 10 8 8 2 0
split_gain=9.42037 25.6984 14.9195 17.197 31.4412 6.10746 5.34189 8.49179 5.05257 51.5317 24.9437 34.2405 34.4316 33.6476 25.7015 19.6689 29.4672 20.3496 16.6167 50.8271 32.4857 27.0486 37.6577 24.9053 12.4403 11.5737 10.6488 10.3833 8.8328 36.5253
threshold=0.51442441054091548 0.033818781666077539 0.97081701016294797 0.50854763296317951 0.22792207792207794 0.5629401408450706 0.3816526610644258 0.44671201814058964 0.90000000000000013 0.93475177304964541 0.73214285714285732 0.99779735682819404 0.85416666666666685 0.69047619047619058 0.85416666666666685 0.56949043414275213 0.87068004459308812 0.57909117054932424 0.70833333333333337 0.86162029459901812 0.1126984126984127 0.87841832963784194 0.38750000000000007 0.77500000000000013 0.77500000000000013 0.59532897128316986 0.85019685039370085 0.958456607495069 0.81165540540540559 0.81557067271353001
decision_type=2 2 2 2 2 2 2 2 2 2 2 2 2 2 2 2 2 2 2 2 2 2 2 2 2 2 2 2 2 2
left_child=1 -1 5 6 -5 -3 -4 -8 18 15 13 14 -13 27 -12 -10 17 -17 28 20 23 22 -21 -20 -23 -18 -22 -11 -2 -30
right_child=8 2 3 4 -6 -7 7 -9 9 10 11 12 -14 -15 -16 16 25 -19 19 21 26 24 -24 -25 -26 -27 -28 -29 29 -31
leaf_value=-0.00075444222313070534 -0.0019074027972246614 -0.085453755561161263 -0.054877789669500528 2.0622671916875666 -0.057052019043746897 -0.020491729915880181 0.18208574765294244 -0.0073017174892381232 0.008876627924693797 0.0015434619616729128 0.0565923831496285 -0.064370796517246157 0.071453468103791287 -0.2911628701258856 -0.0066882167453489764 0.12629132399693835 0.29474185253422752 -0.0068246401292777941 -0.081645109175726691 -0.016125414198143465 0.10855200719066989 0.052979834403122511 -0.1386282863076243 1.8597188913233251 -0.10728313218953967 0.11317284438776357 0.52204900994029257 -0.0070741411290085529 0.051132574856700197 4.3629941688182061e-05
leaf_weight=211.26965908074226 5595.918621902546 47.282687707912146 4.1897589801195076 0.074636406032369318 0.11207317933440208 11.518812198369458 2.3635048083744392 4.2217525057949388 41.793125732048793 3442.4839584847759 50.089256384176963 13.475689428683834 105.15325169809512 2.5537675768136969 228.29747834363678 9.8233892588978033 2.3845504536875515 29.1881541654584 0.064348477631937295 31.290262536145747 7.7301371813991846 17.645594897330742 32.994332900387235 0.12338480353355408 3.7605067077092817 38.900558213856129 0.42026863154023875 1209.1308319646632 104.93280250195858 611.38594504015873
leaf_count=1069429 2094625 3632937 2580 12 32 204486 1407 662 14759 733774 464 333 17199 22 7010 320 106 493 69 597 1884 271 363 3 43 847 13 11308 27124 105840
internal_value=-0.000183536 -0.0146559 -0.0567547 0.0289312 0.790137 -0.0727281 0.015741 0.0606711 0.000167704 0.00202731 0.000785976 0.0200342 0.0560245 -0.00085596 0.00469766 0.0533845 0.0765502 0.0266949 -0.00133399 -0.0347166 0.153839 -0.053064 -0.0790005 1.19429 0.0248257 0.12366 0.129874 -0.000696579 -0.00083671 0.0075276
internal_weight=11860.6 281.033 69.7632 10.9617 0.18671 58.8015 10.775 6.58526 11579.5 5173.27 5051.18 397.016 118.629 4654.17 278.387 122.09 80.2967 39.0115 6406.27 94.0288 8.33814 85.6907 64.2846 0.187733 21.4061 41.2851 8.15041 4651.61 6312.24 716.319
internal_count=7929012 4911545 3842116 4693 44 3837423 4649 2069 3017467 786635 770110 25006 17532 745104 7474 16525 1766 813 2230832 3243 1969 1274 960 72 314 953 1897 745082 2227589 132964
is_linear=0
shrinkage=0.08


Tree=117
num_leaves=31
num_cat=0
split_feature=12 8 3 7 10 13 8 8 5 0 8 9 7 7 11 11 9 3 0 3 3 9 4 5 2 1 8 10 0 9
split_gain=7.66148 26.3718 6.18254 8.41742 73.6316 916.105 5.91522 8.10394 8.7752 8.42404 7.37614 8.56099 5.72214 4.82481 7.86205 12.4488 7.53446 7.48202 15.3743 9.80398 8.13151 7.1341 8.77447 20.4747 15.2399 14.9987 12.8023 10.6731 6.98596 6.94258
threshold=0.51442441054091548 0.66524822695035468 0.74179894179894201 0.33395291201982658 0.56079711219898154 0.11373283726739547 0.97081701016294797 0.87260524710189158 0.97826086956521752 0.41223155929038285 0.99779735682819404 0.46037455749685968 0.47893241803763759 0.98496155585707845 0.47222222222222227 0.85416666666666685 0.64108698319224644 0.87068004459308812 0.63245614035087727 0.72871572871572887 0.43826219512195125 0.95949851585689738 0.30952380952380959 0.66927083333333337 0.14415584415584423 0.70135135135135152 0.958456607495069 0.94349298500241907 0.91547619047619044 0.95949851585689738
decision_type=2 2 2 2 2 2 2 2 2 2 2 2 2 2 2 2 2 2 2 2 2 2 2 2 2 2 2 2 2 2
left_child=1 2 3 4 -1 -6 7 8 9 -3 11 -8 -10 21 17 16 -16 18 20 -20 -15 -2 23 24 -23 -24 -25 -27 29 -19
right_child=13 6 -4 -5 5 -7 10 -9 12 -11 -12 -13 -14 14 15 -17 -18 28 19 -21 -22 22 25 26 -26 27 -28 -29 -30 -31
leaf_value=-0.080017506717353373 0.00081072014600495565 -0.082999711418862143 0.085828395635747373 -0.072812220936607913 -0.080037221770816416 -79.919786456856954 -0.083830610108856909 -0.038055036246181249 0.0017188452331540472 0.058189647358711252 0.0086757567791271827 0.33891494663602961 0.059785809454589459 0.0010580486402241812 0.1019927715596126 0.0048585101878500878 -0.033300563315972087 -0.012355743348612256 -0.3487571965657888 -0.074734104452154212 0.063238266911535043 0.24466955930126871 -0.13662439194919865 -0.12938728143664191 0.039284809349521728 0.060611522992912302 -0.0049946595709483375 -0.016237286076473501 0.021927517998207535 0.089051176861268649
leaf_weight=0.10885341356065639 9681.8050648193203 11.367341648453236 1.5924985449709002 42.845038130623081 0.011209309306804511 0.001002006694467694 0.46392394363645795 52.07248817703767 33.423852253396362 3.5489342024749915 116.20642290847684 0.90395374596118927 16.089691980083401 91.529788831248879 2.7309898845851412 973.61047661531484 74.474689140508417 5.4652142771519747 0.97942542936652799 5.6911291806027293 15.780712669511557 2.429701038170605 6.464761560317128 5.4778560476843259 47.812331222638022 11.964616135228423 158.77198723005131 347.49212592793629 113.82988844625652 20.634519680199446
leaf_count=73749 2988859 80972 25262 4630856 7976 706 40 23474 39290 5103 9640 19 16374 696 24 17028 640 90 24 103 164 81 111 42 1399 360 1231 3784 1681 649
internal_value=0.000561081 -0.0125476 -0.0689575 -0.0746945 -0.740823 -6.63133 -0.00180949 -0.0145852 0.00438323 -0.0494074 0.0108497 0.195538 0.020588 0.000876855 0.00545914 0.0024065 -0.0285148 0.0180926 0.00287666 -0.114968 0.0102021 0.000294269 -0.00832059 0.00452696 0.0492172 -0.0158514 -0.00914325 -0.0136794 0.0304868 0.0678168
internal_weight=11845.6 278.635 44.5586 42.9661 0.121065 0.0122113 234.077 116.502 64.4298 14.9163 117.574 1.36788 49.5135 11566.9 1304.73 1050.82 77.2057 253.911 113.981 6.67055 107.311 10262.2 580.413 214.492 50.242 365.922 164.25 359.457 139.93 26.0997
internal_count=7930427 4913461 4738549 4713287 82431 8682 174912 165213 141739 86075 9699 59 55664 3016966 21099 17692 664 3407 987 127 860 2995867 7008 2753 1480 4255 1273 4144 2420 739
is_linear=0
shrinkage=0.08


Tree=118
num_leaves=31
num_cat=0
split_feature=12 5 3 7 0 8 14 8 13 13 11 8 3 5 7 13 4 4 8 10 8 11 4 0 5 12 10 12 8 11
split_gain=7.76902 25.8915 15.8104 22.09 18.9939 16.809 15.1763 14.6304 15.181 9.63209 9.13336 8.27195 11.2258 11.0815 7.90688 7.33786 7.11076 6.52794 6.33857 6.06884 25.7661 27.1186 7.31094 4.57836 4.22092 18.0469 26.8016 30.0307 27.7827 56.6039
threshold=0.8238526179702651 0.36055555555555557 0.58434959349593507 0.75820584644114064 0.53452380952380962 0.90682170542635665 1.0000000180025095e-35 0.7277982133473464 1.0000000180025095e-35 0.58227617846191659 0.30384615384615393 0.86162029459901812 0.84731934731934733 0.051315789473684217 0.62529620853080581 0.49264546831062089 0.90000000000000013 0.55000000000000016 0.75882841711674287 0.9201769911504426 0.958456607495069 0.58571428571428574 0.63333333333333341 0.14907407407407411 0.57979626485568769 0.85462315462315475 0.8597311034595837 0.92695630081300828 0.99779735682819404 0.69047619047619058
decision_type=2 2 2 2 2 2 2 2 2 2 2 2 2 2 2 2 2 2 2 2 2 2 2 2 2 2 2 2 2 2
left_child=1 2 15 4 14 -6 19 8 -8 10 -9 13 -13 -5 -4 18 -10 -11 -1 -3 21 -21 -22 -20 -2 -26 27 -27 29 -28
right_child=24 6 3 11 5 -7 7 9 16 17 -12 12 -14 -15 -16 -17 -18 -19 23 20 22 -23 -24 -25 25 26 28 -29 -30 -31
leaf_value=-0.08553846732702193 0.0015352283511520903 0.010978733606063683 0.10686976253198821 -0.49445222815371209 -0.015874643499830535 -0.065144232610701194 -0.013907767626555689 -0.03726718846555814 -0.080638919178078902 0.19791554284515697 -0.0023907220691765587 0.087203614800551943 0.0084828174241910609 -0.023329910973467306 0.00017107960490351658 0.57778332560365309 0.4917241387956906 0.040932492206667156 0.027264959247739959 -0.066968103690149577 -0.065458808916609282 0.13509970222868437 0.077535950631386477 -0.04329353189464305 0.017708867870934786 -0.040136033707752407 0.049549420154679197 0.00014182511259872482 -0.0076786267013891395 -0.0049453324268367953
leaf_weight=22.870974441398161 7251.7189146575838 642.14157436388234 9.3986397578735836 0.33443381341930845 161.41241550478389 61.088494435178291 75.730280506737046 50.285235571541762 33.810900519694286 2.1664513330906612 1083.8982878607728 22.255655340184603 24.200221974635497 7.1701999643337331 8.4334036791497038 0.12019086466170747 0.13948932391940516 7.7956718993373215 6.2886996164021687 6.7286732707790415 33.859090573383583 11.541778874241572 2.4541597997013005 91.823599879395758 252.55453010057681 256.53785828471882 192.96043688408099 220.12799937603995 988.59814012586139 331.66131148638669
leaf_count=2593393 918959 521115 48601 42 175378 1094 1176654 68842 2030342 24 203875 572 445 357 2824 5 1401 113 5967 657 1170 182 26 146179 6473 4624 5357 2168 8755 2217
internal_value=-0.0004249 -0.00452651 -0.0226613 -0.0126494 -0.0230349 -0.0294018 -0.000664451 -0.0059247 -0.0338357 -0.00324908 -0.00393701 0.0336064 0.0461957 -0.0443248 0.0564082 -0.0469913 -0.0782873 0.0750714 -0.047612 0.00880188 -0.0168073 0.0606818 -0.0557948 -0.0387709 0.000597223 -0.00243615 -0.00499293 -0.0215354 0.000217963 0.0150983
internal_weight=11860.1 2365.95 415.397 294.293 240.333 222.501 1950.55 1253.83 109.681 1144.15 1134.18 53.9605 46.4559 7.50463 17.832 121.103 33.9504 9.96212 120.983 696.725 54.5837 18.2705 36.3133 98.1123 9494.16 2242.44 1989.89 476.666 1513.22 524.622
internal_count=7927811 6979258 2974857 229313 227897 176472 4004401 3481251 3208397 272854 272717 1416 1017 399 51425 2745544 2031743 137 2745539 523150 2035 839 1196 152146 948553 29594 23121 6792 16329 7574
is_linear=0
shrinkage=0.08


Tree=119
num_leaves=31
num_cat=0
split_feature=12 8 3 7 5 12 9 7 10 5 9 11 9 5 14 7 12 9 5 10 3 8 9 2 9 3 9 4 7 4
split_gain=8.35899 19.2646 9.74957 14.621 13.7599 7.32254 6.84771 7.86837 7.43881 6.65355 5.99493 5.0201 4.33156 3.84636 10.1936 35.4188 3.08921 15.6774 14.9435 36.1296 33.4924 11.416 15.0821 10.4362 30.4691 10.4334 9.92602 9.13535 2.59363 10.0693
threshold=0.54973531775726847 0.66524822695035468 0.9194594594594595 0.54292178409825487 0.29520697167755999 0.54801106427818769 0.45029645296626336 0.50093632958801504 0.76720944257775492 0.060661764705882359 0.52416573971078984 0.47222222222222227 0.47910429141716571 0.97826086956521752 1.0000000180025095e-35 0.3935084600697874 0.57080200501253142 0.54067843353557654 0.20256410256410259 0.76720944257775492 0.4673758865248227 0.9476726498326743 0.54292178409825487 0.36491677336747763 0.27151675485008825 0.2620137299771168 0.55106575963718829 0.63333333333333341 0.98496155585707845 0.77500000000000013
decision_type=2 2 2 2 2 2 2 2 2 2 2 2 2 2 2 2 2 2 2 2 2 2 2 2 2 2 2 2 2 2
left_child=1 2 13 -4 -5 6 7 9 10 -3 -8 -9 -10 -1 15 -15 17 23 19 25 -21 22 -20 24 -2 -19 -23 -26 -18 -30
right_child=16 5 3 4 -6 -7 8 11 12 -11 -12 -13 -14 14 -16 -17 28 18 21 20 -22 26 -24 -25 27 -27 -28 -29 29 -31
leaf_value=-0.082783626577087543 2.5173432148610617 0.16724531270365145 0.061491695093603103 2.4863889847927205 -0.080762278512222813 -0.089269525898698771 0.015048239085337688 -0.099737764528515904 -0.045734422836877925 -0.006419929562065399 0.069211793078114148 -0.029898549076393298 0.0034314891042447936 3.2295569555926504 -0.053513238336473971 0.13352148418721016 -0.00038063226767268566 0.9412919917140562 0.64281237991874474 0.22435448323277091 1.5188278781603755 0.3536421182811374 -0.024169556269993772 -0.11491141136269382 -0.0026144106627225511 -0.014581157247296746 0.078611410493365397 0.80806155454476281 0.00075061770825686394 0.02200125836451066
leaf_weight=32.735569351403257 0.030789138003682548 1.4248912121657884 2.6270783479925792 0.031139932572841533 0.023406799706208403 6.4840029414009441 52.101839435279246 8.441704763617393 15.949413030555133 155.00668393095123 17.461281083697969 29.982537573867319 40.817512231085459 0.024172416602673219 10.71949565498088 1.0909137808710623 10092.58608134339 0.078319308780922081 0.22125433280962248 0.26257258022610575 0.24944609244857929 0.8950099816865994 11.225175463936919 5.7370811826283008 33.388979863684469 1.092675142734606 13.622636056024929 0.089200891554354622 1139.0044126447028 163.14445423541474
leaf_count=4278924 39 4811 7968 1 94 4561 51739 18617 2347 114360 38456 13889 7088 8878 917362 56405 2124184 1711 2473 400 66 46 66119 30445 138502 19126 490 1 12925 8111
internal_value=-0.000230974 -0.0119856 -0.0597395 0.0884087 1.38479 -0.00509917 -0.00339997 -0.0128055 0.0111074 -0.00483806 0.028644 -0.045242 -0.0103823 -0.0686531 -0.0295666 0.200636 0.00015353 0.0172952 0.0634385 0.29445 0.854998 0.0484641 -0.0112771 -0.0152108 0.00185903 0.0493503 0.095567 -0.000454406 5.28995e-05 0.00341308
internal_weight=11836.5 374.922 47.2518 2.68163 0.0545467 327.67 321.186 194.856 126.33 156.432 69.5631 38.4242 56.7669 44.5702 11.8346 1.11509 11461.6 66.8931 27.6471 1.68301 0.512019 25.9641 11.4464 39.2461 33.509 1.17099 14.5176 33.4782 11394.7 1302.15
internal_count=7930138 5525500 5269632 8063 95 255868 251307 151677 99630 119171 90195 32506 9435 5261569 982645 65283 2404638 259418 90431 21303 466 69128 68592 168987 138542 20837 536 138503 2145220 21036
is_linear=0
shrinkage=0.08


Tree=120
num_leaves=31
num_cat=0
split_feature=8 13 8 3 9 10 9 10 0 9 10 7 14 7 12 10 8 10 9 8 8 7 10 9 8 7 10 3 5 7
split_gain=5.35835 13.9408 47.5491 42.4139 15.1833 19.3572 15.2746 14.9271 14.4399 12.357 9.44842 15.1837 9.75829 8.98317 8.82558 8.25176 8.24037 7.19152 18.5576 6.88052 6.67638 14.7671 13.7499 20.1522 21.9388 11.9087 16.225 11.8022 25.4832 24.3426
threshold=0.90682170542635665 1.0000000180025095e-35 0.54457769720634042 0.64400921658986177 0.81266711229946542 0.8452156236387397 0.71711125569290834 0.54500450045004512 0.60158730158730178 0.7335008375209382 0.48107236684977317 0.46679636835278859 1.0000000180025095e-35 0.55010917030567696 0.70712651375634816 0.8597311034595837 0.56265703517587951 0.87864627584253763 0.85258609734400825 0.89492086860507924 0.9476726498326743 0.71707642462359455 0.90033112582781472 0.61410415803287755 0.99779735682819404 0.67595920349684324 0.72779821334734629 0.64400921658986177 0.88047619047619052 0.86377084454007547
decision_type=2 2 2 2 2 2 2 2 2 2 2 2 2 2 2 2 2 2 2 2 2 2 2 2 2 2 2 2 2 2
left_child=1 4 10 8 5 -1 19 13 15 -10 -3 12 -12 -5 -8 -4 -9 -6 -19 -7 25 22 23 -22 -25 26 -2 28 -27 -30
right_child=20 2 3 7 17 6 14 16 9 -11 11 -13 -14 -15 -16 -17 -18 18 -20 -21 21 -23 -24 24 -26 27 -28 -29 29 -31
leaf_value=0.0015938008972798264 0.015510958150894856 -0.073738574635614285 -0.059526461682621677 0.060580379979522404 -0.048893379577158717 0.035631059398955361 0.24784854848099094 0.11162690249509899 0.072055632452187171 0.59015011984321808 0.044715858569726541 -0.080308290763297679 -0.070379676501563224 0.0040200977979489919 0.085312258366188956 0.0064796053913460921 -0.0022255921805658719 0.059166646059602937 -0.045022485276739403 -0.069620956880246429 0.0089277019205481166 -0.0010964121580512331 -0.015377128137630081 0.0055413715838846826 0.07758300535179255 -0.033673341299575749 -0.021596927703510977 0.016479596593351124 0.027188006932609782 -0.016993702314408606
leaf_weight=2503.6379190305206 121.95159334492632 76.187265019316698 109.08855515783964 40.581476310863714 54.395711575489258 14.057017905435716 2.4077480640262392 4.0831492925613011 1.8800646034896993 0.34937996137887228 18.092323574548672 19.205801837197932 6.3759633099482 32.256387560245962 19.089501693524653 13.636858609092796 1139.3910839442392 17.46325466367125 29.294177637377288 5.5422640753968144 461.18923498988897 5598.9895286317187 103.70040393821 47.078777015485684 63.60279637912754 109.51219022889745 197.5974295476974 704.7235774670844 213.64103380616871 127.4070379990153
leaf_count=1471356 14818 3200090 1610571 26841 1486 2762 320 8529 930 7 110248 498569 690205 10946 2007 12663 76060 517 574 683 25635 97462 6454 2701 1691 26516 13308 7086 7460 1631
internal_value=0.000152025 -0.00218412 -0.00845621 -0.00414202 0.00127949 0.00248774 0.0569472 0.000417725 -0.0485266 0.153247 -0.0567326 -0.0270666 0.0147242 0.0355326 0.103517 -0.0521921 -0.00181904 -0.0291167 -0.00610928 0.00586801 0.00139013 0.000251702 0.0114246 0.0162847 0.0469399 0.0062335 -0.0074352 0.0100142 -9.82881e-05 0.0106828
internal_weight=11856.4 4107.02 1461.13 1341.27 2645.89 2544.73 41.0965 1216.31 124.955 2.22944 119.861 43.6741 24.4683 72.8379 21.4972 122.725 1143.47 101.153 46.7574 19.5993 7749.39 6274.56 675.571 571.871 110.682 1474.83 319.549 1155.28 450.56 341.048
internal_count=7930126 7725364 6245659 1746547 1479705 1477128 5772 122376 1624171 937 4499112 1299022 800453 37787 2327 1623234 84589 2577 1091 3445 204762 133943 36481 30027 4392 70819 28126 42693 35607 9091
is_linear=0
shrinkage=0.08


Tree=121
num_leaves=31
num_cat=0
split_feature=12 8 7 10 10 3 12 9 7 2 2 9 3 9 9 10 9 8 2 9 9 14 0 3 3 9 11 11 7 13
split_gain=7.85989 19.925 6.95204 12.5589 195.669 3662.89 6.21831 10.4189 5.61702 7.41538 101.841 4.73942 4.3488 3.4655 98.067 893.582 17.1646 3.44964 18.6807 3.32314 13.4212 4.34232 3.27231 5.02058 3.72032 3.0511 3.0209 57.7749 22.7745 30.8875
threshold=0.51442441054091548 0.66524822695035468 0.3935084600697874 0.5750816993464053 0.57909117054932424 0.26846846846846856 0.50335630941118181 0.30315449577744663 0.49528259902091681 0.44256120527306975 0.45080645161290328 0.31955712804245717 0.74179894179894201 0.31688578693934971 0.31381341774377919 0.55919074555368709 0.28782428602572491 0.64375688867894831 0.3504385964912281 0.52416573971078984 0.52897893894961356 1.0000000180025095e-35 0.45199692780337947 0.13563218390804602 0.89827586206896559 0.39511150935882122 0.61250000000000016 0.5277777777777779 0.93777654867256655 0.49264546831062089
decision_type=2 2 2 2 2 2 2 2 2 2 2 2 2 2 2 2 2 2 2 2 2 2 2 2 2 2 2 2 2 2
left_child=1 2 3 12 5 -5 8 -8 22 11 -11 -10 -1 14 16 -16 -4 25 -19 21 -21 -9 23 -3 -24 -15 27 -2 29 -29
right_child=26 6 13 4 -6 -7 7 19 9 10 -12 -13 -14 17 15 -17 -18 18 -20 20 -22 -23 24 -25 -26 -27 -28 28 -30 -31
leaf_value=-0.081558224218574865 -0.00059735386325048792 -0.0014986299497151381 -0.084395577566861266 154.94329613170677 -0.081724432666481106 -0.081340669993089407 -0.19603408251868593 0.012778526565718673 0.31414191411394271 8.9061508957103808 -0.019734753705225282 0.03531792433176472 0.1024213214269567 0.0083760188265662814 -0.080000446528818603 -79.507173686651555 -0.58043443565399078 -0.080786063759114124 -1.9402756435149158 0.4639658521807789 -0.03621263847350939 -0.059809591319497868 -0.037057860020072657 -0.044320998129566365 0.11491386031314793 -0.075673377716911433 0.0011438908201200242 -0.0040843287802774918 -0.0054709806100690841 -0.12099628461623503
leaf_weight=1.9416749400789997 6836.5789392277056 165.36306841827925 5.9512594554812726 0.0010321028913375411 0.21497667196024539 0.017768594808778734 2.5293175709473728 8.13646879855661 0.40229241786249659 0.008902535772905007 0.10092726912466787 12.939009507676811 1.4262554799820688 3.1518903093061992 0.0090675393571695295 0.0010072119813856481 0.48267026136756896 0.24194278116816903 0.040342423285594009 0.43911873322082717 1.574068341599715 14.994166817289177 1.5731825547447602 19.599123241937264 2.9910369982753764 22.471940452617474 4661.8198253113587 20.430435971420593 32.120643770322204 49.510902351699769
leaf_count=751923 2718020 62595 9726 1019 21810 1587 296 3801 359 56 241 11105 5864 1084174 7144 339 32975 18382 3290 550 4417 12282 1663 77238 37 2800860 295507 3329 318 334
internal_value=-0.000743228 -0.0143242 -0.0697197 0.0357116 0.602724 8.42905 -0.00568967 -0.0412646 -0.000839534 0.0491149 0.703776 0.0437256 -0.00364633 -0.0814579 -0.133958 -8.02064 -0.121608 -0.0683988 -0.346533 -0.0256957 0.0728869 -0.0342759 -0.00438492 -0.00603621 0.0625327 -0.0653348 -0.000431108 -0.00148929 -0.0612354 -0.0868453
internal_weight=11867.1 266.603 35.9518 3.60171 0.233777 0.0188007 230.651 27.6731 202.978 13.4511 0.10983 13.3413 3.36793 32.3501 6.444 0.0100748 6.43393 25.9061 0.282285 25.1438 2.01319 23.1306 189.526 184.962 4.56422 25.6238 11600.5 6938.64 102.062 69.9413
internal_count=7931241 4913733 4739093 782203 24416 2606 174640 21346 153294 11761 297 11464 757787 3956890 50184 7483 42701 3906706 21672 21050 4967 16083 141533 139833 1700 3885034 3017508 2722001 3981 3663
is_linear=0
shrinkage=0.08


Tree=122
num_leaves=31
num_cat=0
split_feature=12 8 10 10 3 10 8 10 3 12 8 10 8 3 11 10 12 13 11 9 9 7 3 12 9 10 8 7 9 10
split_gain=14135.8 422836 4.0469e+06 4.69521e+07 1.4979e+08 7.5038e+06 3740.8 2523.59 585.053 64.1053 1123.05 84114.7 9.78017 30.1655 10.0738 14.6865 9.6733 31.2168 9.41187 6.79426 7.68897 6.97387 6.73003 6.37286 18.047 24.5449 20.4779 5.10898 4.52683 21.6982
threshold=0.39293512164691213 0.65015337423312902 0.5750816993464053 0.57705214248838421 0.41101055806938164 0.57909117054932424 0.65940005940005941 0.52506983240223482 0.17028985507246377 0.39419567658618759 0.60042918454935634 0.5750816993464053 0.62694634933440918 0.32993197278911574 0.26136363636363641 0.5750816993464053 0.51442441054091548 1.0000000180025095e-35 0.61250000000000016 0.30315449577744663 0.33399734395750341 0.50335630941118181 0.7653316645807261 0.51575637206223124 0.48425772952560775 0.7595917966833482 0.53361581920903967 0.3935084600697874 0.67181536259541996 0.87864627584253763
decision_type=2 2 2 2 2 2 2 2 2 2 2 2 2 2 2 2 2 2 2 2 2 2 2 2 2 2 2 2 2 2
left_child=1 2 -1 4 -4 -5 7 -3 -9 10 11 -2 13 -12 15 -14 17 19 -19 21 -21 -11 -20 24 26 -26 -18 -16 29 -25
right_child=9 6 3 5 -6 -7 -8 8 -10 16 12 -13 14 -15 27 -17 23 18 22 20 -22 -23 -24 28 25 -27 -28 -29 -30 -31
leaf_value=-0.081118481188782732 -0.080949647076258943 -0.082612781771084096 -35451.77489967001 -1841.8560213467044 -0.080221658837320645 -0.081115208694254953 0.0063862980814232183 -35.567654383065722 -16.292135401539905 -0.035499653110575291 3.2905177639836594 -682.33117577723726 -0.081818566395662096 -0.081749074944970135 -0.082670941454653687 -1.8394282224359038 1.6341035873344134 -0.085304579776035755 -0.041016850565566587 0.071058546742862203 0.001171515705170961 -0.2371023044010834 0.089905829346725599 -0.00018618538678833238 0.028982929455092243 0.72490163330715662 -0.058232415712804027 0.26927809856723195 0.0018218456560353574 -0.02556438014663568
leaf_weight=1.3876505126854914 0.084555214359701952 0.031547817363551396 0.0010199794439208557 0.015897709573400753 0.0030246829999126456 0.12934037663526554 47.265144494536308 0.031562594033621452 0.014804823945093561 11.352371856029418 0.023721656606206037 0.0011725886921395137 0.091946601455567323 0.059703000149554236 0.63549773814036425 0.045475015589339307 0.046671575634919082 43.654143906662284 10.352999029248862 10.862134289578135 139.07443386525046 1.2157524678481912 3.3182525403596363 4529.7308476738008 0.71586186593999801 0.59308659431573929 2.3447608328152496 0.451520791031084 6814.4980494739275 226.39342046565071
leaf_count=687222 29296 440 1065 1032 330 19891 39484 287 365 11794 80 421 69 69 304 101 5797 2985456 304685 30030 798799 344 1084 2704419 11513 132 9421 290 278061 9144
internal_value=-0.0054724 -1.36312 -42.6594 -438.444 -8940.26 -201.681 -0.0224862 -17.5372 -29.4131 0.0001536 -0.542401 -9.4128 0.0390349 0.877149 -0.0180683 -0.66344 0.000217708 -0.0164068 -0.0671642 0.00149849 0.00623447 -0.0550013 -0.00923962 0.000533456 0.105503 0.344305 -0.0252045 0.06352 0.000499886 -0.0013942
internal_weight=11844.4 48.88 1.53693 0.149283 0.00404466 0.145238 47.3431 0.0779152 0.0463674 11795.5 1.39359 0.0857278 1.30786 0.0834247 1.22444 0.137422 11794.2 219.83 57.3254 162.505 149.937 12.5681 13.6713 11574.3 3.70038 1.30895 2.39143 1.08702 11570.6 4756.12
internal_count=7931425 750116 709540 22318 1395 20923 40576 1092 652 7181309 30630 29717 913 149 764 170 7150679 4132192 3291225 840967 828829 12138 305769 3018487 26863 11645 15218 594 2991624 2713563
is_linear=0
shrinkage=0.08


Tree=123
num_leaves=31
num_cat=0
split_feature=12 8 12 8 7 13 3 0 8 2 12 8 7 7 8 13 14 8 10 7 8 5 12 10 11 9 8 3 13 0
split_gain=17.2452 48.4066 383.433 160883 2135.26 21.0574 7.28 9.27603 9.60728 7.2113 7.19017 958.4 6.23311 6.12134 5.69571 4.33005 9.53838 4.08572 3.98991 15.141 17.0825 17.1253 15.9802 14.0157 10.6679 9.50198 7.62449 16.2622 24.6793 24.4583
threshold=0.51442441054091548 0.66524822695035468 0.38477631155455427 0.64375688867894831 0.36745725317153893 0.21002774124240772 0.13563218390804602 0.41223155929038285 0.9476726498326743 0.46265328874024531 0.39036004645760747 0.62694634933440918 0.25472370766488417 0.30521412860654679 0.90682170542635665 1.0000000180025095e-35 1.0000000180025095e-35 0.82938069012026527 0.76720944257775492 0.67595920349684324 0.958456607495069 0.1126984126984127 0.60678958993565746 0.8452156236387397 0.61250000000000016 0.50510257211288145 0.958456607495069 0.64400921658986177 0.16021221092330401 0.83484848484848506
decision_type=2 2 2 2 2 2 2 2 2 2 2 2 2 2 2 2 2 2 2 2 2 2 2 2 2 2 2 2 2 2
left_child=1 2 3 -1 -5 6 12 8 -8 17 11 -4 -3 -14 -9 16 -12 -7 -2 20 23 22 -22 -20 -25 -23 27 28 -21 -29
right_child=18 5 10 4 -6 9 7 14 -10 -11 15 -13 13 -15 -16 -17 -18 -19 19 26 21 25 -24 24 -26 -27 -28 29 -30 -31
leaf_value=-0.080133791970903409 0.0018174992863608276 -0.083443615117562583 -0.080037835405376026 -634.68927577461147 -799.63993524404464 -0.1202152020981944 -0.097957448260356628 0.1239840580622216 0.0056287003356855882 -0.0025174226102714281 0.20294409685230477 -77.299393011024392 0.077343153133433276 0.0014688778522640453 -0.033969273208520112 -0.084083277097505044 -0.04884696738070525 -0.25127222456478554 -0.0077740080471265273 0.0011764978497191948 0.34993031168119232 -0.045972884956414703 0.045736824796923481 -0.043317398007759612 0.0064182901582266498 0.0044466146905598244 -0.0018139646567530631 0.028465203414915825 -0.039718990941606358 0.0027575229116972512
leaf_weight=0.83298415917011726 4329.8512654975066 5.3337438847758269 0.14513278526608867 0.0010084945635225663 0.0010005503915815552 3.5381680738412404 16.105471164907982 3.1456271584260262 8.8951837276186883 2.0175514579622904 1.0957910956762598 0.001036009313064217 7.0603296588257924 188.2834849498245 2.7282980439522362 22.009868222032502 7.9387520240915457 2.6721800994964724 231.57769652717099 574.59349593086699 1.1392246902687464 29.315210484826821 37.067441255261656 187.21026476450965 32.373713660567773 130.02912657891443 4723.904532294735 328.71616334412101 113.01726801418408 847.55377172032604
leaf_count=535176 2783860 2064 116002 1956 765 1403 87870 3183 6232 756 58613 693 3406 68668 510 3278095 747632 320 33686 39190 242 931 1971 9947 1469 4183 77959 5863 51447 7089
internal_value=-0.000571458 -0.0204897 -0.112868 -1.8047 -716.838 -0.00815144 -0.00368248 -0.0398468 -0.0611017 -0.133918 -0.0675768 -0.62735 0.00188146 0.00421121 0.0506185 -0.0649412 -0.0183075 -0.176606 -0.000103384 -0.00125272 -0.012914 0.0067045 0.0548071 -0.0215044 -0.0359848 -0.00482926 -0.000104405 0.00422838 -0.00554518 0.0099417
internal_weight=11838.2 271.806 32.0256 0.834993 0.00200904 239.78 231.552 30.8746 25.0007 8.2279 31.1906 0.146169 200.678 195.344 5.87393 31.0444 9.03454 6.21035 11566.3 7236.5 648.713 197.551 38.2067 451.162 219.584 159.344 6587.79 1863.88 687.611 1176.27
internal_count=7931181 4913344 4738932 537897 2721 174412 171933 97795 94102 2479 4201035 116695 74138 72074 3693 4084340 806245 1723 3017837 233977 52429 7327 2213 45102 11416 5114 181548 103589 90637 12952
is_linear=0
shrinkage=0.08


Tree=124
num_leaves=31
num_cat=0
split_feature=8 1 5 2 3 1 3 10 5 3 11 8 11 10 7 10 2 4 3 1 4 4 2 1 3 7 13 4 7 2
split_gain=6.63955 15.1313 26.7837 25.716 22.5746 21.6846 18.3685 16.6935 25.1642 17.8175 12.2166 17.6455 14.9638 8.68931 6.83697 8.23229 6.64399 6.54699 5.99809 34.9751 25.6378 65.8043 45.5386 29.186 25.2699 64.9091 38.525 27.0003 23.4333 23.9403
threshold=0.89492086860507924 0.89039039039039047 0.97826086956521752 0.83795948987246816 0.85960591133004938 0.94868421052631591 0.98888888888888904 0.8597311034595837 0.267479674796748 0.95587280986372491 0.30384615384615393 0.81173769550868147 0.61250000000000016 0.87864627584253763 0.90026178010471225 0.97339233038348094 0.83910792512943055 0.63333333333333341 0.84327485380116973 0.27072835547411828 0.18333333333333338 0.41428571428571431 0.9614814814814816 0.84731934731934733 0.68857758620689669 0.93777654867256655 0.58227617846191659 0.18333333333333338 0.71707642462359455 0.92450142450142458
decision_type=2 2 2 2 2 2 2 2 2 2 2 2 2 2 2 2 2 2 2 2 2 2 2 2 2 2 2 2 2 2
left_child=1 2 3 7 16 17 -6 9 -9 -1 -4 12 -12 -13 15 -7 -5 -3 24 -20 28 22 -22 -23 -2 26 -26 -28 -21 -30
right_child=18 5 10 4 6 14 -8 8 -10 -11 11 13 -14 -15 -16 -17 -18 -19 19 20 21 23 -24 -25 25 -27 27 -29 29 -31
leaf_value=-0.058626098615697675 0.00098297639929754467 0.063444167814478702 -0.054991995327669754 0.60900168138443544 0.010895678944993069 -0.0018720290078809937 -0.44180742054228872 0.13593533755868609 -0.058385006569577368 0.052853838220842712 0.0040981819385805659 -0.011953877328090426 0.069994598178847706 0.029762752131018422 -0.20740861839739505 0.1120508063725195 0.16669429542415579 0.63632710581194341 -0.18384124182774322 -0.03869762511793326 -0.034321902432358879 -0.12758992187604637 -0.19261347654803218 0.00071456626466953306 0.093843707893891432 -0.025400715255720088 -0.16078276581106557 0.029050618157122125 0.012240899701854019 0.09488660557417268
leaf_weight=181.67817346729174 3957.5087226013538 30.51799205025964 27.195241903339252 0.22794907200522985 29.196789670696806 3050.5091681128624 0.585119026927713 7.7667242902872546 9.4600129235384038 9.6636433188605206 52.524837424849579 320.16526219045795 38.017772499352304 35.498699737945572 1.0345994979143132 4.0649696081322864 4.6746938025197551 0.12820663895399675 6.7423228370025745 21.476837014066405 241.17550147302973 11.384467717944061 12.221149306511505 3422.0955272658684 86.499949483477394 97.425528223975562 5.1193980220705262 75.712166288634762 44.048904487179243 45.710140052397037
leaf_count=5348569 158039 7503 466532 114 15222 999696 27 4443 6584 4605 676950 39287 131964 1528 8 38 3026 8 79 331 4422 201 167 55542 2038 1553 85 1097 1191 1748
internal_value=-0.000796675 -0.0035502 -0.0140222 -0.0355975 0.0281876 -0.0011185 0.00200151 -0.0462048 0.0292249 -0.0529958 -0.00293599 0.000236702 0.0317673 -0.00779015 -0.00179007 -0.00172042 0.187259 0.0658408 0.000507826 -0.00179585 -0.00147268 -0.00261435 -0.0419562 0.000289144 0.00258376 0.0265117 0.0567368 0.0170277 0.0363675 0.0543285
internal_weight=11830 3802.91 716.655 243.253 34.6846 3086.25 29.7819 208.569 17.2267 191.342 473.402 446.207 90.5426 355.664 3055.61 3054.57 4.90264 30.6462 8027.12 3804.85 3798.11 3686.88 253.397 3433.48 4222.27 264.757 167.332 80.8316 111.236 89.759
internal_count=7932597 7706104 6698851 5382590 18389 1007253 15249 5364201 11027 5353174 1316261 849729 808914 40815 999742 999734 3140 7511 226493 63681 63602 60332 4589 55743 162812 4773 3220 1182 3270 2939
is_linear=0
shrinkage=0.08


Tree=125
num_leaves=31
num_cat=0
split_feature=12 13 3 14 8 12 10 10 8 10 11 8 14 3 9 9 10 8 9 12 11 11 12 14 12 10 8 12 12 8
split_gain=5.14823 29.6445 12.6533 8.90979 7.05368 4.7549 7.24101 9.12076 11.5844 9.64927 5.76802 18.0545 4.56128 6.93502 4.53698 144.344 724.399 7.82879 4.20088 5.14159 4.78095 12.5185 16.7278 8.71935 5.73801 11.2865 6.00484 3.84507 21.1955 17.9523
threshold=0.51442441054091548 0.033818781666077539 0.7653316645807261 1.0000000180025095e-35 0.958456607495069 0.51928389290267751 0.78755641521598985 0.8597311034595837 0.97081701016294797 0.8452156236387397 0.38750000000000007 0.92012269938650315 1.0000000180025095e-35 0.64932432432432441 0.41762655015667066 0.41684397163120573 0.5885620915032681 0.88428213390619415 0.31688578693934971 0.50335630941118181 0.73214285714285732 0.58571428571428574 0.51073040434742578 1.0000000180025095e-35 0.34240404788350004 0.97339233038348094 0.81974597548368056 0.43981230040624802 0.44050241241871202 0.61570918532943864
decision_type=2 2 2 2 2 2 2 2 2 2 2 2 2 2 2 2 2 2 2 2 2 2 2 2 2 2 2 2 2 2
left_child=1 18 4 -4 -3 6 14 8 9 -8 11 -9 -6 -14 15 17 -17 -2 19 27 21 23 -23 -20 25 -22 -26 29 -29 -1
right_child=5 2 3 -5 12 -7 7 10 -10 -11 -12 -13 13 -15 -16 16 -18 -19 20 -21 24 22 -24 -25 26 -27 -28 28 -30 -31
leaf_value=-0.67873668455903702 -0.0807658141851334 -0.097508467241212329 0.064149334118526982 -0.099456906223411787 -0.065638167451152904 -0.0011383936028210426 -0.081714584003576493 1.8864869528105916 0.48843588769751078 0.47074978904465953 -0.083842998635511354 -0.081042763789071937 0.039899774583395484 0.71558376094368092 -0.015175174265238763 -0.080009746902195214 69.76093930276285 0.20088781446211126 0.07351169780031766 -0.17341042235240239 0.10719083565521652 0.13587218196211479 1.6781876552149073 0.0014595453594406069 0.057144339275297322 1.2157664609333114 -0.016033739498671765 1.8434476819887646 0.031060656271363944 -0.020794002277569498
leaf_weight=0.26738325932087903 1.1305596345322007 37.073173712498033 7.1667125852320481 3.0314447185503308 4.2654041820252111 11506.03379524849 0.68363223185188748 0.040678109079180902 0.83300636132480577 0.28739102588588139 1.0336168640642425 0.11211798041767906 3.0171006929895023 0.10045344651735844 7.8476802005448452 0.0055834671138662575 0.0011454586274339817 1.4311140009012886 12.872851970165597 1.3687271258968738 1.2651623693756864 4.3746912396968458 0.045473912160315488 65.152652436738251 7.9393190382860857 0.061641119420528301 74.704113803805967 0.041587818541240718 5.9128358138284476 36.028034395826339
leaf_count=42648 20915 3820056 3464 14424 3244 2918045 252 40 41 36 87 32 1902 48 78743 372 2 318 62726 738 1802 5200 102 835949 87925 3 3417 150 7617 21242
internal_value=-0.00133638 -0.0123675 -0.0648516 0.0155167 -0.0832879 -0.00108291 0.0465327 0.15626 0.269561 0.0817967 -0.0160224 0.442762 -0.0118799 0.0616716 0.0150301 0.107321 11.8089 0.0765838 0.00128973 -0.0208095 0.00708206 0.0207665 0.151739 0.0133469 -0.00635397 0.158693 -0.00900373 -0.0158658 0.043719 -0.025641
internal_weight=11784.1 264.689 54.6543 10.1982 44.4561 11519.4 13.4065 2.99044 1.80403 0.971023 1.18641 0.152796 7.38296 3.11755 10.4161 2.5684 0.00672893 2.56167 210.034 43.6186 166.416 82.4457 4.42017 78.0255 83.9702 1.3268 82.6434 42.2498 5.95442 36.2954
internal_count=7931540 4912657 3843138 17888 3825250 3018883 100838 488 329 288 159 72 5194 1950 100350 21607 374 21233 1069519 72395 997124 903977 5302 898675 93147 1805 91342 71657 7767 63890
is_linear=0
shrinkage=0.08


Tree=126
num_leaves=31
num_cat=0
split_feature=12 13 8 3 11 11 11 7 10 8 10 10 8 0 7 9 9 12 8 11 10 9 11 12 3 13 9 9 9 8
split_gain=5.06005 24.209 14.3931 7.65005 6.65722 4.95057 19.9625 27.5388 29.8368 14.1194 5.1211 8.28845 4.19507 4.11362 3.84631 22.5649 6.02448 3.70843 11.4732 22.159 28.521 22.3323 3.49479 6.71539 6.71367 24.0798 3.68751 3.45601 3.26584 3.23589
threshold=0.52952801674029304 0.033818781666077539 0.97081701016294797 0.7653316645807261 0.73214285714285732 0.73214285714285732 0.5277777777777779 0.52193151212004618 0.69910805904175566 0.68764140271493224 0.82944896115627831 0.9201769911504426 0.87260524710189158 0.081666666666666679 0.29465524275805799 0.29857499831160944 0.31045191689869356 0.53361581920903967 0.958456607495069 0.73214285714285732 0.76720944257775492 0.50092250922509229 0.61250000000000016 0.42125428513813273 0.36549165120593696 0.17399338531076922 0.49902723735408566 0.62389241747039925 0.34240404788350004 0.81974597548368056
decision_type=2 2 2 2 2 2 2 2 2 2 2 2 2 2 2 2 2 2 2 2 2 2 2 2 2 2 2 2 2 2
left_child=1 5 3 -3 27 6 14 9 -9 -8 13 12 -12 29 15 -1 -16 18 -2 20 21 -20 23 -4 25 -24 -26 -5 -6 -7
right_child=17 2 22 4 28 10 7 8 -10 -11 11 -13 -14 -15 16 -17 -18 -19 19 -21 -22 -23 24 -25 26 -27 -28 -29 -30 -31
leaf_value=0.04148629343565876 -0.040583516372632009 -0.092136075029706777 0.11225078160687253 -0.062587557055767851 -0.091050762611353947 0.017674162524678648 0.47711484862145354 0.44586668824247144 2.5414126655570164 0.077357332748448873 0.19966696317387159 -0.058508430873434263 0.039984385539613053 0.37214612713539941 -0.045346274083381495 1.0716501280731057 0.0081353511871921514 -0.00050368606407013878 0.11123694115824199 0.015221155540216323 0.00060955632715977619 0.8376440958617779 0.16400875246794175 -0.071711459428853222 -0.0041074970229038202 2.3586752431870672 0.2158536075543469 0.24709918712754533 0.15764672655039066 -0.025840594912996943
leaf_weight=6.7086185454980569 5.7264411125015595 38.623845823704251 1.7096329054968276 5.9389905492716162 0.4159342705609651 12.583459964524776 0.63295457804344124 0.15171437848675839 0.060956275090575218 5.3029918231849784 1.1259423566277664 6.0328536036222422 16.240288934466662 0.17137825249012806 15.68687994960939 0.13889950378139992 95.81870619070645 11474.026358873538 0.41457053636258956 4.6869166726901312 0.96133259998168785 0.78140666350373067 1.3041878483036269 4.9383042762710829 4.902645762026185 0.032800759305246063 0.54166843759435312 0.23994431136256356 1.8020353575423511 83.592747719805431
leaf_count=9056 73345 4048909 1438 21497 85 102142 5388 183 4 372 171 248 569 594 44522 1622 960882 2650368 65 116 86 34 813 1577 1156 12 73 21 1202 4726
internal_value=-0.000726022 -0.0109013 -0.0562288 -0.0770905 -0.00788422 0.000316946 0.0114868 0.15203 1.0465 0.119984 -0.0112964 0.0222743 0.0503374 -0.0194494 0.00418531 0.0623828 0.000611425 -0.000456108 0.0429717 0.112881 0.325054 0.585844 0.0168157 -0.0244024 0.0572232 0.217851 0.017777 -0.0505616 0.111009 -0.0201472
internal_weight=11791.3 304.698 60.45 47.0208 8.3969 244.248 124.502 6.14862 0.212671 5.93595 119.747 23.3991 17.3662 96.3476 118.353 6.84752 111.506 11486.6 12.5707 6.84423 2.15731 1.19598 13.4292 6.64794 6.7813 1.33699 5.44431 6.17893 2.21797 96.1762
internal_count=7931276 5207262 4076783 4071714 22805 1130479 1022029 5947 187 5760 108450 988 740 107462 1016082 10678 1005404 2724014 73646 301 185 99 5069 3015 2054 825 1229 21518 1287 106868
is_linear=0
shrinkage=0.08


Tree=127
num_leaves=31
num_cat=0
split_feature=12 5 8 9 5 8 2 13 12 12 7 8 10 10 10 3 2 2 4 7 10 8 7 4 5 13 4 1 5 2
split_gain=6.33098 28.7168 13.8164 17.272 27.2238 7.08364 5.80477 7.43448 5.15115 9.14781 4.173 4.76958 10.9767 4.26429 3.84563 3.502 3.04511 2.8887 2.8742 2.45928 7.99477 156.72 4.12584 2.3336 43.5236 30.223 23.4243 27.9998 44.3672 18.363
threshold=0.53863716192483324 0.6419413919413921 0.99779735682819404 0.53361581920903967 0.36055555555555557 0.73353057199211047 0.79205974842767291 0.21444260207146809 0.46122190566635018 0.46841144942410773 0.52060455111513659 0.75072254335260125 0.62602057749751083 0.97339233038348094 0.71475875118259236 0.89827586206896559 0.3504385964912281 0.35767590618336892 0.63333333333333341 0.4870015769317414 0.77696478391324952 0.64720090934924701 0.4860185426518227 0.90000000000000013 0.11882352941176472 0.58227617846191659 0.55000000000000016 0.97498436522826781 0.40238095238095245 0.86706827309236967
decision_type=2 2 2 2 2 2 2 2 2 2 2 2 2 2 2 2 2 2 2 2 2 2 2 2 2 2 2 2 2 2
left_child=1 2 6 8 -5 19 16 15 -4 -10 11 12 -7 14 -12 -8 -1 -18 -13 20 22 -22 -3 26 -25 -26 27 -2 29 -29
right_child=23 5 3 4 -6 10 7 -9 9 -11 13 18 -14 -15 -16 -17 17 -19 -20 -21 21 -23 -24 24 25 -27 -28 28 -30 -31
leaf_value=-0.078489154912991549 -0.00077529480686906749 -0.025927050556096117 -0.085124679319160568 -0.07693825705162903 1.8678263550269385 0.19329248767881368 -0.089309067079014273 -0.089182499183841024 0.35260121833740643 0.01191375183054846 0.0089718048505014678 0.0052003581124679052 -0.069087999445632334 0.37265679058442902 -0.041964011918829744 0.20424764906818024 -0.30792930886060893 -0.12098510380875757 0.3176677730115775 -0.062867588145473927 13.213092897729689 -0.08030636311264687 0.35650369501721862 0.00048208939856973483 0.02255947998103305 0.12968421662555629 -0.013269787327673954 0.085148115138200656 0.0074987126125214479 -0.010848467426977561
leaf_weight=16.417978145737159 5002.9242596650211 16.84985744183323 3.0455632614791988 0.10493254991615764 0.082119586586486548 2.6105674227835802 0.33388955767168171 2.2952868597777751 0.55189021219848644 5.8632421338697895 15.3239512766504 210.02068540993309 1.6753091863873031 0.17548748123226587 24.902269182411718 1.1765807858179469 0.54725343941606652 15.862840076124479 0.1885721001890478 13.833163590106702 0.0060181207588557431 0.099807071191527125 0.18250098359593891 5094.7895640427305 44.27945171738611 27.21496270474745 853.12677578020066 77.213025821274414 379.40569722605892 15.276046141516415
leaf_count=2754349 1525900 1313385 3021 25 19 4317 995 823 182 1459 6246 49171 2706 14 2657 2019 103415 777953 2 329254 77 231 8972 778537 7044 584 234102 5855 16729 672
internal_value=-0.000224279 -0.0111129 -0.0695744 0.0156005 0.776852 -0.00164808 -0.0920057 0.00152271 0.000549407 0.0412229 0.0027416 0.00718406 0.0907304 -0.0208436 -0.0225603 0.139357 -0.102848 -0.127219 0.00548066 -0.0377755 -0.0175224 0.675669 -0.0218293 9.03706e-05 0.00135192 0.0633374 -0.00093959 0.000981792 0.01961 0.0692927
internal_weight=11826.4 332.15 46.2816 9.64775 0.187052 285.868 36.6338 3.80576 9.4607 6.41513 254.897 214.495 4.28588 40.4017 40.2262 1.51047 32.8281 16.4101 210.209 30.9713 17.1382 0.105825 17.0324 11494.2 5166.28 71.4944 6327.95 5474.82 471.895 92.4891
internal_count=7930715 5361292 3644260 4706 44 1717032 3639554 3837 4662 1641 65113 56196 7023 8917 8903 3014 3635717 881368 49173 1651919 1322665 308 1322357 2569423 786165 7628 1783258 1549156 23256 6527
is_linear=0
shrinkage=0.08


Tree=128
num_leaves=31
num_cat=0
split_feature=12 8 10 11 9 5 9 12 12 9 0 3 7 10 4 3 5 0 5 11 10 4 5 8 0 2 7 3 4 8
split_gain=11.5546 67.109 71.5129 28.1418 61.8937 18.1159 9.55411 8.02335 5.7083 7.02679 4.58993 4.22068 3.85094 3.81092 3.72379 6.00214 3.55548 10.6735 3.70094 3.18558 3.38632 3.11431 24.5587 23.1755 22.926 34.0361 35.1778 30.2088 40.9642 37.3668
threshold=0.51442441054091548 0.66524822695035468 0.78755641521598985 0.61250000000000016 0.34240404788350004 0.41042780748663105 0.4547095503774205 0.47485299431687533 0.50335630941118181 0.30315449577744663 0.48834688346883476 0.84327485380116973 0.50396850393700798 0.66819571865443439 0.41428571428571431 0.98888888888888904 0.43019480519480524 0.21680376028202117 0.62361111111111123 0.47222222222222227 0.53528240147958461 0.41428571428571431 0.75255102040816335 0.86162029459901812 0.83795948987246816 0.7593103448275863 0.65251232119245117 0.97366597366597374 0.22500000000000003 0.97081701016294797
decision_type=2 2 2 2 2 2 2 2 2 2 2 2 2 2 2 2 2 2 2 2 2 2 2 2 2 2 2 2 2 2
left_child=1 2 10 6 -5 11 -4 -8 16 -10 19 12 -3 -11 15 -12 17 -7 -18 -1 -21 24 -23 -24 25 -2 -27 -26 29 -29
right_child=21 5 3 4 -6 8 7 -9 9 13 14 -13 -14 -15 -16 -17 18 -19 -20 20 -22 22 23 -25 27 26 -28 28 -30 -31
leaf_value=-0.094734886091367043 -0.0023377618795001678 -0.11673978484219967 -0.22103573686716427 -0.17817510136950873 -1.4083849565107418 0.65112935589862053 -0.72563998320356837 -0.33674364846358629 -0.18608533419138229 0.024450586376603706 -0.080013587086732937 0.019134464383159654 0.024186596337172558 -0.044733912073851342 0.050316477165236871 1.0035659052321708 -0.065637550068443712 0.037448411993383945 0.0081947317922859298 -0.073613587867757638 0.016964306634272796 5.1847552797364375e-05 0.36310283565641527 0.05614808564747284 -0.021576740397833562 -0.034204699891462832 0.057557652986438557 -0.17314117321575004 -0.089068910200507737 -0.93071562906383143
leaf_weight=13.22039128156702 4595.839019863588 12.193573412947142 4.3473677126289187 0.582358470778502 0.4754095812114526 0.21699311865764204 0.47106131464809675 1.2158771192207722 1.789532778628266 7.6781239924377944 0.059018513993609356 2.1136204393696962 1.3815783096330143 15.149483804520575 0.57762359030454746 0.073410961789022622 4.4451597929758 1.1053801345944239 193.03405610457176 6.4171583208914162 4.4897530778355472 6564.1971604123901 1.6703849958557864 27.337828599382192 208.96668961226169 34.780617879098827 115.61868592511019 0.88588044374500696 7.0432376857133931 0.78676181193441153
leaf_count=3182320 1870832 52541 76 10 36 730 14 52 199 9501 20809 30 7433 3520 2242 177 18369 1983 80323 1321708 210638 1110951 33 453 16399 16410 2885 23 95 19
internal_value=-0.00114598 -0.0174735 -0.126408 -0.350462 -0.731088 -0.00292674 -0.283742 -0.445339 0.00290849 -0.0334306 -0.0624319 -0.0860244 -0.102397 -0.0214635 0.138038 0.520658 0.00740828 0.13815 0.0065328 -0.0683316 -0.0363278 -0.000763067 0.000376422 0.0738235 -0.00227656 -0.00111223 0.0363371 -0.0276632 -0.173587 -0.529482
internal_weight=11828.2 271.037 31.9294 7.09207 1.05777 239.108 6.03431 1.68694 223.419 24.6171 24.8374 15.6888 13.5752 22.8276 0.710053 0.132429 198.802 1.32237 197.479 24.1273 10.9069 11557.1 6593.21 29.0082 4963.92 4746.24 150.399 217.683 8.71588 1.67264
internal_count=7930811 4912711 4738082 188 46 174629 142 66 114625 13220 4737894 60004 59974 13021 23228 20986 101405 2713 98692 4714666 1532346 3018100 1111437 486 1906663 1890127 19295 16536 137 42
is_linear=0
shrinkage=0.08


Tree=129
num_leaves=31
num_cat=0
split_feature=12 8 10 11 9 3 3 14 3 9 9 10 8 12 10 9 8 9 9 5 13 11 11 8 11 9 4 4 8 1
split_gain=14.3966 59.711 60.6542 16.6366 46.1935 7.64141 12.0248 5.01238 4.416 4.38327 23.4258 4.21905 4.09119 5.81443 3.7606 3.62131 3.98479 3.27396 77.5714 5.61772 2.70844 13.2235 56.7321 41.9857 36.5857 27.0439 24.968 18.6311 17.0227 15.1404
threshold=0.52952801674029304 0.66524822695035468 0.77696478391324952 0.61250000000000016 0.35564339042599913 0.44671201814058964 0.82807881773399028 1.0000000180025095e-35 0.98888888888888904 0.45291082083534923 0.47910429141716571 0.7409997409997412 0.7277982133473464 0.48017467248908302 0.43498389694041878 0.23716258631512874 0.78636627665753889 0.31381341774377919 0.31045191689869356 0.97826086956521752 0.74690314987239714 0.41428571428571431 0.61250000000000016 0.99779735682819404 0.23611111111111113 0.95949851585689738 0.70833333333333337 0.41428571428571431 0.85019685039370085 0.88303693570451447
decision_type=2 2 2 2 2 2 2 2 2 2 2 2 2 2 2 2 2 2 2 2 2 2 2 2 2 2 2 2 2 2
left_child=1 2 8 9 -5 12 -7 11 17 -4 -11 -8 13 14 -3 -14 -17 18 -1 -19 -2 24 23 25 26 -23 29 -26 -28 -22
right_child=20 5 3 4 -6 6 7 -9 -10 10 -12 -13 15 -15 -16 16 -18 19 -20 -21 21 22 -24 -25 27 -27 28 -29 -30 -31
leaf_value=-0.10212438900357734 0.00022388708064887189 0.19674848771840281 -0.18965787853449917 -0.13278361859486898 -1.0120169661446128 -0.095495245749306595 0.086989772632136336 -0.077756814399699462 0.063118141543524089 -0.61649292706552805 -0.16968410136593956 -0.018765681300716552 -0.053128812265526813 -0.10998443359054468 -0.016733021553389359 0.044803602367002267 0.00056389572171142209 -0.074352547276618455 -6.3449749916749356 0.022972128004933801 -0.077763605961117893 -0.056399872648200421 0.0051451475734968681 0.011525487223565745 -0.034154113869305558 0.006888504901838087 -0.070605750726291786 0.028502947258232623 -0.0064998633797904905 0.050288032326852382
leaf_weight=5.2507142175894153 8852.5213729870866 0.56728697357258084 4.4569855958593729 0.84827846663805417 0.69638088491997918 14.496405229351298 5.3220139165250639 3.1017448745928951 1.9662956219235628 1.0923840763139199 2.4029397423228103 4.4188832380095846 7.5298008800577909 5.2174236171871042 7.6450690812814619 13.876367110592751 213.76706188981433 12.872862420171261 0.012769409007929222 5.3829429403514792 6.4597889311844474 272.83599941153079 670.91217473708093 106.47294244263321 33.180611833930016 51.343421433120966 27.182278215885162 358.86331043113023 1072.1197644262575 69.36422052339185
leaf_count=126811 2679451 768 99 18 39 29658 121 188 5614 32 88 46 3958 34380 39233 34928 62600 3960871 16920 890247 86 2086 29530 1399 183 263 122 2098 7468 788
internal_value=-0.000908006 -0.0178947 -0.116358 -0.288921 -0.52917 -0.0054121 -0.0455569 0.0108121 -0.0520534 -0.242255 -0.309324 0.0390146 -0.000997347 -0.0439432 -0.00198631 0.00145512 0.0032606 -0.0616821 -0.11727 -0.0456552 -0.000449584 -0.00268357 -0.00940039 -0.0320609 0.00203769 -0.0463763 -0.00502244 0.0232 -0.008085 0.0393787
internal_weight=11832.2 310.925 34.9826 9.49697 1.54466 275.942 27.339 12.8426 25.4856 7.95231 3.49532 9.7409 248.603 13.4298 8.21236 235.173 227.643 23.5193 5.26348 18.2558 11521.3 2668.73 1101.56 430.652 1567.17 324.179 1175.13 392.044 1099.3 75.824
internal_count=7930093 5206619 5000739 276 57 205880 30013 355 5000463 219 120 167 175867 74381 40001 101486 97528 4994849 143731 4851118 2723474 44023 33278 3748 10745 2349 8464 2281 7590 874
is_linear=0
shrinkage=0.08


Tree=130
num_leaves=31
num_cat=0
split_feature=12 8 10 11 7 5 5 7 7 10 7 8 7 3 3 8 3 1 0 13 13 1 2 13 1 1 11 3 8 8
split_gain=13.2535 57.2872 41.7139 14.7853 58.8471 8.6789 15.5478 86.5202 152.835 8.10231 7.37897 5.51099 4.51541 5.39903 4.33118 3.97086 3.66638 29.6292 31.7551 31.4657 27.9647 26.9031 22.0313 21.6075 21.3155 33.2226 46.8162 25.6144 26.9359 17.4868
threshold=0.51442441054091548 0.66524822695035468 0.78755641521598985 0.61250000000000016 0.3944308050135677 0.3816526610644258 0.38548951048951058 0.50738987986894812 0.50854763296317951 0.693997599039616 0.46920477274294781 0.61298427621980889 0.50396850393700798 0.84327485380116973 0.74179894179894201 0.72141523137580432 0.81016731016731025 0.70135135135135152 0.77871939736346529 0.58227617846191659 0.58227617846191659 0.23904761904761909 0.70320320320320329 0.42112460638776433 0.63245614035087727 0.88303693570451447 0.85416666666666685 0.86811594202898557 0.99779735682819404 0.93377192982456148
decision_type=2 2 2 2 2 2 2 2 2 2 2 2 2 2 2 2 2 2 2 2 2 2 2 2 2 2 2 2 2 2
left_child=1 2 14 10 -5 12 7 9 -9 -7 -4 -12 13 -3 -1 -8 17 19 20 22 23 -18 29 -19 27 26 -26 28 -23 -2
right_child=16 5 3 4 -6 6 15 8 -10 -11 11 -13 -14 -15 -16 -17 21 18 -20 -21 -22 24 -24 -25 25 -27 -28 -29 -30 -31
leaf_value=-0.074164901463414257 -0.0085102469512007683 -0.10487075583910932 -0.16431582448581902 -0.15143633855988223 -1.1316646774777295 0.97446317850833697 -0.049402666948372496 -0.080440912385662366 20.208674496595208 -0.080984331561327935 -0.23715342120738331 -0.51531844926295112 0.062825287735229093 0.037438587715551794 0.052238033708561615 0.0014353856874277928 -0.16831524343080329 0.04783626847190537 -0.0011148019601825096 -0.10173617621109025 0.014879036613475425 0.23560645188151522 0.19263956588661174 0.14753780507236033 -0.0059214704710290819 4.4332692862604287e-05 -0.07995987350626145 0.023699487218795744 -0.077709379439348067 0.0037827730307144324
leaf_weight=20.561081407314791 945.77036463999139 10.370232634168977 4.7038856455188149 1.173796359463801 0.58847954433210325 0.075721643529954613 10.318201605976723 0.005979495937936008 0.0039430813208127802 0.12082833079899 1.1062703818848534 0.77528046532518424 1.5630034316827792 2.0421923124922605 1.894763005116302 209.11363203625376 6.1268948353426813 25.69115260019862 88.815494045728883 19.057246943004429 40.998165509896353 7.6242201601493829 3.8473108380767362 30.341633366866517 171.02909406935947 6663.8871113541845 80.332392624644797 55.039425958913448 2.281612769158528 3413.5134492588249
leaf_count=4712926 1763984 49437 88 21 34 522 42264 9 49 123 29 35 6990 25 25439 75322 540 64748 54847 263 620 1434 553 1444 45417 991677 3223 9804 91 79151
internal_value=-4.19441e-06 -0.0177133 -0.12026 -0.27295 -0.478766 -0.0041918 -0.000302232 0.693585 7.98215 0.325631 -0.217874 -0.351769 -0.0653204 -0.0814569 -0.0634994 -0.000955139 0.000401072 0.00216344 0.0334497 0.0008366 0.0650877 -0.000751256 0.00128462 0.101824 -0.000604176 -0.0010326 -0.0295833 0.0450136 0.16344 0.00111574
internal_weight=11818.8 264.417 30.8036 8.34771 1.76228 233.614 219.638 0.206473 0.00992258 0.19655 6.58544 1.88155 13.9754 12.4124 22.4558 219.432 11554.4 4568.03 185.846 4382.19 97.031 6986.32 4363.13 56.0328 6980.19 6915.25 251.361 64.9453 9.90583 4359.28
internal_count=7931109 4913313 4738572 207 55 174741 118289 703 58 645 152 64 56452 49462 4738365 117586 3017796 1965610 121659 1843951 66812 1052186 1843688 66192 1051646 1040317 48640 11329 1525 1843135
is_linear=0
shrinkage=0.08


Tree=131
num_leaves=31
num_cat=0
split_feature=12 5 5 7 8 8 8 10 11 11 12 8 8 11 10 9 7 11 4 4 5 0 11 8 7 11 8 7 0 5
split_gain=31.9667 185.142 12383.4 443565 402698 20653.1 46.3685 28.6279 8.3678 6.1928 371.38 5.31936 5.12189 5.45088 7.51311 4.88122 9.06979 4.52091 19.157 35.6024 28.2519 30.008 22.0216 36.9426 58.2457 42.6163 35.6117 32.0368 21.4121 28.9198
threshold=0.51442441054091548 0.38548951048951058 0.3816526610644258 0.50854763296317951 0.71649772527735667 0.67507961783439507 0.66524822695035468 0.78755641521598985 0.61250000000000016 0.69047619047619058 0.42598071444225294 0.50753844988256691 0.97081701016294797 0.73214285714285732 0.87864627584253763 0.46920477274294781 0.47731949120838019 0.29285714285714287 0.90000000000000013 0.70833333333333337 0.20942982456140355 0.83484848484848506 0.34848484848484856 0.99779735682819404 0.58191438191438205 0.85416666666666685 0.69177661133967006 0.47893241803763759 0.92450142450142458 0.085144927536231887
decision_type=2 2 2 2 2 2 2 2 2 2 2 2 2 2 2 2 2 2 2 2 2 2 2 2 2 2 2 2 2 2
left_child=1 2 8 -4 5 -5 7 -3 -1 10 -10 -11 -8 14 -14 -9 -17 -2 19 28 -21 -22 26 24 -24 -25 27 -20 -19 -30
right_child=17 6 3 4 -6 -7 12 15 9 11 -12 -13 13 -15 -16 16 -18 18 22 20 21 -23 23 25 -26 -27 -28 -29 29 -31
leaf_value=-0.10025434460884934 -0.0021087832707938278 -0.051445577612113498 -0.080472770372944091 -77.303629194249311 -2117.5572293282689 -493.1761737178432 -0.010379084673443428 -0.20070809862775346 30.297991150023687 0.49213515570896998 -0.080531537933220737 -0.0087469399979677991 0.049870552192843275 -0.00070254005483845982 -0.032182088970808355 -0.52991772847655372 -0.18792717888050839 0.00041539453849016194 0.099540345081777046 0.021195383674708374 -0.04890839877445375 -0.192123294037265 0.046296146518290997 0.00084854501894412104 -0.013925108932341288 0.070970807106868178 0.022910132026015138 0.47111988517640202 -0.01437607522759719 -0.11709032754086048
leaf_weight=14.701992483542559 4528.2939818515651 15.663780917732458 0.17940123476621828 0.0010352958280659399 0.0010955606328479917 0.0029193754453444853 108.01325096912709 6.2755594485810056 0.0026334836939500275 0.13968910288072223 0.11701076691559106 4.7474385736047449 38.605845785366199 67.575314635729711 8.7630331680611544 0.91406197956913304 1.0859293683624458 5485.3977732992907 5.6475739253437487 17.859136212646263 26.587882657040609 14.453768679137282 121.60894618484599 124.06489620175853 664.17132646989194 100.3203312214755 351.82499830418965 2.0147665658369078 83.713067837154085 22.194623772724299
leaf_count=1987947 1674838 2582513 24160 586 29 18 110351 89 2959 120341 8415 66620 3513 2561 946 18 34 1294974 5594 312 352 190 5624 2617 9664 17946 2013 642 1845 484
internal_value=-0.000770466 -0.028148 -0.262929 -20.8952 -760.304 -384.305 -0.00923103 -0.115034 -0.0698345 0.0194909 0.588129 0.00556981 0.00212924 0.0138833 0.0346912 -0.235393 -0.344228 -0.000137979 0.00113333 -0.000924282 -0.0627962 -0.0993448 0.00962154 0.00357016 -0.00460515 0.0321995 0.026626 0.197245 -0.000272501 -0.0359015
internal_weight=11814.9 266.79 19.8932 0.184451 0.00505023 0.00395467 246.897 23.9393 19.7088 5.00677 0.119644 4.88713 222.957 114.944 47.3689 8.27555 1.99999 11548.2 7019.86 5650.21 58.9008 41.0417 1369.65 1010.17 785.78 224.385 359.487 7.66234 5591.31 105.908
internal_count=7928195 4911100 2211075 24793 633 604 2700025 2582654 2186282 198335 11374 186961 117371 7020 4459 141 52 3017095 1342257 1298157 854 542 44100 35851 15288 20563 8249 6236 1297303 2329
is_linear=0
shrinkage=0.08


Tree=132
num_leaves=31
num_cat=0
split_feature=12 8 11 11 3 9 5 5 10 11 8 11 11 8 10 10 14 12 8 10 7 2 13 12 9 12 10 8 9 10
split_gain=101025 5.08817e+06 2.97837e+07 3.19196e+08 3.3725e+08 4.04068e+09 1.10992e+06 55571.5 758601 774155 270467 1.47582e+07 20458.2 10.5262 8.55805 91.9517 12.4745 7.6975 23.8799 29.7461 8.08256 10.952 6.77988 14.909 6.64769 6.36343 58.2121 4.3665 6.42577 4.06958
threshold=0.42598071444225294 0.51550973654066456 0.61250000000000016 0.73214285714285732 0.18465909090909091 0.31381341774377919 0.32945736434108536 0.3816526610644258 0.45010822510822518 0.47222222222222227 0.58212458832597591 0.61250000000000016 0.61250000000000016 0.66524822695035468 0.46188034188034194 0.46037455749685968 1.0000000180025095e-35 0.51442441054091548 0.66524822695035468 0.78755641521598985 0.49404677533664076 0.37590579710144939 1.0000000180025095e-35 0.44783893034825878 0.30315449577744663 0.49238500193274065 0.53528240147958461 0.67867965367965377 0.28043081832687494 0.97339233038348094
decision_type=2 2 2 2 2 2 2 2 2 2 2 2 2 2 2 2 2 2 2 2 2 2 2 2 2 2 2 2 2 2
left_child=1 2 -1 4 6 -6 -4 8 9 -3 11 -10 -12 14 15 -9 -16 18 19 22 25 24 23 -2 -22 -20 -27 28 -15 -19
right_child=17 7 3 -5 5 -7 -8 13 10 -11 12 -13 -14 27 16 -17 -18 29 20 -21 21 -23 -24 -25 -26 26 -28 -29 -30 -31
leaf_value=-0.080712934244662235 0.49040395429052019 -0.080000718442657506 -2240.5864741099272 -0.080008944687765399 -1084.5859277931318 -156826.66127276997 -62.188294208632847 -0.081064549191325913 -0.080574990366940311 -2690.3860302541907 -0.086933683753109198 -7047.1673422635276 -18.339707032901948 0.48253170830349978 0.18446419407144937 -8.1872078485446984 -0.15686959677810788 -0.0013175140276399646 0.0016762364236603269 -0.26501270976476476 -0.15818490997650134 -0.11655664845380813 -0.080559089412544416 -0.0077954002528621861 -0.0097949185130118098 1.7755823418570524 0.048218188907113532 -0.0093582059410940843 -0.079780050634401592 0.0024916735655332351
leaf_weight=1.0929859775997601 0.42072407052239036 0.0013703559249490537 0.0018565904566908041 0.17143177964403011 0.0079655883760615838 0.0012309131272427798 0.0077267296409343359 0.096846697552263397 0.093958910603158585 0.0013678436724746637 1.4203980619841883 0.0019412218423333063 0.54332673506076612 0.28131133814874698 0.80141985780192904 0.0098685384870209475 4.7269567117016704 9347.1655171837101 104.58902119166892 5.1781269038013447 2.0279720743772875 8.4275518719096976 9.6447951571452837 4.4568539055191696 40.893232609760275 0.12929912057300974 3.6373466668166672 75.352999244997903 0.24190479684405974 2221.6386024403582
leaf_count=1523691 177337 4988 52 116106 195 4453 1240 15446 28105 2608 24181 3600 4804 1230 7931 836 59208 2983774 74764 136 483 3098 2386023 394928 31936 463 1980 40120 3637 33519
internal_value=-0.0207071 -2.77112 -160.865 -1084.76 -10986.2 -21930 -484.213 -0.34373 -13.3128 -1344 -11.5437 -142.729 -5.13714 -0.0155936 -0.121086 -0.830684 -0.107388 -0.000841016 -0.017285 -0.100386 -0.0070339 -0.0331776 -0.041687 0.0351777 -0.0168062 0.00535536 0.107514 -0.00775904 0.222551 -0.000586009
internal_weight=11833.1 84.8569 1.2832 0.190212 0.0187798 0.0091965 0.00958332 83.5737 2.06236 0.0027382 2.05962 0.0959001 1.96372 81.5113 5.63509 0.106715 5.52838 11748.2 179.405 19.7005 159.704 51.3488 14.5224 4.87758 42.9212 108.356 3.76665 75.8762 0.523216 11568.8
internal_count=7930872 1842431 1645737 122046 5940 4648 1292 196694 68286 7596 60690 31705 28985 128408 83421 16282 67139 6088441 3071148 2958424 112724 35517 2958288 572265 32419 77207 2443 44987 4867 3017293
is_linear=0
shrinkage=0.08


Tree=133
num_leaves=31
num_cat=0
split_feature=12 5 8 8 0 0 7 12 5 5 12 8 8 8 8 1 5 7 3 13 11 11 13 11 8 7 13 3 12 10
split_gain=23.8445 47.0636 25.69 14.8245 23.8688 89.1608 17.2892 28.6477 8.4832 87.3382 840.196 7.46151 718.739 7.08822 5.27017 16.636 28.0585 23.1424 16.0766 18.5061 15.4187 13.1805 17.8741 19.9596 14.5703 10.9203 32.3926 18.299 9.78535 7.85081
threshold=0.42965856481481485 0.50531914893617025 0.67507961783439507 0.82938069012026527 0.08452380952380957 1.0000000180025095e-35 0.39036004645760747 0.41056117113977003 0.54653679653679665 0.54226190476190483 0.33395291201982658 0.54909996785599502 0.54583651642475173 0.55051025667456976 0.92012269938650315 0.89725545390570038 0.97826086956521752 0.86377084454007547 0.64932432432432441 0.47148664343786301 0.30384615384615393 0.16025641025641027 0.58227617846191659 0.34848484848484856 0.68304757304998809 0.65846083926677779 0.17806920536917997 0.83935483870967753 0.43187153222364499 0.59725364504776279
decision_type=2 2 2 2 2 2 2 2 2 2 2 2 2 2 2 2 2 2 2 2 2 2 2 2 2 2 2 2 2 2
left_child=1 3 11 -1 5 -5 -6 -8 9 -4 -11 12 -3 -13 15 16 18 20 28 -20 -18 25 24 -24 -23 26 -17 -27 -2 -19
right_child=14 2 8 4 6 -7 7 -9 -10 10 -12 13 -14 -15 -16 21 17 29 19 -21 -22 22 23 -25 -26 27 -28 -29 -30 -31
leaf_value=-0.12111580984313458 0.76003702263767337 -0.04928655259232774 -0.082097532694536041 -0.080204419651881742 -0.21617016892775615 8.4266598287036434 -1.14169954250948 -0.25027594893705218 -0.0005774604626116737 74.953119642531476 -0.080249125520280504 -0.9533692056372074 57.529122125682072 -0.18282296681112903 0.0012063530262054936 0.00091292282962654903 -0.058170219225437816 0.16251127146399136 0.0047680874553118089 -0.0518658423888953 0.0048944841760520724 0.062746974936131322 0.028888689857069189 -0.018173047732455653 0.016510939403622513 0.22917832203934704 -0.021445817617703856 0.010820567235780967 -0.051308647654962777 -0.057971374034781351
leaf_weight=15.639709121585156 0.095198267308886808 1.6433132307442919 0.085667466143939344 0.048815996898292233 2.1613129606380381 0.0094043167839611003 0.39901293574630525 0.5470739062444373 78.418649759680235 0.0010661956292779004 0.009166718881251798 0.077379503317380194 0.0013886687273741974 6.0643810612036866 7273.4313739458112 2051.2618245311041 25.921550492395795 1.0550453304313112 109.62925327447016 55.682310982730996 579.46066491516478 52.280814482666983 83.005386436998407 189.00863078029826 263.31369529050062 2.4770694730395908 519.77863923802852 291.96854208179138 145.30880419819977 50.810825515072793
leaf_count=1111397 68204 795592 994 89 4590 32 1199 1396 36076 24 154 1097 1231 43009 171653 47456 313700 14 204606 2460 593852 35372 798 2816 2912 98 916301 2847 3567971 872
internal_value=-0.000458636 -0.0383924 -0.0134033 -0.153072 -0.310951 1.29391 -0.341019 -0.626235 0.000342132 0.752301 7.73768 -0.152005 -0.00067146 -0.192531 -0.000117699 -0.002296 -0.0115648 -0.00219981 -0.0313745 -0.0143081 0.00219415 0.00030222 0.0112168 -0.00381211 0.0241703 -0.00193596 -0.00360727 0.0126575 -0.0507774 -0.0534864
internal_weight=11799.6 105.106 86.301 18.8053 3.16562 0.0582203 3.1074 0.946087 78.5146 0.0959004 0.0102329 7.78646 1.6447 6.14176 11694.5 4421.06 967.964 657.248 310.716 165.312 605.382 3453.09 587.609 272.014 315.595 2865.49 2571.04 294.446 145.404 51.8659
internal_count=7928812 1996880 878177 1118703 7306 121 7185 2595 37248 1172 178 840929 796823 44106 5931932 5760279 4751679 908438 3843241 207066 907552 1008600 41898 3614 38284 966702 963757 2945 3636175 886
is_linear=0
shrinkage=0.08


Tree=134
num_leaves=31
num_cat=0
split_feature=12 8 8 9 7 7 5 5 7 8 9 9 12 8 8 12 7 8 5 14 11 3 12 12 8 9 9 9 2 7
split_gain=8806.05 376557 8.99954e+06 4.85791e+08 33877.7 44586.3 176.621 70122.5 807444 18.7244 8.4988 348.145 8.44891 26.7613 10.6874 39.4732 15.9076 8.33498 8.33201 6.97283 6.5074 5.73573 5.59033 23.6961 6.84779 5.41841 5.28611 4.67522 4.6565 3.82806
threshold=0.42965856481481485 0.54909996785599502 0.54583651642475173 0.28782428602572491 0.42672245467224551 0.40316329082270574 0.54653679653679665 0.54226190476190483 0.33395291201982658 0.64720090934924701 0.28782428602572491 0.29340579710144932 0.51332166012020275 0.66524822695035468 0.64375688867894831 0.45843495934959355 0.45766928071506879 0.82938069012026527 0.3816526610644258 1.0000000180025095e-35 0.61250000000000016 0.64932432432432441 0.48497743391360421 0.48592850731295217 0.53218407812962421 0.41542177629134153 0.30315449577744663 0.33399734395750341 0.36882591093117417 0.50335630941118181
decision_type=2 2 2 2 2 2 2 2 2 2 2 2 2 2 2 2 2 2 2 2 2 2 2 2 2 2 2 2 2 2
left_child=1 2 -1 4 5 -4 7 17 -9 10 19 -12 13 14 22 16 -16 -3 -15 -8 -19 -17 24 -24 -2 28 29 -28 -11 -20
right_child=12 6 3 -5 -6 -7 9 8 -10 25 11 -13 -14 18 15 21 -18 20 26 -21 -22 -23 23 -25 -26 -27 27 -29 -30 -31
leaf_value=-0.054472831618581276 -0.038568084017506457 -0.11396615717840854 -278.07968702659741 -45794.925692899553 -3.8896394073848839 -45.130000336781123 0.51846840559196217 -2265.0153675269166 -0.080229540587431536 -0.010755674147360976 -28.293648628039833 -0.24426956255641827 0.0002424021503018481 -0.073345396520179226 -1.468327202228183 -0.1392749483799402 -4.1788322561322513 -0.14342336543725803 -0.032409310770683125 -0.088001245215981946 -0.28173820157101948 -0.82688666923785847 1.8709907571631477 -0.056368613573828136 -0.18070713878256964 0.051097096155519807 0.05611091820080974 -0.0015049501264432841 0.19153167271907745 -0.16352726353382788
leaf_weight=2.0396519511184819 3.2240078985268701 14.652860992379667 0.0074818641398244267 0.0015110870870503465 0.060375589586328715 0.017694737492648653 0.13302376653251102 0.0010949539903804218 0.012590943854310232 68.741433959342856 0.0028355083431804698 2.2896672066700807 11551.850685009957 10.960604200731664 0.05279878778632735 0.69024440372747387 0.018788756767630643 4.340702707457976 5.3759565811922618 1.3803018135805027 4.3672132084674766 0.087479108243044834 0.041004521643084213 9.3552676688299634 6.6303147937458649 11.310025932746965 9.7178332477274676 124.37785246483324 0.73608473722123235 1.9390793519643876
leaf_count=1853775 1792202 54535 58 2758 4 17 640 98 412 38579 958 28542 3043483 37791 3911 15256 127 5846 2751 5825 1762 291 23407 650758 296675 3519 5625 61291 245 210
internal_value=-0.00670724 -0.718852 -34.055 -830.592 -36.3983 -114.357 -0.0622082 -0.256861 -181.289 -0.00842253 -0.181832 -0.278963 -2.00071e-05 -0.0175958 -0.10436 -0.382086 -2.17972 -0.150804 -0.00615036 -0.0346916 -0.212791 -0.216618 -0.0921069 -0.0479578 -0.134204 -0.000253349 -0.000942144 0.00267044 -0.00861253 -0.0671662
internal_weight=11834.4 110.095 2.12672 0.0870633 0.0855522 0.0251766 107.968 23.3745 0.0136859 84.5934 3.80583 2.2925 11724.3 172.471 20.0999 0.849311 0.0715875 23.3608 152.371 1.51333 8.70792 0.777724 19.2506 9.39627 9.85432 80.7875 141.411 134.096 69.4775 7.31504
internal_count=7931351 1997573 1856612 2837 79 75 140961 62653 510 78308 35965 29500 5933778 2890295 2782627 19585 4038 62143 107668 6465 7608 15547 2763042 674165 2088877 42343 69877 66916 38824 2961
is_linear=0
shrinkage=0.08


Tree=135
num_leaves=31
num_cat=0
split_feature=12 5 5 9 8 13 0 0 5 3 8 12 7 5 8 7 10 8 8 9 7 10 9 10 11 8 5 12 0 13
split_gain=22.93 51.5705 76.0126 883.035 17.4401 10.3249 116.231 7.0618 28.5908 16.152 24.0941 15.2472 310.31 668.793 15.0898 27.1035 14.8081 658.188 14.0888 54.2343 391.671 15.0758 12.7232 11.2533 10.7385 9.64238 21.7447 12.4312 8.7433 7.56961
threshold=0.42881858625803271 0.54226190476190483 0.54653679653679665 0.28782428602572491 0.66524822695035468 0.1114118227274503 0.26158232359230227 0.21132376395534294 0.58898944193061853 0.43826219512195125 0.99779735682819404 0.43187153222364499 0.43168636896650087 0.44058823529411767 0.97081701016294797 0.98496155585707845 0.39662296950698211 0.69597423510466994 0.65636927480916041 0.28043081832687494 0.45766928071506879 0.78755641521598985 0.64108698319224644 0.75054585152838438 0.73214285714285732 0.99779735682819404 0.92546296296296304 0.71463077984817136 0.26158232359230227 0.28429465084087474
decision_type=2 2 2 2 2 2 2 2 2 2 2 2 2 2 2 2 2 2 2 2 2 2 2 2 2 2 2 2 2 2
left_child=1 -1 3 -3 5 -4 -7 8 11 10 16 12 -2 -14 23 -16 17 -9 19 20 -10 -21 29 -13 -18 26 -20 -27 -24 -12
right_child=7 2 4 -5 -6 6 -8 9 18 -11 22 14 13 -15 15 -17 24 -19 25 21 -22 -23 28 -25 -26 27 -28 -29 -30 -31
leaf_value=-0.14221472759242981 -0.080504458672923412 76.785527971061001 -0.12569069980449926 -0.080204198610881475 0.0010145210381103666 -10.459030263263273 -0.081098216310071539 -0.080368307457081484 35.629099467640145 -0.00069152132751856962 0.031390300358248524 -0.059441169526450344 -0.08005096444822811 79.679611972958483 0.081976775305485652 0.017206943786982197 -0.060366157846198566 53.835090731561067 -0.043462246185342453 -0.028302162451872909 -0.080312760889953608 -0.17732170123649382 0.0091728944328848191 0.021903707860806945 -0.018170957602791686 0.01140419613977906 0.0073424160298481353 -0.0063099893855523906 -0.018366722552540196 0.14871689048696005
leaf_weight=23.473631357174142 0.052804822998867143 0.0010407780871345704 6.1807092704195723 0.011814549555490411 78.781418311859014 0.0075924224167628054 0.076489467952552542 0.061972059374647351 0.0022403206429685877 7638.8159785131384 21.072274597056097 18.488168244988692 0.0020438790766973266 0.0010030136903314002 64.186507057936979 116.21051685512066 88.602651222635217 0.0014838124823536155 55.817054923523301 18.487600998961561 0.016041700846684156 5.6796550289049739 118.3903809376061 26.464100630984454 68.4005785443712 311.44438543633441 1583.9897714777362 1363.7345710998634 195.80382471717894 4.2249565867241463
leaf_count=1151619 11673 214 696746 8836 39895 336 72019 30289 623 2180215 3070 462215 432 187 2711 549 1664531 33 80061 1047241 581 302 1569 17044 189008 6128 247277 9211 3174 84
internal_value=-0.000638912 -0.0372411 -0.00827161 6.14291 -0.00920141 -0.137669 -1.0182 -0.000299378 0.00266983 -0.00160036 -0.0155815 0.0302462 1.35189 26.1762 0.0299186 0.0402525 -0.0414894 1.18036 0.000808334 -0.060029 4.2956 -0.0633239 -0.0035951 -0.0115522 -0.0419832 0.00125219 0.00561309 -0.00301662 -0.00798962 0.0509853
internal_weight=11808.5 108.533 85.0591 0.0128553 85.0462 6.26479 0.0840819 11700 3564.58 8135.37 496.558 225.405 0.0558517 0.00304689 225.349 180.397 157.067 0.0634559 3339.17 24.1855 0.018282 24.1673 339.491 44.9523 157.003 3314.99 1639.81 1675.18 314.194 25.2972
internal_count=7927873 1969665 818046 9050 808996 769101 72355 5958208 1886235 4071973 1891758 494811 12292 619 482519 3260 1883861 30322 1391424 1048747 1204 1047543 7897 479259 1853539 342677 327338 15339 4743 3154
is_linear=0
shrinkage=0.08


Tree=136
num_leaves=31
num_cat=0
split_feature=7 1 10 9 10 9 5 10 9 8 7 10 7 5 8 11 7 10 13 11 10 2 7 11 8 13 8 10 10 7
split_gain=187.314 3152.22 1.07328e+06 2.07191e+06 130308 3.41497e+06 3.75061e+06 38154.6 100578 36485.5 1222.74 45.0974 2706.25 3887.53 34.7132 15.792 30.0867 30.2644 14.4603 32.7959 21.6333 18.0831 12.9371 11.1137 10.2328 9.59519 7.44731 54.2589 203.312 7.29751
threshold=0.46521120075937361 0.38956639566395668 0.35329985652797707 0.31045191689869356 0.40091324200913248 0.28782428602572491 0.60922587486744451 0.43415952672378627 0.28782428602572491 0.3438495222929937 0.43168636896650087 0.39258070064789868 0.6292920562583485 0.69309262166405039 0.59529346622369894 0.85416666666666685 0.46679636835278859 0.56615139804501025 0.16849512586640189 0.47222222222222227 0.47320036115899206 0.85053191489361712 0.4509237220899921 0.41428571428571431 0.70023041474654379 0.47148664343786301 0.59748178650617689 0.51173812410448594 0.51075393154486604 0.46596425419240961
decision_type=2 2 2 2 2 2 2 2 2 2 2 2 2 2 2 2 2 2 2 2 2 2 2 2 2 2 2 2 2 2
left_child=1 2 3 -1 5 6 -4 8 -6 -9 -7 12 29 -14 15 -13 17 -17 -3 20 -20 22 -21 -22 -23 -18 27 28 -16 -2
right_child=11 18 4 -5 7 10 -8 9 -10 -11 -12 14 13 -15 26 16 25 -19 19 21 23 24 -24 -25 -26 -27 -28 -29 -30 -31
leaf_value=-4265.292106428099 0.49277225411427139 0.0015575814154770995 -551.60680874968943 -0.08000138333396617 -95.907340557718868 -0.08002250653827557 -5625.4459804246135 -417.29517969244125 -6.0814175925605607 -0.19711758515245897 -23.116534451182311 -0.044805408273336983 -75.779325183813413 -0.080387293180941913 0.96970709264291188 -0.080152947602943267 -0.064357962461334739 4.5746875722305598 -0.074256235947612034 -0.046723891088973908 -0.017154019899458386 0.10061696050535622 0.097503530658077042 -0.56889459745819981 0.027123730489364114 -0.23170356648628168 0.0012323083053101304 -0.080572652772108469 18.531218518827675 -0.12114660165057912
leaf_weight=0.0011066247815348586 0.13642505945228478 2074.7589362218182 0.0026102730712724625 0.0021354803839335524 0.09517098945645297 0.097822905511234889 0.0014505681450061106 0.0013422330490006065 0.49321896284276978 157.36291768475266 0.017363722948255472 35.042506179170687 0.0073977060537295794 0.010510867172711991 0.22854792563816029 0.018633255985699315 3.4711676299978347 0.017182609691748896 53.317434384650397 22.619768619546559 230.40090052193312 21.790419617271709 4.8303231821469188 0.23388780252471875 27.33524881581252 5.9543629015679471 9202.3506514757137 0.87290269217229544 0.0042984494924382935 1.3516178443849902
leaf_count=5670 386 130035 4390 4842 7979 203664 3830 3274 675471 2276497 54576 1687598 30 19 6352 4869 174864 325 915126 55807 153660 4212 16304 8 881 88 1505681 17441 149 17157
internal_value=-0.00448232 -0.0234832 -0.36967 -1455.92 -0.339816 -83.936 -2364.03 -0.276704 -20.6106 -0.200675 -3.55264 0.000845141 -0.436904 -31.3502 0.000916424 -0.0695676 -0.161281 2.153 -0.00101216 -0.0158004 -0.0283305 0.0306626 -0.0213446 -0.0177135 0.0597227 -0.170075 0.00125725 0.208861 1.2939 -0.064862
internal_weight=11842.8 2593.36 158.075 0.00324211 158.072 0.119247 0.00406084 157.953 0.58839 157.364 0.115187 9249.47 1.50595 0.0179086 9247.96 44.5039 9.46135 0.0358159 2435.29 360.528 283.952 76.5758 27.4501 230.635 49.1257 9.42553 9203.46 1.10575 0.232846 1.48804
internal_count=7931185 4516226 3240193 10512 3229681 266460 8220 2963221 683450 2279771 258240 3414959 17592 49 3397367 1867744 180146 5194 1276033 1145998 1068794 77204 72111 153668 5093 174952 1529623 23942 6501 17543
is_linear=0
shrinkage=0.08


Tree=137
num_leaves=31
num_cat=0
split_feature=12 8 5 0 5 7 5 7 9 7 8 7 8 9 0 5 5 5 11 8 5 12 8 8 7 9 12 8 9 7
split_gain=1386.13 44042.7 43285.8 371593 738766 1.5782e+06 95943.3 166254 12696.3 602727 1180.37 2958.66 528664 82479.8 1140.27 161.096 4363.11 21723.8 95.5916 148.204 74.6466 65.9355 818.504 13888.6 6490.79 4518.63 1088.28 30.4676 930.846 14327.7
threshold=0.44930728468364944 0.54328123884963964 0.58898944193061853 0.17467581998474449 0.44058823529411767 0.43168636896650087 0.45889639639639646 0.43168636896650087 0.28043081832687494 0.42881858625803271 0.65636927480916041 0.42965856481481485 0.64375688867894831 0.27151675485008825 0.19433516915814322 0.58434959349593507 0.54226190476190483 0.54653679653679665 0.13392857142857145 0.58411460615088073 0.53752345215759856 0.60126709170375736 0.59748178650617689 0.59529346622369894 0.51382517838939867 0.53601509332255248 0.50831031307550656 0.65636927480916041 0.27151675485008825 0.45766928071506879
decision_type=2 2 2 2 2 2 2 2 2 2 2 2 2 2 2 2 2 2 2 2 2 2 2 2 2 2 2 2 2 2
left_child=1 2 3 4 -1 -6 14 -8 9 -4 11 18 13 -13 -5 16 20 -18 19 -3 -12 22 23 -2 26 -26 -25 28 29 -24
right_child=21 10 8 6 5 -7 7 -9 -10 -11 15 12 -14 -15 -16 -17 17 -19 -20 -21 -22 -23 27 24 25 -27 -28 -29 -30 -31
leaf_value=-0.080000810676966183 -0.058764214844830111 -19.817663439237712 -0.080615496050305796 -31.046213700573759 -125.8878664034403 -2352.7290741743368 -42.996923644308616 -316.94103606248069 0.024914971889070017 -1760.9704716361084 -0.14801259634364886 -210.39130701434419 -1698.1071698910466 -1.4212732468750588 -0.080344695511095771 0.012813132282867774 -115.57408631008573 -3.3844016873411618 -0.19210567933062855 -0.080466829931521794 -6.1910102487025753 0.00017386252505488826 -244.28458195588308 -6.6507131540012416 -20.154201343507058 -2.1205566072417064 -0.76850656579881449 0.0011707467819022225 -0.096650275544302999 -0.080527126743222086
leaf_weight=0.015189987474440772 27.291512671324433 0.0040532224239653563 0.056444705040791465 0.0077503825884814295 0.0057230126183766437 0.0031623925904497785 0.095074057209743296 0.016663456214470768 0.76234246765843117 0.0012720831730446127 19.09128246624427 0.012163949258765183 0.0011778374546534956 1.9396179508152305 0.42200648389032158 86.228266378854059 0.012468183680261147 0.096847449246492912 6.6316185204763656 0.0060979305910294507 0.013091305258355557 11267.121641564156 0.0016379711930272689 0.47619202357223134 0.36950970089661006 0.11710640558769292 0.34870452106327376 396.96372726550862 11.28773073082278 0.025098039647542487
leaf_count=94032 2478086 420 11801 46983 39385 13775 195486 66980 919805 324 32251 260 2171 44197 1217896 48227 255 1712 84056 526 351 1835013 105 5392 10741 5647 972 365910 406719 184
internal_value=-0.00372916 -0.279607 -14.4565 -31.4827 -339.015 -918.44 -17.8095 -83.8503 -2.71402 -38.8908 -0.107347 -1.00885 -3.74611 -2.72362 -0.638794 -0.0338643 -0.243346 -16.1804 -0.20398 -7.96127 -0.152154 -0.00100852 -0.031502 -0.445207 -8.48677 -15.8143 -4.16416 -0.0025188 -0.131965 -15.0416
internal_weight=11819.4 115.422 1.38563 0.56557 0.0240754 0.00888541 0.541494 0.111738 0.820059 0.0577168 114.037 8.59473 1.95296 1.95178 0.429757 105.442 19.2137 0.109316 6.64177 0.0101512 19.1044 11704 436.881 28.603 1.31151 0.486616 0.824897 408.278 11.3145 0.026736
internal_count=7929662 2820893 2606467 1674537 147192 53160 1527345 262466 931930 12125 214426 131630 46628 44457 1264879 82796 34569 1967 85002 946 32602 5108769 3273756 2500838 22752 16388 6364 772918 407008 289
is_linear=0
shrinkage=0.08


Tree=138
num_leaves=31
num_cat=0
split_feature=12 8 5 5 8 9 7 12 5 8 8 7 11 7 5 7 9 12 8 12 9 8 7 13 3 14 13 3 12 11
split_gain=128.878 2181.89 18371.5 101020 1030.08 2485.95 18386.3 17739.9 440.571 17355.2 294.57 1938.09 1896.21 490.34 76.159 183.187 14.2693 7.41276 39.0736 51.8296 941.475 11.4867 45.8205 6.13246 10.1725 4.33634 4.16945 8.87941 3.42254 10.3994
threshold=0.45174787420704554 0.39588620981387485 0.58898944193061853 0.38548951048951058 0.58212458832597591 0.29857499831160944 0.42965856481481485 0.38903903903903908 0.57294832826747732 0.55051025667456976 0.64375688867894831 0.45009225092250926 0.38750000000000007 0.42965856481481485 0.62622549019607854 0.43168636896650087 0.39511150935882122 0.5310234488275587 0.66524822695035468 0.45259316173645797 0.36525709747865792 0.5932608871948748 0.50988204046558872 0.2038265368377383 0.93095238095238109 1.0000000180025095e-35 0.20192729789964206 0.82807881773399028 0.53242081659347862 0.5277777777777779
decision_type=2 2 2 2 2 2 2 2 2 2 2 2 2 2 2 2 2 2 2 2 2 2 2 2 2 2 2 2 2 2
left_child=1 2 3 -1 5 6 7 -3 9 -7 11 13 -13 -6 15 -12 -10 18 19 20 -2 -21 -23 26 -25 -26 -20 -28 29 -19
right_child=17 4 -4 -5 10 8 -8 -9 16 -11 14 12 -14 -15 -16 -17 -18 28 23 21 -22 22 -24 24 25 -27 27 -29 -30 -31
leaf_value=-0.080000492699434794 -79.620004009374782 -53.34387619891195 -0.080400249754106298 -748.22504740800264 -0.17370316776811925 -0.84494306871582792 -196.08771810724116 -0.63042748548419869 0.36785078996752779 -178.14108194524749 -0.12255053938973166 -154.48293453663436 -0.080000964188095713 -1.9783989017069958 0.018462272534872533 -1.8297929931442907 -0.13415422101581551 0.1930177263481431 0.0016637051002019287 -0.062085015988814884 -0.080001418650333528 -0.11107497908834355 -0.63387921699860883 -0.11169973001193105 0.10308506120277158 -0.091013978007268598 -0.080774762410639966 1.1182558714838979 0.0010101370797880027 -0.030852482911882757
leaf_weight=0.0068324409979483572 0.0010057830900928591 0.045059870937242008 0.069244752427783579 0.0013901041323967087 4.2502988939474307 0.20916590204610647 0.0032629533196227292 0.43827562789596575 0.52943908594837297 0.0035942722186636513 17.662727251014836 0.0010362497749173876 0.0010005486904620196 1.2460070634591485 90.364254265683172 0.41161347259001502 1.1484521661094644 2.3138999911725309 151.31985234639058 11.2395307939003 0.017942627653425303 7.7620086495212943 1.2449964802723634 7.631326659494702 2.6881829829799244 1.0147006208935638 0.097511276306561423 0.066474463499616832 11487.773640057496 3.1167425086942036
leaf_count=67827 3046 32061 58496 29520 36427 1601450 2978 11094 424376 30593 32207 1033 630 16367 51954 10364 521348 21255 117760 1981706 28085 97282 69444 5764 41 42 482 3 2674564 2870
internal_value=-4.92461e-05 -0.0838146 -13.5054 -126.561 -0.0748756 -1.72305 -6.82245 -5.54474 -0.410618 -3.8401 -0.040487 -0.611739 -78.6347 -0.582826 -0.0115219 -0.16143 0.0242476 0.000785745 -0.0151849 -0.119941 -4.30199 -0.116027 -0.18334 -0.00214624 -0.0589064 0.0498961 0.00210062 0.405273 0.00104015 0.0645346
internal_weight=11792.7 116.392 0.0774673 0.00822255 116.314 2.37725 0.486598 0.483335 1.89065 0.21276 113.937 5.49834 0.0020368 5.49631 108.439 18.0743 1.67789 11676.3 183.084 20.2655 0.0189484 20.2465 9.00701 162.818 11.3342 3.70288 151.484 0.163986 11493.2 5.43064
internal_count=7931069 2928725 155843 97347 2772882 2623900 46133 43155 2577767 1632043 148982 54457 1663 52794 94525 42571 945724 5002344 2303655 2179563 31131 2148432 166726 124092 5847 83 118245 485 2698689 24125
is_linear=0
shrinkage=0.08


Tree=139
num_leaves=31
num_cat=0
split_feature=12 8 7 12 10 8 9 9 7 8 10 5 7 12 4 5 13 4 8 0 5 7 10 13 13 3 5 0 4 2
split_gain=39.6828 229.536 480.295 6207.07 22548.2 34871.7 2094.66 74.8432 329.535 418.73 272.89 65.0285 2689.52 43592.9 7.09574 34.5803 21.6218 15.1404 42.5782 19.3286 20.5379 14.9502 14.1584 22.8432 16.149 14.1498 11.9446 9.29016 44.7224 24.6958
threshold=0.44321253071253081 0.64720090934924701 0.43168636896650087 0.43187153222364499 0.63185164985001374 0.48369053047575622 0.30315449577744663 0.29857499831160944 0.42827748383303949 0.62084711069122978 0.44491129785247435 0.62622549019607854 0.43168636896650087 0.43254274682846111 0.90000000000000013 0.11882352941176472 0.58227617846191659 0.70833333333333337 0.86162029459901812 0.91106719367588951 0.35388994307400384 0.80109890109890125 0.61863086850107551 1.0000000180025095e-35 0.17124351155435166 0.93933823529411764 0.085144927536231887 0.93178294573643416 0.30952380952380959 0.81165540540540559
decision_type=2 2 2 2 2 2 2 2 2 2 2 2 2 2 2 2 2 2 2 2 2 2 2 2 2 2 2 2 2 2
left_child=1 2 7 4 5 -4 -5 8 10 -10 -1 12 -3 -14 17 -16 25 22 -19 20 -20 -18 23 26 -25 -17 -2 29 -29 -24
right_child=14 11 3 6 -6 -7 -8 -9 9 -11 -12 -13 13 -15 15 16 21 18 19 -21 -22 -23 27 24 -26 -27 -28 28 -30 -31
leaf_value=-8.4654889146157863 0.055016833893109997 -0.11831670798366886 -45.326392736299795 -15.628525612124982 -0.080766232422417913 -634.90158433360955 -0.11769644515474094 -0.11816336837816099 -0.080095140499026538 -61.298061225370837 -0.5695603413559216 0.010522928695873963 -411.59681544817721 -0.080034560056543982 0.00050717035753380523 0.23659545562262818 0.38649707347950518 0.13187511739849941 -0.083435252851747355 0.053318614147274838 0.029618992502061958 0.10007325699834761 -0.0022005431468338521 -0.098723095556395579 -0.02924461137821821 0.012275973713313956 -0.0075197537233705029 0.049890956848364504 -0.05057638878042546 0.016954462325448814
leaf_weight=0.028623389944036348 20.841660053302689 17.500023381316403 0.0017680967585677466 0.061093291473583111 0.0094451801765522703 0.0010081572774465904 0.63374284975881368 4.6335461645982177 0.0015792470638497083 0.0013068047870039567 1.3137725952106381 81.497045739628064 0.0017496247614349437 0.028220026032149657 5099.6950903905727 1.8809084794702347 1.2213694888632769 8.934277361287057 64.01359175471589 9.9424302712432091 12.252361244987695 25.865995802974794 5368.9879650253642 25.744079632796158 127.18905337230576 41.675920949313877 314.69312350183372 39.826161432192748 98.464567418370279 468.33959099525237
leaf_count=33651 3564 30864 3488 2562 43 1794 458679 1951351 635 35 34474 46004 468 4948 778515 76 34 2001 916 174 186 552 789488 2008177 1056460 6981 701036 1176 1360 11180
internal_value=-0.00137879 -0.0501742 -0.503853 -2.47557 -58.9935 -259.422 -1.48148 -0.270677 -0.795978 -27.7996 -0.737922 -0.0195437 -0.159324 -24.1043 -0.000939023 0.00127721 0.0568649 -0.00268598 -0.0343669 -0.0515956 -0.0652727 0.112988 -0.00221967 -0.015315 -0.0409403 0.0219627 -0.00363531 -0.00114921 -0.0216429 -0.000663702
internal_weight=11835.3 105.713 6.68589 0.707058 0.0122214 0.00277625 0.694836 5.97883 1.34528 0.00288605 1.3424 99.027 17.53 0.0299697 11729.6 5170.34 70.6442 6559.23 95.1427 86.2084 76.266 27.0874 6464.09 488.468 152.933 43.5568 335.535 5975.62 138.291 5837.33
internal_count=7930872 2568996 2486712 466566 5325 5282 461241 2020146 68795 670 68125 82284 36280 5416 5361876 786158 7643 4575718 3277 1276 1102 586 4572441 3769237 3064637 7057 704600 803204 2536 800668
is_linear=0
shrinkage=0.08


Tree=140
num_leaves=31
num_cat=0
split_feature=12 8 12 7 11 7 8 5 5 10 7 5 8 8 10 8 12 3 7 11 12 5 12 5 8 11 1 4 0 5
split_gain=18.4727 114.096 70.0936 89.1493 106.988 574.395 91.4891 184.704 99.8253 36.7577 31.4166 29.5172 23.865 12.1254 10.4295 91.4043 8.55202 8.23389 7.93753 121.306 5.48741 7.56881 118.273 3.95411 2.37658 25.0222 95.5588 20.6061 91.4939 43.242
threshold=0.51442441054091548 0.64720090934924701 0.44723117645517207 0.42965856481481485 0.13392857142857145 0.40841383378806878 0.5932608871948748 0.97826086956521752 0.13484848484848486 0.51075393154486604 0.51244834710743814 0.41277890466531447 0.59529346622369894 0.59748178650617689 0.43147574819401452 0.61024906501153831 0.44783893034825878 0.84327485380116973 0.50396850393700798 0.17424242424242428 0.49700555854402012 0.43019480519480524 0.49640213283636181 0.97826086956521752 0.99779735682819404 0.85416666666666685 0.97617697107203638 0.11805555555555557 0.62145593869731808 0.90550595238095244
decision_type=2 2 2 2 2 2 2 2 2 2 2 2 2 2 2 2 2 2 2 2 2 2 2 2 2 2 2 2 2 2
left_child=1 2 3 4 5 -1 8 -8 -5 -6 14 17 -12 -14 15 -4 -16 18 -3 -20 21 22 -13 -23 -2 27 -27 29 -29 -26
right_child=24 11 10 6 9 -7 7 -9 -10 -11 12 20 13 -15 16 -17 -18 -19 19 -21 -22 23 -24 -25 25 26 -28 28 -30 -31
leaf_value=-0.080074629052613325 0.0016178820183506742 -0.11250945245947885 0.069432140446380727 -8.2666052933853642 -0.66875670649607932 -54.933481814644374 -0.38605524883330755 -2.8915267293262183 -0.11360464962005638 -0.13869570040207119 -0.080543624951202472 0.1647293901267991 -1.6020640172028942 -0.080352848404442623 0.55902549254859102 7.5859667980852219 -0.11021443777331452 0.074467326106753828 9.9007253021026358 0.029391180901336921 -0.023298023837913347 -0.028529972618449334 9.987025184321686 0.014524385934824231 0.041381188320142454 -0.0011620962398324122 0.058184219879222211 -0.12781515423973244 -0.011698169309735017 -0.012882927407638923
leaf_weight=0.0075285680342336214 8232.3319312556469 21.128642122116563 1.3294634357143185 0.0097720599850913414 1.0487431313685318 0.0014584306537716108 0.39698860783432283 0.35824446330473697 0.58451988404576183 4.152757294708894 0.16840555874549443 0.62035256483163337 0.18979995136542691 0.040699256171437825 0.1231982139021025 0.010435347613148793 15.14157171693811 1.8628193787513385 0.0080154382620195586 1.3258574249604216 34.151477806004266 14.950497560589154 0.0079463429057824442 157.17956601127713 126.78882251511868 2018.2018927343811 189.99220306111965 47.249807539046742 537.07286351724179 363.26226657547522
leaf_count=19128 2950254 59946 265267 106487 1682603 10643 7662 2872 581384 237389 32352 2347 349 4474 19488 1094 1744839 25 537 8592 20837 35636 18 66353 5419 22385 24586 613 9156 3802
internal_value=0.000420685 -0.0208854 -0.188585 -0.410725 -0.260636 -8.98181 -0.990214 -1.57452 -0.247666 -0.245568 -0.102883 -0.0037963 -0.804468 -1.33338 -0.0860288 0.127972 -0.104813 -0.0871571 -0.100561 0.0887095 0.00600401 0.0117965 0.288956 0.0107849 0.000892142 -0.000927937 0.00394404 -0.0109415 -0.0210877 0.0011566
internal_weight=11769.7 254.799 23.5636 6.56001 5.21049 0.008987 1.34953 0.755233 0.594292 5.2015 17.0036 231.235 0.398905 0.230499 16.6047 1.3399 15.2648 24.3253 22.4625 1.33387 206.91 172.758 0.628299 172.13 11514.9 3282.57 2208.19 1074.37 584.323 490.051
internal_count=7926537 4910322 4716031 2648168 1949763 29771 698405 10534 687871 1919992 2067863 194291 37175 4823 2030688 266361 1764327 69100 69075 9129 125191 104354 2365 101989 3016215 65961 46971 18990 9769 9221
is_linear=0
shrinkage=0.08


Tree=141
num_leaves=31
num_cat=0
split_feature=12 5 8 8 5 9 9 9 9 10 14 11 8 12 8 2 12 10 8 8 10 10 12 11 8 2 0 7 9 4
split_gain=67.0911 117.308 46.4119 23.0467 102.881 29.0534 15.376 31.1405 40.1776 18.9833 102.32 9.27629 7.59652 271.251 7.03788 37.9263 6.34274 4.90926 4.83049 4.49666 4.05063 4.67371 3.49524 4.43015 3.33963 2.58324 39.621 27.5967 25.4835 18.5005
threshold=0.52193151212004618 0.62622549019607854 0.66524822695035468 0.45951696377228296 0.54226190476190483 0.28782428602572491 0.27151675485008825 0.31381341774377919 0.30692752553217673 0.5750816993464053 1.0000000180025095e-35 0.73214285714285732 0.6349958624840143 0.34802018633540377 0.50753844988256691 0.15535444947209656 0.50335630941118181 0.77696478391324952 0.958456607495069 0.75882841711674287 0.75054585152838438 0.7595917966833482 0.41565737633153371 0.30384615384615393 0.67867965367965377 0.81165540540540559 0.81557067271353001 0.65846083926677779 0.69037083860092718 0.90000000000000013
decision_type=2 2 2 2 2 2 2 2 2 2 2 2 2 2 2 2 2 2 2 2 2 2 2 2 2 2 2 2 2 2
left_child=1 3 6 4 -1 -6 9 8 -8 -3 -11 12 13 -5 15 -13 22 -9 -16 -14 -18 -22 24 -24 -4 29 27 28 -27 -2
right_child=25 2 16 11 5 -7 7 17 -10 10 -12 14 19 -15 18 -17 20 -19 -20 -21 21 -23 23 -25 -26 26 -28 -29 -30 -31
leaf_value=-0.080508572183524973 -0.0015119353138119307 0.06383392196074486 0.23444883637582575 -11.197537653959822 -4.4254062068907238 -0.08013037482864023 -0.34803705268311869 -0.059169493309527282 -3.8334292494666311 9.9375573708417626 -0.080905935515081615 3.6112876426354883 -0.089333000752806285 -0.17539808815614449 -0.09756392014336443 -0.080601326621727878 -0.044169126701982489 -0.14584858518331981 0.027937049246531311 -0.12749718357771495 0.18769409156169609 -0.0024389009046742907 -0.050731084892024658 0.0082708414735359233 0.026455422037616499 -0.0045237548924009115 0.00060122239901933894 0.082717121685788889 2.1097904006021322 0.033710431693203126
leaf_weight=0.26717222533256929 5589.9172965895341 1.8213788996234681 0.49859611409286841 0.014320633282143613 0.053257749929917643 0.012081916369294031 3.0265686401646108 10.111340004178777 0.021316126254945611 0.0079854626452942196 0.035658350981082929 0.021669811053186092 36.477535407775108 6.5881747869816625 4.0023684339125003 0.099937305538850288 24.278672982857678 7.1311183181637139 3.8517326287641982 43.109857934740049 0.87883484580470472 14.143315112155211 8.7765284041374354 113.10161667779617 54.301319107704863 38.972064258210594 5758.8488570608533 64.416466449205473 0.036518009816062569 97.096775338381121
leaf_count=997733 1942511 11659 3368 13210 1394 108453 34444 1507205 12140 80 1204 6374 73570 1963852 109090 97836 14360 123 1803 31828 163 1664 12230 35755 28280 24378 880206 2002 8 13869
internal_value=-0.00071602 -0.0361381 -0.00621048 -0.111556 -0.776408 -3.62192 -0.116481 -0.136687 -0.372413 0.103343 1.75216 -0.109208 -0.116846 -0.199305 -0.026666 0.577276 0.0051012 -0.0950181 -0.0360169 -0.110005 -0.0239667 0.00868437 0.0115672 0.00402207 0.0283478 0.000304176 0.00148261 0.0505592 -0.00254443 -0.000910569
internal_weight=11881.9 332.632 238.134 94.4981 0.332512 0.0653397 22.1554 20.2903 3.04788 1.86502 0.0436438 94.1656 86.1899 6.6025 7.97571 0.121607 215.979 17.2425 7.8541 79.5874 39.3008 15.0221 176.678 121.878 54.7999 11549.3 5862.27 103.425 39.0086 5687.01
internal_count=7930792 5067818 1662675 3405143 1107580 109847 1566855 1553912 46584 12943 1284 2297563 2082460 1977062 215103 104210 95820 1507328 110893 105398 16187 1827 79633 47985 31648 2862974 906594 26388 24386 1956380
is_linear=0
shrinkage=0.08


Tree=142
num_leaves=31
num_cat=0
split_feature=12 5 8 9 8 7 7 12 9 3 2 14 9 12 0 8 9 5 2 12 8 10 9 10 12 8 8 8 9 5
split_gain=59.3242 83.7164 55.1205 25.3849 23.3556 87.0169 18.0884 8.63973 25.74 8.28275 10.4793 5.2107 8.8756 9.88126 6.58739 4.70385 14.1296 4.95141 4.21851 3.96134 12.8339 9.58943 7.48547 10.9557 5.12187 5.99225 8.81669 39.8124 4.34289 12.2113
threshold=0.51442441054091548 0.62361111111111123 0.66524822695035468 0.31381341774377919 0.62405673758865265 0.44321253071253081 0.45402089205770196 0.44783893034825878 0.47546715579502469 0.84327485380116973 0.71563342318059309 1.0000000180025095e-35 0.36402157164869037 0.51203864734299531 0.41223155929038285 0.6349958624840143 0.30315449577744663 0.41042780748663105 0.22903981264637005 0.51575637206223124 0.87260524710189158 0.8597311034595837 0.45291082083534923 0.50920383963862237 0.53863716192483324 0.66524822695035468 0.59529346622369894 0.59748178650617689 0.41614617682430077 1.0000000180025095e-35
decision_type=2 2 2 2 2 2 2 2 2 2 2 2 2 2 2 2 2 2 2 2 2 2 2 2 2 2 2 2 2 2
left_child=1 9 3 4 6 -6 -3 8 -5 10 15 12 13 -4 -14 16 -1 -17 -9 20 21 22 -2 -24 25 26 -21 -28 29 -27
right_child=19 2 11 7 5 -7 -8 18 -10 -11 -12 -13 14 -15 -16 17 -18 -19 -20 24 -22 -23 23 -25 -26 28 27 -29 -30 -31
leaf_value=-0.38953098701611383 -0.080370754556131227 -0.16521479758758617 0.065595717192857089 0.001132816294553465 -0.33897379047457243 -2.1239769905783432 1.2345191597599143 -0.11009226904834424 2.161652737084629 0.049538973413856845 -0.66517011611235621 -0.0056835556055090134 -0.0055260778919684461 0.90323298804605667 0.16767118338347789 -0.10725994697062469 -0.11287427280189753 -0.043152691176623445 -0.30157227050955743 -0.058229997103964579 -0.032724552624173051 1.2363081868618711 1.443122732314887 0.2616901736413898 -0.00020340142870575243 1.0964660270524917 -1.5479119701754236 -0.081431132001499512 -0.027747828227779964 0.020956100683109199
leaf_weight=1.4600761522123455 0.41611169419284944 2.0647452343210695 17.583972053004743 3.1786889122098412 1.937357613377251 0.19211821541692975 0.060827369858435065 10.595045259470616 0.0356878977344669 2.2108557214854576 0.21498150345985223 146.92763780852601 36.255753604743333 0.090596623649718988 1.4621141368688757 66.499621571990772 6.1919432206729876 8.7220511870237498 0.79136476649879384 2.7404863917356432 2.6827493137170677 0.060704973875544854 0.052523441893433609 1.1528124627773124 11510.816802367759 0.067972332658297385 0.14711113444295021 0.60877024846835459 47.538699285231814 11.23367994381308
leaf_count=51253 9545 52356 4863 817280 3296 611 3797 547624 37277 2680 517 78230 6579 27 34 77996 3108116 31750 89149 290923 286 6 4718 12527 2570783 330 4856 74351 38987 11092
internal_value=-0.00121815 -0.0359585 -0.00999272 -0.140813 -0.312758 -0.500014 -0.125159 -0.0907034 0.0251202 -0.103286 -0.107353 0.00219946 0.023109 0.0698893 0.00118783 -0.105906 -0.165663 -0.0998266 -0.1234 -0.000298513 0.0758992 0.249136 0.212177 0.313172 -0.000327252 -0.0231969 -0.124949 -0.366841 -0.0171507 0.0274246
internal_weight=11884 306.475 221.176 18.8558 4.25505 2.12948 2.12557 14.6008 3.21438 85.2995 83.0887 202.32 55.3924 17.6746 37.7179 82.8737 7.65202 75.2217 11.3864 11577.5 4.3649 1.68215 1.62145 1.20534 11573.2 62.3367 3.49637 0.755881 58.8404 11.3017
internal_count=7931839 4913435 1641123 1551390 60060 3907 56153 1491330 854557 3272312 3269632 89733 11503 4890 6613 3269115 3159369 109746 636773 3018404 27082 26796 26790 17245 2991322 420539 370130 79207 50409 11422
is_linear=0
shrinkage=0.08


Tree=143
num_leaves=31
num_cat=0
split_feature=12 5 8 8 9 2 8 8 3 7 7 13 8 8 8 11 11 10 5 9 10 8 8 3 4 2 5 5 7 11
split_gain=41.2323 101.132 43.6228 13.0149 12.7534 35.5439 8.11354 892.389 7.88635 6.92186 14.4652 5.61786 11.3408 11.035 12.1267 31.7833 29.5973 7.47186 16.1953 6.09656 5.28591 7.2837 5.18383 18.4329 52.8654 27.2977 27.0017 24.1129 14.0262 49.1358
threshold=0.51442441054091548 0.62622549019607854 0.66524822695035468 0.54909996785599502 0.30315449577744663 0.20761494252873566 0.44713189623675559 0.44621741894469175 0.84327485380116973 0.44489428699955019 0.44321253071253081 0.74690314987239714 0.79377196171089315 0.9476726498326743 0.99779735682819404 0.85416666666666685 0.41428571428571431 0.90033112582781472 0.19139194139194141 0.95949851585689738 0.81505071950931851 0.99779735682819404 0.99779735682819404 0.60232558139534886 0.22500000000000003 0.17467581998474449 0.8426212590299279 0.95180023228803723 0.70777873811581682 0.080128205128205135
decision_type=2 2 2 2 2 2 2 2 2 2 2 2 2 2 2 2 2 2 2 2 2 2 2 2 2 2 2 2 2 2
left_child=1 6 3 9 5 -5 7 -1 20 10 -3 22 -13 17 16 -16 -15 18 -14 -19 21 -8 28 24 27 -25 -27 -24 -2 -30
right_child=11 2 -4 4 -6 -7 8 -9 -10 -11 -12 12 13 14 15 -17 -18 19 -20 -21 -22 -23 23 25 -26 26 -28 -29 29 -31
leaf_value=-0.080505377624580973 -0.00063333218274836301 0.059314789881995844 0.0094815754641482137 -0.26262839978631575 -0.11039987551719926 -3.3454208456685466 -0.10922898489964608 -72.169706762687838 0.04714430425139416 -0.096148499163633064 1.3679515089740475 -0.10226591055247243 0.00057600158502863733 -0.0010583293787486492 -0.0088164113487922812 0.032316806592859168 -0.024749869765031952 0.01507017447534025 -0.17104083586850868 0.13222320014452232 -0.19447550853178627 0.010210704123576211 0.012580052153469671 -0.13479549751185649 0.24993234157977484 -0.01748571778032874 0.068822699252734584 -0.0050571796037690098 0.051590464558212784 0.0042238903143860061
leaf_weight=0.11357807289810841 3763.0205593582614 2.5066353278573619 201.82157980691608 3.6233442640626801 11.013856629227927 0.024095436636192846 71.99615576373354 0.0011097284572495333 2.1321684076037846 2.6932422095981421 0.055250311751296244 7.3585516326129428 378.78578810114413 942.48286483343691 375.10963273828384 176.93233836005675 525.7258816966787 270.53968439158052 3.552249955944716 2.8730674292892209 4.3527613460661589 3.4230031866530188 731.42124527995475 12.075298051233402 5.4562690691091111 443.43753840461432 24.479465977288783 1541.9559713182971 149.73814026966284 2191.9321572645731
leaf_count=780651 2742192 793867 89092 10084 159423 754 2492205 19045 1014 538847 21290 47 2883 4719 6750 20738 6756 2253 48 18 4051 2671 14052 68 50 12635 213 11591 2852 189364
internal_value=-0.000645221 -0.0297395 -0.00166519 -0.11462 -0.153338 -0.282994 -0.105638 -0.778046 -0.104697 -0.00660134 0.0875372 0.000120144 -0.00308691 -0.00281419 -0.00574104 0.004367 -0.00954163 0.00620292 -0.00101847 0.0163012 -0.108755 -0.103808 0.00109106 -0.00178689 0.00121425 -0.0160352 -0.0129704 0.000617306 0.00239165 0.00725275
internal_weight=11850.6 303.757 221.738 19.9164 14.6613 3.64744 82.0188 0.114688 81.9041 5.25513 2.56189 11546.9 2683.36 2676 2020.25 552.042 1468.21 655.751 382.338 273.413 79.7719 75.4192 8863.52 2758.83 2278.83 479.992 467.917 2273.38 6104.69 2341.67
internal_count=7930223 4912994 1613357 1524265 170261 10838 3299637 799696 2499941 1354004 815157 3017229 44212 44165 38963 27488 11475 5202 2931 2271 2498927 2494876 2973017 38609 25693 12916 12848 25643 2934408 192216
is_linear=0
shrinkage=0.08


Tree=144
num_leaves=31
num_cat=0
split_feature=12 5 8 5 10 10 8 12 10 12 3 12 10 11 8 12 2 1 5 4 7 5 1 0 1 4 2 11 4 3
split_gain=46.3069 80.1419 47.7551 17.5477 157.445 513.517 10.2876 9.12109 646.102 7.84104 6.86701 4.80902 4.3429 7.33625 4.51447 425.263 4.14326 28.9599 26.283 20.8572 16.035 15.2755 20.3238 27.7425 16.2424 14.7063 29.1201 26.19 14.5243 30.6446
threshold=0.51442441054091548 0.57979626485568769 0.66524822695035468 0.58434959349593507 0.63839776246129276 0.6349958624840143 0.53218407812962421 0.44723117645517207 0.44758574758574765 0.44783893034825878 0.84327485380116973 0.50093632958801504 0.9201769911504426 0.16025641025641027 0.62694634933440918 0.34802018633540377 0.81165540540540559 0.82480818414322254 0.32945736434108536 0.90000000000000013 0.56675579322638159 1.0000000180025095e-35 0.8164983164983165 0.72902097902097918 0.88117647058823534 0.63333333333333341 0.69883720930232562 0.85416666666666685 0.36666666666666675 0.98888888888888904
decision_type=2 2 2 2 2 2 2 2 2 2 2 2 2 2 2 2 2 2 2 2 2 2 2 2 2 2 2 2 2 2
left_child=1 10 6 4 5 -4 -3 8 -8 -9 12 -5 14 -14 15 -1 18 -18 21 25 -21 -2 23 -23 -24 26 -20 -27 29 -19
right_child=16 2 3 11 -6 -7 7 9 -10 -11 -12 -13 13 -15 -16 -17 17 28 19 20 -22 22 24 -25 -26 27 -28 -29 -30 -31
leaf_value=-34.264773688177016 0.0092125797685011206 -0.017042738441224791 -0.080032184596014966 0.0077563061439492997 -0.081081989994327003 55.163464870326145 -52.097096967782761 0.47954980760195748 -0.2346918334599139 -0.12547965789840124 0.035061865578176601 -0.031439213550746199 -0.55329955230801597 -0.10660001946641963 -0.097523199418877146 -0.15566406049011242 0.052932928140337565 -0.012630452107825985 0.00035379240910118594 0.009693104207767058 0.10563582815683659 -0.020439872784211159 -0.11054154838142914 0.03632640693634049 -0.032723515305871323 -0.0048301745716562688 0.040377767744278086 -0.054529983774981021 0.0015017965035102013 -0.15681854415887472
leaf_weight=0.0023402296603877151 140.65789267534001 3.9614121961301541 0.0042007419079948044 179.85982592804402 0.045360200386225118 0.0014481321462938013 0.0015378416663888164 0.13914417375527399 4.925173041335797 9.2783100685582802 2.2858015034543504 22.545013492729055 0.37118015029603513 0.6427672311918734 68.858048906914718 6.2785288117417384 68.631718711256326 234.43054089865927 4233.7979346215934 23.682711595520232 21.065135408789502 558.94909494369131 25.508376139084703 61.124435258612721 52.488183697779732 398.01150285550375 119.62830283937092 81.806273216978298 5526.4298054634601 9.829075608207857
leaf_count=61488 88865 1418616 387 82769 240 8 7341 860 63486 209267 2468 10525 6 625 113180 2941694 15707 16798 1185094 4234 408 648440 17951 9722 13699 132590 7394 1595 875379 146
internal_value=-0.00103091 -0.0321038 -0.00742394 0.00376438 1.48738 14.0821 -0.131164 -0.162681 -0.25088 -0.11654 -0.101564 0.00339048 -0.105665 -0.270125 -0.103446 -0.168373 -0.000226391 0.00127243 -0.00175735 0.000491932 0.0548583 -0.0148391 -0.0196853 -0.0148441 -0.0581735 -1.14106e-05 0.00145362 -0.0133037 0.00065802 -0.0184326
internal_weight=11855.2 299.2 220.761 202.456 0.0510091 0.00564887 18.3056 14.3442 4.92671 9.41745 78.4387 202.405 76.1529 1.01395 75.1389 6.28087 11556 5839.32 5716.72 4877.99 44.7478 838.728 698.07 620.074 77.9966 4833.24 4353.43 479.818 5770.69 244.26
internal_count=7930982 4912960 1793499 93929 635 395 1699570 280954 70827 210127 3119461 93294 3116993 631 3116362 3003182 3018022 908030 2109992 1331315 4642 778677 689812 658162 31650 1326673 1192488 134185 892323 16944
is_linear=0
shrinkage=0.08


Tree=145
num_leaves=31
num_cat=0
split_feature=12 5 5 5 12 9 11 10 7 3 11 9 12 7 7 10 5 10 10 10 9 2 13 10 12 13 10 3 3 4
split_gain=41.0245 92.0436 63.0199 1024.72 9451.79 882.234 8.53256 8.66049 7.40213 5.66754 4.71495 10.4623 141.235 432.95 8.721 9.25996 7.07278 170.941 5.35128 6.59901 3.4069 3.05171 2.91397 2.41515 1.9217 1.5119 36.8501 9.79972 14.4957 23.8385
threshold=0.51442441054091548 0.62361111111111123 0.57979626485568769 0.58434959349593507 0.46284600671262049 0.51382517838939867 0.85416666666666685 0.70944863875543362 0.33809621011090701 0.89827586206896559 0.47222222222222227 0.5930633520449079 0.51203864734299531 0.51244834710743814 0.45259316173645797 0.59725364504776279 0.62622549019607854 0.90033112582781472 0.64477279263733112 0.52316636851520582 0.44090254847176369 0.13446327683615819 0.15505559119722664 0.41686413902053715 0.49904214559386978 0.19048945298771233 0.44399641577060939 0.45773809523809533 0.82807881773399028 0.22500000000000003
decision_type=2 2 2 2 2 2 2 2 2 2 2 2 2 2 2 2 2 2 2 2 2 2 2 2 2 2 2 2 2 2
left_child=1 2 6 4 -4 -6 9 24 -9 21 11 14 -13 -14 15 -3 17 -12 19 -18 -20 -1 -11 -16 -8 -2 -27 -28 -29 -30
right_child=25 10 3 -5 5 -7 7 8 -10 22 16 12 13 -15 23 -17 18 -19 20 -21 -22 -23 -24 -25 -26 26 27 28 29 -31
leaf_value=-0.1773338130975004 0.0010110780916868286 -0.070868641126766066 -167.26993512729376 -0.090652178494354183 -2.0111930387517982 -76.260475510302982 -0.13447223976609141 -0.14287192254768202 0.17799493941618977 0.22989269135076579 -0.084168956681810736 -0.080102141003941321 46.795224814490723 -0.080025747577553222 -0.21225122382629338 0.035896020269326007 -0.036776723456308523 14.314820145279132 -0.016243167556877911 0.042924826415764721 0.01034549091241161 -0.10584858023695656 -0.055669989157417506 -0.057837805249358311 -0.011970672793345096 -0.068343317754051225 -0.010462308504316887 0.012716896516202588 0.028709275991690934 -0.0017246329179451065
leaf_weight=4.0685485882227814 5527.9414289645147 7.2999121217071758 0.0023924891690026073 0.70580869258740786 0.041445550576219563 0.0010501379055984769 2.2535477482791251 0.60046183265246633 1.968964897742747 0.46767269565232616 0.10443843827360311 0.078511902879493792 0.0017066570629609102 0.0048296799152784294 0.66683152740848939 18.066671356093977 8.3357968422853457 0.0055574782163603223 82.097453683773978 32.846286036874702 49.401431727551284 63.07030461214255 0.44756092507419787 23.287320670510528 1.2879682514016515 51.288050875049521 545.32527188676613 581.97044609775003 170.75821996462764 4657.1857731696118
leaf_count=106861 1430385 660196 15543 128637 6669 751 237194 605 2536 216 8851 1459 24 133 25075 21797 412572 6 15883 110439 7248 2745859 1091 378062 25954 724031 263152 243169 12957 343908
internal_value=-0.000699709 -0.0300511 -0.106736 -0.836041 -12.5563 -3.84601 -0.0993538 -0.00880074 0.10301 -0.107485 -0.00419614 -0.0259898 0.860546 12.1592 -0.0275186 0.00517164 0.0020353 0.643331 0.0016268 0.0267922 -0.00625435 -0.110181 0.0902489 -0.0621363 -0.0899212 5.63433e-05 -0.00082232 -0.000240812 0.000789526 -0.000648224
internal_weight=11831.6 297.112 74.9157 0.750697 0.0448882 0.0424957 74.165 6.11094 2.56943 68.0541 222.197 49.4058 0.0850482 0.00653634 49.3207 25.3666 172.791 0.109996 172.681 41.1821 131.499 67.1389 0.915234 23.9542 3.54152 11534.5 6006.53 5955.24 5409.91 4827.94
internal_count=7931263 4913661 3271916 151600 22963 7420 3120316 266289 3141 2854027 1641745 1086746 1616 157 1085130 681993 554999 8857 546142 523011 23131 2852720 1307 403137 263148 3017602 1587217 863186 600034 356865
is_linear=0
shrinkage=0.08


Tree=146
num_leaves=31
num_cat=0
split_feature=7 9 5 8 7 11 7 7 11 8 0 13 3 11 10 10 8 10 10 7 3 11 9 11 7 9 9 8 10 7
split_gain=5.92983 153.18 509.282 5585.4 103223 799.758 4465.34 35.1095 31.58 23.8272 21.3847 13.8126 36.4825 34.2784 8.44645 8.44423 9.17947 7.26786 90.5539 761.228 529.011 102.028 13.5582 9.73924 38.8264 6.38781 6.18265 5.66575 5.20299 4.86225
threshold=0.51521767897313764 0.5930633520449079 0.65571120689655182 0.6349958624840143 0.51116093672147489 0.38750000000000007 0.51116093672147489 0.50335630941118181 0.47222222222222227 0.62694634933440918 0.710394265232975 1.0000000180025095e-35 0.5629401408450706 0.10555555555555557 0.43256237006237014 0.53866082104424085 0.87260524710189158 0.51173812410448594 0.51075393154486604 0.6003802281368823 0.39696969696969703 0.85416666666666685 0.49390153205414256 0.47222222222222227 0.51658072872119465 0.55106575963718829 0.28043081832687494 0.83939594356261038 0.38117386489479516 0.51382517838939867
decision_type=2 2 2 2 2 2 2 2 2 2 2 2 2 2 2 2 2 2 2 2 2 2 2 2 2 2 2 2 2 2
left_child=1 7 27 4 -4 6 -5 11 10 17 -9 -1 -13 -14 28 29 -17 18 26 21 -21 -20 23 -19 -25 -12 -2 -3 -11 -10
right_child=9 2 3 5 -6 -7 -8 8 15 14 25 12 13 -15 -16 16 -18 22 19 20 -22 -23 -24 24 -26 -27 -28 -29 -30 -31
leaf_value=0.0011302352625203759 0.43123405114531194 -0.078035036112063791 -0.080186841810767837 -0.080077350770329569 -728.93384771069077 -0.081380948974335038 -53.767167912113258 -0.10699391938452188 -0.097788943731099975 -0.67154566633523727 -0.033666672270078753 -0.10508266580230878 -0.024949640325508313 0.017784901590523851 0.0004263940084939548 0.098906705985432372 0.0037259511656429624 -0.031006585535045626 -0.53952272548230062 -0.080011826194625005 -36.412096703784442 -9.336573235861799 -0.078430787893816287 3.5030925270664897 0.15173496125367888 0.1128551283570364 -0.081241515694960964 0.42429605414030419 -0.11555600397452193 0.19965561898391723
leaf_weight=2256.0411140726324 0.15380627642170974 2.3638435099694743 0.022271255564346282 0.058925413269242145 0.0013171365000146365 0.54826835362114601 0.011920919338839785 48.581448741881516 4.800554913747674 0.11214429972362294 33.539211928364352 26.286993795221179 310.61037499843599 195.88580681548967 8903.9868649944347 9.620059545469994 19.89802055776363 3.0988644676175445 0.40050225289300456 0.0042019901657113223 0.0065831930455715337 0.0086193430335015364 19.250677867363787 0.022326446882544704 2.4408227254261203 2.0188932790197205 7.3738689028607762 0.15300135610686982 2.7308598498994607 0.37953443262302489
leaf_count=1034281 219 6941 1406 540 188 634 124 173924 55289 153 8760 3480503 947359 261585 1109411 31025 1655 88910 4571 85 67 450 389707 1506 45662 643 274318 5 4345 6390
internal_value=-0.000889271 -0.00402541 -0.560753 -2.57068 -40.7782 -1.11497 -9.11371 -0.00342045 -0.0460062 0.000131889 -0.0724895 -0.00160579 -0.0131913 -0.00842219 0.000382373 0.0182131 0.0347457 -0.0679695 -0.134549 -1.2779 -22.2568 -0.724858 -0.0466439 0.0633735 0.182112 -0.0253476 -0.0707706 -0.0474979 -0.137487 -0.0759958
internal_weight=11850.4 2910.82 3.15955 0.642703 0.0235884 0.619115 0.0708463 2907.66 118.838 8939.59 84.1396 2788.82 532.783 506.496 8906.83 34.6982 29.5181 32.7603 7.94758 0.419907 0.0107852 0.409122 24.8127 5.56201 2.46315 35.5581 7.52768 2.51684 2.843 5.18009
internal_count=7930656 6011252 9838 2892 1594 1298 664 6001414 277686 1919404 183327 5723728 4689447 1208944 1113909 94359 32680 805495 279710 5173 152 5021 525785 136078 47168 9403 274537 6946 4498 61679
is_linear=0
shrinkage=0.08


Tree=147
num_leaves=31
num_cat=0
split_feature=12 5 5 7 9 13 13 12 11 7 9 7 10 9 5 2 2 12 11 5 11 7 13 9 11 3 7 1 1 12
split_gain=30.7051 80.0825 56.6166 553.201 302.874 591.151 133.251 9.70566 5.92061 11.3265 11.7435 9.26523 11.0508 8.69903 5.29376 18.5549 1408.52 213.889 4.72155 4.77446 4.42266 14.0055 13.701 24.5222 16.3551 27.3451 22.996 13.1154 15.8942 17.0709
threshold=0.51442441054091548 0.62622549019607854 0.62361111111111123 0.28012738853503194 0.50510257211288145 0.13757140469864429 0.091430348534997916 0.50396850393700798 0.47222222222222227 0.40749517289801657 0.30315449577744663 0.50093632958801504 0.73481681829358247 0.38559619644497278 0.53752345215759856 0.12599206349206352 0.12372448979591839 0.33395291201982658 0.85416666666666685 0.16869918699186995 0.29285714285714287 0.59776361819090462 0.35200574712643684 0.44251553379777825 0.85416666666666685 0.86811594202898557 0.37525510204081636 0.88303693570451447 0.98979591836734704 0.86499057196731621
decision_type=2 2 2 2 2 2 2 2 2 2 2 2 2 2 2 2 2 2 2 2 2 2 2 2 2 2 2 2 2 2
left_child=1 2 14 -4 6 -6 -5 8 9 13 -11 -10 -13 -3 18 16 -16 -17 -1 -20 27 22 23 -22 25 -24 -26 -2 29 -29
right_child=20 7 3 4 5 -7 -8 -9 11 10 -12 12 -14 -15 15 17 -18 -19 19 -21 21 -23 24 -25 26 -27 -28 28 -30 -31
leaf_value=-0.10099970712287296 -0.022400806620263773 0.013626880992045723 -46.022497156047983 -4.3123327676219754 -0.080007315483002717 -72.976245764672441 -0.10293602108536141 -0.056596031201678193 0.0070899168675258931 -0.15709272857593726 -0.028099179604234487 0.052549350777981944 0.62549202340705767 0.21096014295331209 -0.087795305857604117 16.850898854107644 -57.357384801072413 -0.18609755554261423 0.10840551792727626 -0.06608453014131388 -0.028231292735625 -0.00059896096945330751 0.19034067240568875 0.018744240968106732 0.29945229306272741 0.033465487717714265 -0.018766074835529493 -0.080690229807186889 -0.0025334180398035072 0.04369844080890576
leaf_weight=57.128920612371509 208.18770536081411 11.584898817976677 0.0017413021518948293 0.05539669337988451 0.0020300535900257721 0.0010965709036994766 0.36688263129880838 20.54748639506721 153.10159555154027 5.444200978221768 26.518571456534623 0.59508839884102727 0.33772776664955018 1.6310024966174967 0.17085871388295831 0.0047250795250327595 0.0027934238432135152 2.4773581895648018 1.3390453677092002 4.006304529285809 110.38301648633484 6529.3150329883611 7.4414459206159327 199.95030133713811 1.4943969156302035 160.3023042241548 52.963991371896554 7.7692717414111021 4200.175431658 77.469728005009529
leaf_count=2689401 674897 174554 57 13420 1120 321 12600 75267 513108 6832 727923 5091 23 110272 27848 4392 5159 294424 82490 168532 175510 575639 2249 575418 140 10763 2593 5361 980902 14537
internal_value=-0.0014701 -0.027396 -0.104996 -1.02302 -0.838823 -25.6462 -0.655146 -0.00424718 0.00115225 -0.0243135 -0.0500706 0.00862142 0.259984 0.0379802 -0.0989748 -0.209596 -1.00905 -0.153665 -0.0942724 -0.0223736 -0.000829958 0.000418507 0.0128935 0.00203543 0.0280581 0.0404248 -0.0100338 -0.00279196 -0.00183935 0.0323608
internal_weight=11840.8 285.318 65.5572 0.427147 0.425406 0.00312662 0.422279 219.761 199.213 45.1787 31.9628 154.034 0.932816 13.2159 65.13 2.65574 0.173652 2.48208 62.4743 5.34535 11555.5 7061.85 532.535 310.333 222.202 167.744 54.4584 4493.6 4285.41 85.239
internal_count=7930843 4912834 3299764 27518 27461 1441 26020 1613070 1537803 1019581 734755 518222 5114 284826 3272246 331823 33007 298816 2940423 251022 3018009 1342312 766673 750928 15745 13012 2733 1675697 1000800 19898
is_linear=0
shrinkage=0.08


Tree=148
num_leaves=31
num_cat=0
split_feature=12 8 5 5 8 8 8 8 5 8 12 5 7 5 8 10 7 9 8 8 10 14 9 8 10 8 3 10 8 8
split_gain=1830.63 301.626 662.485 5599.7 10475.3 9223.98 584.1 295.478 658.299 36.537 31.3921 62.6732 61.6707 931.352 28.4283 16.0825 11.9946 16.6412 5.16731 6.59012 4.94926 4.86606 10.439 18.8017 7.63981 13.9548 4.08188 5.25688 2.97406 2.66178
threshold=0.33395291201982658 0.66524822695035468 0.62361111111111123 0.58434959349593507 0.81974597548368056 0.89492086860507924 0.7277982133473464 0.99779735682819404 0.54653679653679665 0.80104166666666676 0.51835016835016845 0.63211600429645554 0.51789271485486632 0.57979626485568769 0.68304757304998809 0.51173812410448594 0.34401753304568189 0.31381341774377919 0.54909996785599502 0.39739344540669053 0.87864627584253763 1.0000000180025095e-35 0.25828395874478827 0.85019685039370085 0.43732923497267767 0.67867965367965377 0.84327485380116973 0.9201769911504426 0.39588620981387485 0.40080321285140569
decision_type=2 2 2 2 2 2 2 2 2 2 2 2 2 2 2 2 2 2 2 2 2 2 2 2 2 2 2 2 2 2
left_child=1 15 3 7 6 -6 -5 9 -9 -3 11 12 26 -14 16 28 -13 -18 19 -17 -16 22 -4 -24 25 -23 27 -2 -1 -21
right_child=10 2 21 4 5 -7 -8 8 -10 -11 -12 14 13 -15 20 18 17 -19 -20 29 -22 24 23 -25 -26 -27 -28 -29 -30 -31
leaf_value=-0.14728379909100292 -0.097650969581141694 -0.15045541383204578 -0.053566004463308232 -1.3755373591814415 -7.0947197859151245 -30.612976464201306 -3.6408679386423057 -0.14300307515820007 -2.8863100413140792 -0.30957297032988751 -0.00037118622459886898 0.12565554247447422 -0.08002892696981817 -79.557015166905657 0.0065191102760265452 -0.19087589546757167 -0.26010963637690676 -0.075489999673230376 -0.15495051419517697 -0.41700912094766923 -0.037782494703033472 1.7628776289892036 0.64962990074336435 0.087289850169126271 -0.024225206571627456 -0.081432539183483754 0.020783292647346196 -0.29263865639138109 -0.17581424079965252 -0.27571296185010058
leaf_weight=52.123790124736139 59.602478549811444 28.438799690218282 2.5648160572571195 3.7197071171279168 0.37901977950423305 0.14856601943483838 0.90585717660826492 1.5977365736296385 0.86178759142376282 13.677934902181979 11542.672353278353 1.4207321623078524 0.015093926172118593 0.00100658041755351 174.08385492178311 7.4128360954152557 3.9923939386945024 14.377134387895918 4.4253628475465829 0.92173067155077326 17.78831705773564 0.043328107346593536 0.43795518496428121 2.9016591616756315 13.748485778949668 0.066639209945703826 1.8282661883729066 0.89823495592069846 42.40930893893735 11.490003145761696
leaf_count=24668 3317694 2663 572 80 37 58 52 667 42 1390 2940452 14744 3884 224 67023 1926 38234 1457271 6465 423 1767 49 401 259 9016 72 3116 587 27246 8357
internal_value=-0.00494978 -0.252442 -0.384826 -0.54054 -3.03732 -13.7174 -1.81917 -0.251904 -1.10422 -0.202131 -0.00100649 -0.0277688 -0.0982658 -5.04882 -0.00700399 -0.174992 -0.0982942 -0.115615 -0.233112 -0.25056 0.00241194 0.00699811 0.0678147 0.161035 -0.018913 0.645242 -0.096987 -0.100546 -0.160083 -0.286206
internal_weight=12005 188.275 69.4923 49.7294 5.15315 0.527586 4.62556 44.5763 2.45952 42.1167 11816.7 274.008 62.3451 0.0161005 211.662 118.783 19.7903 18.3695 24.2499 19.8246 191.872 19.7629 5.90443 3.33961 13.8585 0.109967 62.329 60.5007 94.5331 12.4117
internal_count=7929439 84443 15358 4989 227 95 132 4762 709 4053 7844996 4904544 3325505 4108 1579039 69085 1510249 1495505 17171 10706 68790 10369 1232 660 9137 121 3321397 3318281 51914 8780
is_linear=0
shrinkage=0.08


Tree=149
num_leaves=31
num_cat=0
split_feature=12 5 10 12 13 8 5 11 5 8 5 7 3 7 9 11 12 4 5 9 3 11 8 11 4 8 0 7 9 2
split_gain=911.431 96.5983 34.6051 20.5078 45.4014 23.0266 14.4225 14.1201 13.9839 12.9176 15.4953 9.70099 7.94569 7.46259 7.18952 6.15701 5.47491 5.05197 33.0709 26.2658 11.3426 11.2197 22.7934 19.3678 9.58598 29.2961 18.0174 10.9346 24.2625 8.01419
threshold=0.33395291201982658 0.62622549019607854 0.53302180685358269 0.51442441054091548 0.037889831257178201 0.67507961783439507 0.54653679653679665 0.85416666666666685 0.063508064516129045 0.89492086860507924 0.5913729128014843 0.39721169726998939 0.20344827586206896 0.39246421388856034 0.28043081832687494 0.47222222222222227 0.32274865591397855 0.90000000000000013 0.11882352941176472 0.58592292350254149 0.87609649122807032 0.73214285714285732 0.99779735682819404 0.69047619047619058 0.70833333333333337 0.86162029459901812 0.91106719367588951 0.45620705756787411 0.54845515176262427 0.83484848484848506
decision_type=2 2 2 2 2 2 2 2 2 2 2 2 2 2 2 2 2 2 2 2 2 2 2 2 2 2 2 2 2 2
left_child=1 2 12 4 5 11 -4 -6 -7 10 -8 13 -1 -2 -13 -14 -17 24 21 20 -20 23 -23 -19 27 -26 -27 28 -5 -21
right_child=3 -3 6 17 7 8 9 -9 -10 -11 -12 14 15 -15 -16 16 -18 18 19 29 -22 22 -24 -25 25 26 -28 -29 -30 -31
leaf_value=-0.94457371936174361 -0.040696299585883187 -0.00076881563445969166 -0.094280271815291694 -0.017691712420777713 -0.094279514330212935 1.2057005329846915 -0.18413161080612969 0.019909330421882927 0.0042940838937336814 -0.31589669120177655 -0.26597490508775123 -0.26454644023909935 -0.14597189543405631 0.28764613834729086 -0.10249049137555134 -0.22345446117902479 -0.15680391374500591 0.00042860475763498255 0.34410227253041981 0.096709153198582157 0.010247126887024935 0.0030275116382079514 0.047391352221397391 -0.18980031490842081 0.10241856182899425 -0.053345893513885398 0.061070377230785254 -0.00017256158330294325 1.9843733822513168 0.21478368598590059
leaf_weight=0.082114398548425949 1.6208981095383705 20.03265757897455 4.8640590219272175 246.04332992262437 57.057866145013733 0.062026737890447659 32.058368804452932 7.8887881297597593 177.20233601498572 11.1087011997675 27.509625477824727 2.1663506604316547 83.765613685323075 0.60963180482152202 9.1617476088729166 14.553233544730292 17.221569019212367 4686.5429636969193 0.66170720611989864 25.248727537582457 41.390141349726036 287.86332413397759 99.82153299410129 3.4278763411566606 10.215616215496992 79.164883282734081 9.9111777420039271 6037.0100017909072 0.03874600869846645 4.306469871531589
leaf_count=1236 163429 44554 8475 317427 3451523 102 508 321289 59961 148 425 2265 20169 28456 802237 4904 4262 753295 57 496 6982 7603 17963 24 1989 1126 178 1910650 142 143
internal_value=-0.00318039 -0.167903 -0.185417 -0.000229047 -0.0226349 -0.00297129 -0.227528 -0.0804095 0.00471447 -0.236698 -0.221928 -0.103454 -0.157905 0.0490438 -0.133482 -0.157346 -0.187331 0.00026791 0.00213211 0.0561197 0.0155005 0.00137076 0.0144504 0.000289567 -0.00123612 -0.0258992 -0.0406152 -0.000846366 -0.0173765 0.113914
internal_weight=11998.6 211.196 191.163 11787.4 255.77 190.823 75.5408 64.9467 177.264 70.6767 59.568 13.5586 115.623 2.23053 11.3281 115.54 31.7748 11531.6 5149.26 71.607 42.0518 5077.66 387.685 4689.97 6382.38 99.2917 89.0761 6283.09 246.082 29.5552
internal_count=7932018 84681 40127 7847337 4829262 1056450 9556 3772812 60063 1081 933 996387 30571 191885 804502 29335 9166 3018075 786563 7678 7039 778885 25566 753319 2231512 3293 1304 2228219 317569 639
is_linear=0
shrinkage=0.08


end of trees

feature_importances:
addr_set_ratio=816
num_jaccard=483
addr_partial=390
addr_sort_ratio=376
max_sim=373
len_diff=349
addr_ratio=344
name_partial=313
prod_sim=275
name_ratio=190
tok_jaccard=177
name_set_ratio=136
name_sort_ratio=116
is_s2=116
addr_missing=46

parameters:
[boosting: gbdt]
[objective: binary]
[metric: binary_logloss]
[tree_learner: serial]
[device_type: cpu]
[data_sample_strategy: bagging]
[data: ]
[valid: ]
[num_iterations: 150]
[learning_rate: 0.08]
[num_leaves: 31]
[num_threads: -1]
[seed: 0]
[deterministic: 0]
[force_col_wise: 0]
[force_row_wise: 0]
[histogram_pool_size: -1]
[max_depth: 6]
[min_data_in_leaf: 20]
[min_sum_hessian_in_leaf: 0.001]
[bagging_fraction: 0.8]
[pos_bagging_fraction: 1]
[neg_bagging_fraction: 1]
[bagging_freq: 1]
[bagging_seed: 3]
[bagging_by_query: 0]
[feature_fraction: 0.9]
[feature_fraction_bynode: 1]
[feature_fraction_seed: 2]
[extra_trees: 0]
[extra_seed: 6]
[early_stopping_round: 0]
[early_stopping_min_delta: 0]
[first_metric_only: 0]
[max_delta_step: 0]
[lambda_l1: 0]
[lambda_l2: 0]
[linear_lambda: 0]
[min_gain_to_split: 0]
[drop_rate: 0.1]
[max_drop: 50]
[skip_drop: 0.5]
[xgboost_dart_mode: 0]
[uniform_drop: 0]
[drop_seed: 4]
[top_rate: 0.2]
[other_rate: 0.1]
[min_data_per_group: 100]
[max_cat_threshold: 32]
[cat_l2: 10]
[cat_smooth: 10]
[max_cat_to_onehot: 4]
[top_k: 20]
[monotone_constraints: ]
[monotone_constraints_method: basic]
[monotone_penalty: 0]
[feature_contri: ]
[forcedsplits_filename: ]
[refit_decay_rate: 0.9]
[cegb_tradeoff: 1]
[cegb_penalty_split: 0]
[cegb_penalty_feature_lazy: ]
[cegb_penalty_feature_coupled: ]
[path_smooth: 0]
[interaction_constraints: ]
[verbosity: -1]
[saved_feature_importance_type: 0]
[use_quantized_grad: 0]
[num_grad_quant_bins: 4]
[quant_train_renew_leaf: 0]
[stochastic_rounding: 1]
[linear_tree: 0]
[max_bin: 255]
[max_bin_by_feature: ]
[min_data_in_bin: 3]
[bin_construct_sample_cnt: 200000]
[data_random_seed: 1]
[is_enable_sparse: 1]
[enable_bundle: 1]
[use_missing: 1]
[zero_as_missing: 0]
[feature_pre_filter: 1]
[pre_partition: 0]
[two_round: 0]
[header: 0]
[label_column: ]
[weight_column: ]
[group_column: ]
[ignore_column: ]
[categorical_feature: ]
[forcedbins_filename: ]
[precise_float_parser: 0]
[parser_config_file: ]
[objective_seed: 5]
[num_class: 1]
[is_unbalance: 0]
[scale_pos_weight: 1]
[sigmoid: 1]
[boost_from_average: 1]
[reg_sqrt: 0]
[alpha: 0.9]
[fair_c: 1]
[poisson_max_delta_step: 0.7]
[tweedie_variance_power: 1.5]
[lambdarank_truncation_level: 30]
[lambdarank_norm: 1]
[label_gain: ]
[lambdarank_position_bias_regularization: 0]
[eval_at: ]
[multi_error_top_k: 1]
[auc_mu_weights: ]
[num_machines: 1]
[local_listen_port: 12400]
[time_out: 120]
[machine_list_filename: ]
[machines: ]
[gpu_platform_id: -1]
[gpu_device_id: -1]
[gpu_device_id_list: ]
[gpu_use_dp: 0]
[num_gpu: 1]

end of parameters

pandas_categorical:null
